complaint_id,complaint_date,product,channel,customer_segment,customer_age,tenure_years,products_held,disputed_amount,prior_complaints_12m,contacts_before_complaint,days_since_event,text_length_words,sentiment_score,complaint_excerpt,outcome,compensation_eur
CMP-000001,2025-01-01,Credit card,Phone,Retail,57.0,10.2,4.0,93.51,0.0,1.0,18.0,,,,Resolved at first contact,0.0
CMP-000002,2025-01-01,Mortgage,Mobile app,SME,30.0,1.1,2.0,,1.0,2.0,36.0,174.0,-0.52,"The interest rate applied to my mortgage does not match the offer I signed, and I have overpaid 3,574 euros. I am very disappointed with how this has been handled.",Resolved after investigation,783.79
CMP-000003,2025-01-01,Investments,Email,Affluent,49.0,8.8,5.0,1421.76,1.0,4.0,26.0,176.0,-0.69,"I asked to sell my fund units on the 5th; the order was executed days later at a loss of 1,422 euros. I have already called 4 times and nobody has called me back. This is unacceptable and I am furious.",Resolved after investigation,406.57
CMP-000004,2025-01-01,Mortgage,Phone,unknown,37.0,1.3,1.0,733.81,2.0,2.0,38.0,,,,Resolved after investigation,300.69
CMP-000005,2025-01-01,Mortgage,Web form,Retail,47.0,6.0,2.0,749.28,0.0,2.0,38.0,205.0,-0.35,An insurance premium of 749 euros was added to my mortgage instalment without my consent. I expect a refund and a clear explanation.,Resolved after investigation,0.0
CMP-000006,2025-01-01,Mortgage,Branch,Retail,31.0,3.5,3.0,168.69,1.0,1.0,34.0,,,,Resolved at first contact,0.0
CMP-000007,2025-01-01,Insurance,Web form,Retail,42.0,8.2,5.0,465.55,1.0,3.0,26.0,184.0,-0.68,My claim of 466 euros on the policy linked to my account was rejected without any explanation. This is my third attempt to get an answer from you. I demand an immediate refund and a written apology.,Resolved at first contact,0.0
CMP-000008,2025-01-01,Investments,Branch,Private,45.0,5.1,4.0,1665.84,1.0,2.0,32.0,,,,Resolved after investigation,329.68
CMP-000009,2025-01-01,Credit card,Email,SME,49.0,9.0,5.0,,2.0,4.0,33.0,225.0,-0.45,"My card was blocked while I was abroad and I had to pay 2,290 euros in cash with no explanation. I have already called 4 times and nobody has called me back. This is not the first time I have had to complain about this. This has caused me a lot of stress and wasted time.",Escalated to ombudsman,1575.01
CMP-000010,2025-01-02,Insurance,Mobile app,Retail,61.0,18.7,7.0,,0.0,3.0,27.0,278.0,-0.48,"The insurance policy was renewed and 4,399 euros charged although I had cancelled it in writing. After 3 contacts with the branch and the call centre, nothing has changed. I am very disappointed with how this has been handled.",Resolved after investigation,1704.01
CMP-000011,2025-01-02,Credit card,Branch,SME,67.0,11.8,5.0,296.91,0.0,2.0,20.0,,,,Resolved at first contact,0.0
CMP-000012,2025-01-02,Investments,Web form,Retail,18.0,0.0,1.0,483.52,2.0,2.0,25.0,169.0,0.14,"I asked to sell my fund units on the 7th; the order was executed days later at a loss of 484 euros. This is not the first time I have had to complain about this. I assume it is a mistake, but it needs to be resolved.",Resolved after investigation,98.52
CMP-000013,2025-01-02,Current account,Phone,Affluent,42.0,5.1,4.0,302.67,0.0,1.0,14.0,,,,Resolved after investigation,116.85
CMP-000014,2025-01-03,Investments,Phone,Retail,48.0,4.2,4.0,,2.0,4.0,33.0,201.0,-0.83,"My advisor moved my savings into a fund I never approved and the position is now 2,380 euros below what I invested. After 4 contacts with the branch and the call centre, nothing has changed. This is not the first time I have had to complain about this. I have never been treated so badly by a bank.",Escalated to ombudsman,1945.56
CMP-000015,2025-01-03,Personal loan,Branch,Affluent,66.0,12.8,5.0,370.96,1.0,3.0,26.0,,,,Resolved at first contact,0.0
CMP-000016,2025-01-03,Current account,Phone,Retail,42.0,8.5,3.0,296.83,1.0,3.0,38.0,,,,Resolved after investigation,138.27
CMP-000017,2025-01-03,Current account,Web form,Retail,41.0,13.8,6.0,929.75,1.0,2.0,25.0,193.0,-0.53,A transfer of 930 euros I sent on the 8th never reached the beneficiary and nobody can tell me where it is. This has caused me a lot of stress and wasted time.,Resolved after investigation,0.0
CMP-000018,2025-01-03,Insurance,Email,Affluent,43.0,19.1,8.0,102.8,0.0,1.0,3.0,142.0,0.03,The insurance policy was renewed and 103 euros charged although I had cancelled it in writing. I would like this to be checked and corrected.,Resolved at first contact,0.0
CMP-000019,2025-01-03,Credit card,Social media,Retail,18.0,0.0,1.0,257.04,2.0,2.0,12.0,176.0,-0.46,There is a transaction of 257 euros on my card statement that I never made. This is not the first time I have had to complain about this. I am very disappointed with how this has been handled.,Resolved at first contact,0.0
CMP-000020,2025-01-03,Mortgage,Social media,Retail,42.0,5.6,2.0,,1.0,1.0,37.0,224.0,-0.13,My request to renegotiate the mortgage has been pending for weeks and the delay has cost me 705 euros. I would like this to be checked and corrected.,Resolved after investigation,170.04
CMP-000021,2025-01-03,Current account,Branch,Affluent,42.0,5.7,4.0,778.98,1.0,2.0,31.0,195.0,-0.68,A transfer of 779 euros I sent on the 7th never reached the beneficiary and nobody can tell me where it is. I demand an immediate refund and a written apology.,Resolved after investigation,150.9
CMP-000022,2025-01-03,Credit card,Email,Retail,42.0,10.0,4.0,80.07,1.0,3.0,9.0,52.0,0.35,My card was charged twice for the same purchase of 80 euros. This is my third attempt to get an answer from you. Your staff have been helpful so far; I just need this last point solved.,Resolved at first contact,0.0
CMP-000023,2025-01-04,Investments,Phone,Retail,45.0,9.8,5.0,951.13,1.0,2.0,32.0,,,,Resolved after investigation,0.0
CMP-000024,2025-01-04,Current account,Phone,Retail,43.0,5.8,3.0,188.09,1.0,3.0,28.0,140.0,-0.33,A transfer of 188 euros I sent on the 19th never reached the beneficiary and nobody can tell me where it is. I have already called 3 times and nobody has called me back. I am very disappointed with how this has been handled.,Resolved after investigation,71.18
CMP-000025,2025-01-05,Insurance,Branch,Affluent,53.0,7.1,4.0,251.0,2.0,3.0,21.0,,,,Resolved after investigation,31.99
CMP-000026,2025-01-06,Current account,Phone,Affluent,59.0,20.3,8.0,665.08,2.0,4.0,32.0,212.0,-0.79,"An unauthorised direct debit of 665 euros was taken from my current account on the 15th. After 4 contacts with the branch and the call centre, nothing has changed. This is not the first time I have had to complain about this. I have never been treated so badly by a bank.",Resolved after investigation,106.66
CMP-000027,2025-01-06,Current account,Phone,Private,39.0,13.1,7.0,2889.46,1.0,1.0,38.0,237.0,-0.54,"I was charged 2,889 euros in fees that were never mentioned when I opened the account. I expect a refund and a clear explanation.",Resolved after investigation,1149.84
CMP-000028,2025-01-06,Credit card,Email,Retail,55.0,7.8,3.0,193.99,1.0,2.0,13.0,122.0,0.03,There is a transaction of 194 euros on my card statement that I never made. Please let me know what happened and how it will be fixed.,Resolved after investigation,24.01
CMP-000029,2025-01-06,Current account,Social media,Private,53.0,10.4,7.0,3172.98,2.0,1.0,44.0,167.0,-0.38,"An unauthorised direct debit of 3,173 euros was taken from my current account on the 14th. This is not the first time I have had to complain about this. I expect a refund and a clear explanation.",Resolved after investigation,1543.69
CMP-000030,2025-01-06,Credit card,Email,unknown,47.0,8.3,5.0,1471.77,1.0,3.0,31.0,215.0,-0.53,"My card was charged twice for the same purchase of 1,472 euros. After 3 contacts with the branch and the call centre, nothing has changed. I expect a refund and a clear explanation.",Resolved at first contact,0.0
CMP-000031,2025-01-06,Mortgage,Mobile app,Retail,46.0,0.1,1.0,616.46,0.0,1.0,43.0,134.0,-0.22,"The interest rate applied to my mortgage does not match the offer I signed, and I have overpaid 616 euros. I am very disappointed with how this has been handled.",Resolved at first contact,0.0
CMP-000032,2025-01-06,Mortgage,Branch,Retail,45.0,3.1,3.0,494.77,2.0,3.0,41.0,,,,Resolved after investigation,118.62
CMP-000033,2025-01-06,Investments,Email,Retail,29.0,0.1,2.0,507.36,1.0,3.0,46.0,111.0,-0.55,I asked to sell my fund units on the 19th; the order was executed days later at a loss of 507 euros. This is my third attempt to get an answer from you. The problem dates back more than a month and is still open. I am very disappointed with how this has been handled.,Resolved at first contact,0.0
CMP-000034,2025-01-06,Credit card,Email,Retail,48.0,15.2,5.0,442.77,0.0,1.0,12.0,135.0,0.09,My card was blocked while I was abroad and I had to pay 443 euros in cash with no explanation. I would like this to be checked and corrected.,Resolved at first contact,0.0
CMP-000035,2025-01-06,Personal loan,Branch,Retail,53.0,7.6,5.0,424.67,0.0,2.0,13.0,,,,Resolved at first contact,0.0
CMP-000036,2025-01-06,Credit card,Email,Retail,,19.9,6.0,293.35,1.0,4.0,24.0,147.0,-0.31,My card was blocked while I was abroad and I had to pay 293 euros in cash with no explanation. This is my fourth attempt to get an answer from you. I expect a refund and a clear explanation.,Resolved after investigation,0.0
CMP-000037,2025-01-06,Mortgage,Email,Affluent,75.0,21.0,8.0,200.51,0.0,0.0,42.0,186.0,0.03,"The interest rate applied to my mortgage does not match the offer I signed, and I have overpaid 201 euros. I would like this to be checked and corrected.",Resolved after investigation,0.0
CMP-000038,2025-01-06,Investments,Email,Retail,55.0,21.0,7.0,6429.27,1.0,4.0,37.0,175.0,-0.61,"I asked to sell my fund units on the 26th; the order was executed days later at a loss of 6,429 euros. After 4 contacts with the branch and the call centre, nothing has changed. This is unacceptable and I am furious.",Resolved after investigation,2373.75
CMP-000039,2025-01-06,Personal loan,Mobile app,Retail,25.0,0.1,1.0,647.58,1.0,3.0,20.0,129.0,-0.11,"My loan application was rejected after 6 days and the 648 euros I paid for the appraisal were not refunded. After 3 contacts with the branch and the call centre, nothing has changed. Please let me know what happened and how it will be fixed.",Resolved after investigation,186.32
CMP-000040,2025-01-06,Personal loan,Mobile app,Retail,48.0,11.3,4.0,337.21,0.0,0.0,25.0,170.0,-0.42,My loan application was rejected after 5 days and the 337 euros I paid for the appraisal were not refunded. This has caused me a lot of stress and wasted time.,Resolved at first contact,0.0
CMP-000041,2025-01-07,Personal loan,Email,Affluent,51.0,7.9,5.0,811.01,1.0,1.0,10.0,112.0,-0.08,My loan application was rejected after 15 days and the 811 euros I paid for the appraisal were not refunded. I would like this to be checked and corrected.,Resolved at first contact,0.0
CMP-000042,2025-01-07,Credit card,Phone,Affluent,46.0,13.3,5.0,163.54,1.0,3.0,22.0,159.0,0.13,"My card was blocked while I was abroad and I had to pay 164 euros in cash with no explanation. After 3 contacts with the branch and the call centre, nothing has changed. Please let me know what happened and how it will be fixed.",Resolved at first contact,0.0
CMP-000043,2025-01-07,Current account,Phone,Affluent,27.0,0.1,2.0,138.99,0.0,1.0,27.0,193.0,-0.18,A transfer of 139 euros I sent on the 11th never reached the beneficiary and nobody can tell me where it is. I would like this to be checked and corrected.,Resolved at first contact,0.0
CMP-000044,2025-01-07,Insurance,Mobile app,Affluent,49.0,9.4,5.0,260.01,1.0,4.0,24.0,184.0,-0.26,My claim of 260 euros on the policy linked to my account was rejected without any explanation. I have already called 4 times and nobody has called me back. This has caused me a lot of stress and wasted time.,Resolved after investigation,112.23
CMP-000045,2025-01-08,Investments,Phone,Retail,,7.6,2.0,2904.79,2.0,2.0,39.0,245.0,-0.14,"I asked to sell my fund units on the 11th; the order was executed days later at a loss of 2,905 euros. This is not the first time I have had to complain about this. I would like this to be checked and corrected.",Resolved after investigation,571.33
CMP-000046,2025-01-08,Insurance,Social media,Retail,40.0,9.0,4.0,571.45,1.0,2.0,22.0,222.0,-0.35,My claim of 571 euros on the policy linked to my account was rejected without any explanation. I expect a refund and a clear explanation.,Escalated to ombudsman,807.91
CMP-000047,2025-01-08,Mortgage,Social media,SME,38.0,6.9,3.0,,1.0,3.0,49.0,218.0,-0.32,"The interest rate applied to my mortgage does not match the offer I signed, and I have overpaid 3,410 euros. After 3 contacts with the branch and the call centre, nothing has changed. The problem dates back more than a month and is still open. I am very disappointed with how this has been handled.",Resolved after investigation,1355.95
CMP-000048,2025-01-08,Mortgage,Phone,Retail,51.0,6.5,3.0,1140.53,2.0,3.0,56.0,,,,Escalated to ombudsman,1084.32
CMP-000049,2025-01-08,Credit card,Mobile app,Affluent,50.0,4.3,4.0,,1.0,4.0,18.0,243.0,-0.56,"My card was charged twice for the same purchase of 1,690 euros. I have already called 4 times and nobody has called me back. This is unacceptable and I am furious.",Resolved after investigation,244.8
CMP-000050,2025-01-08,Mortgage,Phone,Retail,56.0,6.5,3.0,2604.68,1.0,3.0,37.0,212.0,-0.13,"The interest rate applied to my mortgage does not match the offer I signed, and I have overpaid 2,605 euros. I have already called 3 times and nobody has called me back. I assume it is a mistake, but it needs to be resolved.",Resolved after investigation,544.57
CMP-000051,2025-01-09,Credit card,Email,Retail,47.0,16.7,5.0,398.01,2.0,3.0,21.0,191.0,-0.55,My card was blocked while I was abroad and I had to pay 398 euros in cash with no explanation. I have already called 3 times and nobody has called me back. This is not the first time I have had to complain about this. I expect a refund and a clear explanation.,Resolved after investigation,46.62
CMP-000052,2025-01-09,Credit card,Phone,Retail,43.0,2.8,3.0,63.14,0.0,0.0,1.0,,,,Resolved at first contact,5.02
CMP-000053,2025-01-09,Credit card,Web form,Retail,34.0,1.8,1.0,200.25,2.0,4.0,22.0,117.0,-0.48,The cash-advance fee of 200 euros on my card is not the one stated in the terms. This is my fourth attempt to get an answer from you. This is not the first time I have had to complain about this. This has caused me a lot of stress and wasted time.,Resolved after investigation,75.07
CMP-000054,2025-01-09,Insurance,Branch,SME,64.0,18.3,6.0,487.85,2.0,2.0,29.0,182.0,-0.02,The insurance policy was renewed and 488 euros charged although I had cancelled it in writing. This is not the first time I have had to complain about this. I would like this to be checked and corrected.,Escalated to ombudsman,648.13
CMP-000055,2025-01-09,Mortgage,Mobile app,Retail,59.0,16.6,7.0,,1.0,2.0,29.0,183.0,-0.58,An insurance premium of 874 euros was added to my mortgage instalment without my consent. If this is not resolved within a week I will take it to the ombudsman.,Resolved at first contact,0.0
CMP-000056,2025-01-10,Investments,Mobile app,Retail,40.0,5.7,3.0,901.17,0.0,3.0,25.0,135.0,0.11,I asked to sell my fund units on the 7th; the order was executed days later at a loss of 901 euros. This is my third attempt to get an answer from you. Please let me know what happened and how it will be fixed.,Resolved at first contact,0.0
CMP-000057,2025-01-10,Credit card,Email,SME,,19.8,7.0,1120.18,1.0,3.0,16.0,144.0,-0.43,"The cash-advance fee of 1,120 euros on my card is not the one stated in the terms. I have already called 3 times and nobody has called me back. This has caused me a lot of stress and wasted time.",Resolved after investigation,281.3
CMP-000058,2025-01-10,Current account,Phone,Affluent,42.0,0.7,3.0,163.33,0.0,3.0,11.0,104.0,0.04,"I was charged 163 euros in fees that were never mentioned when I opened the account. After 3 contacts with the branch and the call centre, nothing has changed. Please let me know what happened and how it will be fixed.",Resolved at first contact,0.0
CMP-000059,2025-01-10,Current account,email,Retail,49.0,12.8,4.0,1165.97,1.0,2.0,50.0,253.0,-0.3,"My current account was blocked for three days without any notice, and a transfer of 1,166 euros bounced. The problem dates back more than a month and is still open. I am very disappointed with how this has been handled.",Resolved at first contact,0.0
CMP-000060,2025-01-10,Mortgage,Mobile app,Retail,18.0,0.0,1.0,176.94,0.0,1.0,30.0,46.0,-0.02,"An insurance premium of 177 euros was added to my mortgage instalment without my consent. I assume it is a mistake, but it needs to be resolved.",Resolved at first contact,0.0
CMP-000061,2025-01-10,Current account,Branch,Private,72.0,23.4,8.0,1186.4,1.0,3.0,25.0,,,,Resolved after investigation,543.42
CMP-000062,2025-01-10,Personal loan,Web form,Retail,42.0,5.9,3.0,853.83,0.0,1.0,29.0,192.0,-0.35,My loan application was rejected after 11 days and the 854 euros I paid for the appraisal were not refunded. I expect a refund and a clear explanation.,Resolved at first contact,0.0
CMP-000063,2025-01-10,Mortgage,Branch,Retail,65.0,14.6,5.0,727.88,1.0,2.0,17.0,120.0,0.17,An insurance premium of 728 euros was added to my mortgage instalment without my consent. Please let me know what happened and how it will be fixed.,Resolved after investigation,197.53
CMP-000064,2025-01-10,Credit card,Email,SME,53.0,3.1,2.0,1129.86,1.0,3.0,27.0,192.0,-0.32,"There is a transaction of 1,130 euros on my card statement that I never made. I have already called 3 times and nobody has called me back. I expect a refund and a clear explanation.",Resolved at first contact,0.0
CMP-000065,2025-01-10,Mortgage,Email,Private,57.0,11.6,6.0,,2.0,6.0,63.0,289.0,-0.68,"An insurance premium of 14,692 euros was added to my mortgage instalment without my consent. This is my sixth attempt to get an answer from you. This is not the first time I have had to complain about this. The problem dates back more than a month and is still open. I demand an immediate refund and a written apology.",Escalated to ombudsman,16572.63
CMP-000066,2025-01-10,Personal loan,Web form,SME,49.0,8.1,3.0,833.32,0.0,4.0,27.0,171.0,-0.36,My loan application was rejected after 25 days and the 833 euros I paid for the appraisal were not refunded. This is my fourth attempt to get an answer from you. I am very disappointed with how this has been handled.,Resolved at first contact,0.0
CMP-000067,2025-01-11,Credit card,Phone,Retail,38.0,7.8,3.0,122.49,0.0,3.0,17.0,152.0,-0.35,The cash-advance fee of 122 euros on my card is not the one stated in the terms. This is my third attempt to get an answer from you. I expect a refund and a clear explanation.,Resolved at first contact,0.0
CMP-000068,2025-01-12,Current account,Phone,Affluent,79.0,18.1,8.0,1484.4,1.0,3.0,29.0,,,,Resolved after investigation,543.6
CMP-000069,2025-01-12,Credit card,Phone,Retail,67.0,16.9,6.0,261.01,0.0,0.0,10.0,,,,Resolved at first contact,0.0
CMP-000070,2025-01-13,Mortgage,Phone,Retail,63.0,17.3,5.0,327.39,0.0,1.0,12.0,,,,Resolved at first contact,0.0
CMP-000071,2025-01-13,Personal loan,Email,Affluent,,10.9,5.0,,2.0,1.0,27.0,146.0,-0.38,"The instalment taken for my loan is 1,417 euros higher than the amount agreed in the contract. This is not the first time I have had to complain about this. I expect a refund and a clear explanation.",Resolved at first contact,0.0
CMP-000072,2025-01-13,Credit card,Branch,Retail,46.0,20.9,7.0,164.15,0.0,1.0,16.0,,,,Resolved at first contact,0.0
CMP-000073,2025-01-13,Current account,Mobile app,Retail,39.0,4.3,3.0,36.67,0.0,0.0,0.0,57.0,0.19,"My current account was blocked for three days without any notice, and a transfer of 37 euros bounced. Please let me know what happened and how it will be fixed.",Resolved at first contact,0.0
CMP-000074,2025-01-13,Current account,Email,Retail,78.0,17.7,6.0,1144.57,1.0,2.0,23.0,188.0,-0.27,"An unauthorised direct debit of 1,145 euros was taken from my current account on the 14th. This has caused me a lot of stress and wasted time.",Resolved after investigation,0.0
CMP-000075,2025-01-13,Current account,Email,Retail,54.0,8.5,4.0,1115.72,0.0,2.0,14.0,163.0,-0.06,"A transfer of 1,116 euros I sent on the 19th never reached the beneficiary and nobody can tell me where it is. I would like this to be checked and corrected.",Resolved at first contact,0.0
CMP-000076,2025-01-13,Current account,Email,Retail,40.0,8.4,3.0,841.5,1.0,4.0,25.0,240.0,-0.22,"I was charged 842 euros in fees that were never mentioned when I opened the account. After 4 contacts with the branch and the call centre, nothing has changed. This has caused me a lot of stress and wasted time.",Escalated to ombudsman,644.56
CMP-000077,2025-01-13,Current account,Phone,Retail,74.0,12.4,6.0,219.9,0.0,2.0,15.0,,,,Resolved at first contact,0.0
CMP-000078,2025-01-13,Credit card,Phone,Retail,54.0,14.4,5.0,145.51,0.0,1.0,17.0,,,,Resolved at first contact,0.0
CMP-000079,2025-01-13,Mortgage,Web form,Affluent,83.0,17.9,7.0,935.09,0.0,1.0,33.0,108.0,0.32,My request to renegotiate the mortgage has been pending for weeks and the delay has cost me 935 euros. Thank you in advance for looking into it.,Resolved at first contact,0.0
CMP-000080,2025-01-13,Insurance,Social media,Retail,19.0,0.8,1.0,227.56,2.0,1.0,41.0,127.0,-0.27,My claim of 228 euros on the policy linked to my account was rejected without any explanation. This is not the first time I have had to complain about this. I am very disappointed with how this has been handled.,Resolved after investigation,40.55
CMP-000081,2025-01-13,Insurance,Web form,Retail,40.0,6.6,3.0,599.82,1.0,3.0,24.0,237.0,-0.21,My claim of 600 euros on the policy linked to my account was rejected without any explanation. I have already called 3 times and nobody has called me back. I expect a refund and a clear explanation.,Resolved after investigation,175.74
CMP-000082,2025-01-13,Credit card,Phone,Retail,70.0,24.1,8.0,585.04,0.0,1.0,14.0,,,,Resolved at first contact,0.0
CMP-000083,2025-01-14,Investments,Web form,Retail,74.0,21.0,7.0,7072.68,1.0,3.0,35.0,167.0,-0.44,"My advisor moved my savings into a fund I never approved and the position is now 7,073 euros below what I invested. This is my third attempt to get an answer from you. This has caused me a lot of stress and wasted time.",Resolved after investigation,1677.34
CMP-000084,2025-01-14,Personal loan,Email,Retail,49.0,11.3,3.0,315.75,1.0,3.0,21.0,134.0,-0.41,"My loan application was rejected after 27 days and the 316 euros I paid for the appraisal were not refunded. After 3 contacts with the branch and the call centre, nothing has changed. I expect a refund and a clear explanation.",Resolved at first contact,0.0
CMP-000085,2025-01-14,Investments,Mobile app,Retail,28.0,6.4,3.0,2907.47,1.0,2.0,34.0,146.0,-0.37,"My advisor moved my savings into a fund I never approved and the position is now 2,907 euros below what I invested. This has caused me a lot of stress and wasted time.",Resolved after investigation,644.38
CMP-000086,2025-01-15,Credit card,Web form,Retail,34.0,5.4,3.0,128.07,0.0,1.0,26.0,161.0,-0.06,"The cash-advance fee of 128 euros on my card is not the one stated in the terms. I assume it is a mistake, but it needs to be resolved.",Resolved at first contact,0.0
CMP-000087,2025-01-15,Current account,Phone,Private,68.0,20.5,8.0,263.46,0.0,1.0,12.0,133.0,0.02,I was charged 263 euros in fees that were never mentioned when I opened the account. Please let me know what happened and how it will be fixed.,Resolved at first contact,0.0
CMP-000088,2025-01-15,Current account,Branch,Retail,40.0,4.8,3.0,250.71,1.0,2.0,16.0,,,,Resolved at first contact,0.0
CMP-000089,2025-01-15,Credit card,Phone,Retail,31.0,0.1,1.0,100.72,2.0,2.0,30.0,,,,Resolved at first contact,0.0
CMP-000090,2025-01-16,Mortgage,Phone,Retail,66.0,12.0,3.0,1621.78,1.0,3.0,36.0,,,,Resolved after investigation,335.3
CMP-000091,2025-01-16,Mortgage,Phone,Retail,44.0,7.9,4.0,401.58,1.0,2.0,60.0,,,,Resolved after investigation,54.86
CMP-000092,2025-01-16,Current account,Branch,Affluent,51.0,12.5,6.0,869.56,1.0,3.0,36.0,,,,Escalated to ombudsman,1152.16
CMP-000093,2025-01-16,Current account,Phone,Affluent,43.0,10.1,5.0,348.39,1.0,4.0,28.0,219.0,-0.38,An unauthorised direct debit of 348 euros was taken from my current account on the 25th. This is my fourth attempt to get an answer from you. This has caused me a lot of stress and wasted time.,Resolved after investigation,0.0
CMP-000094,2025-01-16,Investments,Phone,Affluent,66.0,11.6,5.0,1813.34,2.0,1.0,26.0,,,,Resolved after investigation,781.14
CMP-000095,2025-01-16,Credit card,Branch,Retail,41.0,3.9,1.0,265.49,1.0,2.0,28.0,,,,Resolved after investigation,95.91
CMP-000096,2025-01-16,Credit card,Email,Affluent,56.0,5.2,4.0,409.56,1.0,4.0,32.0,287.0,-0.37,My card was charged twice for the same purchase of 410 euros. I have already called 4 times and nobody has called me back. This has caused me a lot of stress and wasted time.,Resolved after investigation,70.75
CMP-000097,2025-01-17,Credit card,Phone,SME,59.0,11.6,4.0,2341.07,2.0,3.0,13.0,217.0,-0.39,"The cash-advance fee of 2,341 euros on my card is not the one stated in the terms. I have already called 3 times and nobody has called me back. This is not the first time I have had to complain about this. I am very disappointed with how this has been handled.",Resolved after investigation,0.0
CMP-000098,2025-01-17,Current account,Social media,Retail,59.0,10.8,4.0,58.32,1.0,1.0,7.0,143.0,-0.46,An unauthorised direct debit of 58 euros was taken from my current account on the 17th. This has caused me a lot of stress and wasted time.,Resolved after investigation,8.02
CMP-000099,2025-01-17,Personal loan,Web form,Retail,35.0,4.9,2.0,347.71,1.0,1.0,18.0,153.0,-0.32,The instalment taken for my loan is 348 euros higher than the amount agreed in the contract. I am very disappointed with how this has been handled.,Resolved at first contact,0.0
CMP-000100,2025-01-17,Credit card,Mobile app,Affluent,66.0,16.9,8.0,197.16,1.0,1.0,33.0,,,,Resolved at first contact,0.0
CMP-000101,2025-01-17,Investments,Web form,Affluent,50.0,3.8,2.0,3988.09,2.0,3.0,52.0,215.0,-0.82,"I asked to sell my fund units on the 24th; the order was executed days later at a loss of 3,988 euros. I have already called 3 times and nobody has called me back. This is not the first time I have had to complain about this. The problem dates back more than a month and is still open. If this is not resolved within a week I will take it to the ombudsman.",Escalated to ombudsman,2129.1
CMP-000102,2025-01-17,Credit card,Phone,Retail,52.0,11.1,3.0,677.27,2.0,3.0,42.0,,,,Resolved after investigation,309.55
CMP-000103,2025-01-18,Mortgage,Phone,Retail,50.0,9.9,5.0,560.77,1.0,1.0,45.0,,,,Escalated to ombudsman,848.79
CMP-000104,2025-01-18,Credit card,Phone,Affluent,18.0,0.0,3.0,219.31,1.0,1.0,28.0,86.0,-0.03,My card was charged twice for the same purchase of 219 euros. I would like this to be checked and corrected.,Resolved at first contact,0.0
CMP-000105,2025-01-19,Credit card,Email,SME,62.0,13.5,5.0,123.12,1.0,1.0,10.0,74.0,0.12,"My card was charged twice for the same purchase of 123 euros. I assume it is a mistake, but it needs to be resolved.",Resolved at first contact,0.0
CMP-000106,2025-01-19,Credit card,Mobile app,Affluent,54.0,6.9,4.0,868.83,1.0,2.0,13.0,174.0,-0.44,My card was charged twice for the same purchase of 869 euros. This has caused me a lot of stress and wasted time.,Resolved at first contact,0.0
CMP-000107,2025-01-20,Personal loan,Email,Retail,54.0,19.9,7.0,284.99,0.0,1.0,20.0,136.0,-0.0,The instalment taken for my loan is 285 euros higher than the amount agreed in the contract. Please let me know what happened and how it will be fixed.,Resolved at first contact,0.0
CMP-000108,2025-01-20,Current account,Branch,SME,57.0,18.1,8.0,967.19,1.0,3.0,22.0,252.0,-0.79,"My current account was blocked for three days without any notice, and a transfer of 967 euros bounced. I have already called 3 times and nobody has called me back. I have never been treated so badly by a bank.",Resolved after investigation,358.79
CMP-000109,2025-01-20,Personal loan,Social media,Retail,39.0,11.7,4.0,136.47,0.0,0.0,15.0,86.0,-0.21,My loan application was rejected after 16 days and the 136 euros I paid for the appraisal were not refunded. I expect a refund and a clear explanation.,Resolved after investigation,30.68
CMP-000110,2025-01-20,Mortgage,Branch,Affluent,35.0,4.0,4.0,,1.0,3.0,38.0,192.0,-0.66,"An insurance premium of 997 euros was added to my mortgage instalment without my consent. After 3 contacts with the branch and the call centre, nothing has changed. I have never been treated so badly by a bank.",Resolved at first contact,0.0
CMP-000111,2025-01-20,Credit card,Mobile app,Retail,52.0,19.2,6.0,140.2,1.0,2.0,22.0,203.0,-0.11,There is a transaction of 140 euros on my card statement that I never made. I would like this to be checked and corrected.,Resolved at first contact,0.0
CMP-000112,2025-01-20,Current account,Web form,Retail,33.0,5.3,3.0,145.46,3.0,3.0,45.0,225.0,-0.7,"My current account was blocked for three days without any notice, and a transfer of 145 euros bounced. I have already called 3 times and nobody has called me back. This is not the first time I have had to complain about this. If this is not resolved within a week I will take it to the ombudsman.",Resolved after investigation,56.08
CMP-000113,2025-01-20,Credit card,Web form,Affluent,32.0,0.1,1.0,291.28,1.0,2.0,16.0,196.0,-0.15,The cash-advance fee of 291 euros on my card is not the one stated in the terms. I would like this to be checked and corrected.,Resolved at first contact,13.66
CMP-000114,2025-01-20,Personal loan,Branch,Affluent,64.0,24.9,8.0,1502.47,2.0,4.0,19.0,184.0,-0.58,"My loan application was rejected after 9 days and the 1,502 euros I paid for the appraisal were not refunded. After 4 contacts with the branch and the call centre, nothing has changed. This is not the first time I have had to complain about this. I demand an immediate refund and a written apology.",Resolved after investigation,632.37
CMP-000115,2025-01-20,Insurance,Branch,Affluent,65.0,10.3,4.0,1491.47,1.0,4.0,35.0,,,,Resolved after investigation,741.3
CMP-000116,2025-01-20,Credit card,Mobile app,Affluent,46.0,9.3,6.0,661.33,1.0,3.0,27.0,150.0,-0.21,The cash-advance fee of 661 euros on my card is not the one stated in the terms. This is my third attempt to get an answer from you. I expect a refund and a clear explanation.,Resolved after investigation,122.8
CMP-000117,2025-01-20,Current account,Email,Retail,44.0,1.9,2.0,227.4,2.0,4.0,18.0,255.0,-0.77,A transfer of 227 euros I sent on the 12th never reached the beneficiary and nobody can tell me where it is. I have already called 4 times and nobody has called me back. This is not the first time I have had to complain about this. This is unacceptable and I am furious.,Resolved after investigation,52.64
CMP-000118,2025-01-20,Current account,Phone,Retail,40.0,15.4,6.0,581.3,3.0,3.0,42.0,,,,Resolved after investigation,88.73
CMP-000119,2025-01-21,Current account,Email,Retail,60.0,16.5,6.0,3063.7,3.0,4.0,32.0,243.0,-0.64,"My current account was blocked for three days without any notice, and a transfer of 3,064 euros bounced. This is my fourth attempt to get an answer from you. This is not the first time I have had to complain about this. I have never been treated so badly by a bank.",Escalated to ombudsman,1941.77
CMP-000120,2025-01-21,Current account,Mobile app,Retail,33.0,1.4,1.0,69.88,0.0,1.0,18.0,132.0,-0.04,"My current account was blocked for three days without any notice, and a transfer of 70 euros bounced. Please let me know what happened and how it will be fixed.",Resolved at first contact,0.0
CMP-000121,2025-01-21,Personal loan,Email,Retail,42.0,13.4,6.0,291.34,0.0,2.0,21.0,161.0,0.18,The instalment taken for my loan is 291 euros higher than the amount agreed in the contract. Please let me know what happened and how it will be fixed.,Resolved at first contact,0.0
CMP-000122,2025-01-21,Mortgage,Branch,Affluent,62.0,14.0,7.0,568.47,0.0,0.0,17.0,,,,Resolved at first contact,0.0
CMP-000123,2025-01-21,Current account,Phone,Affluent,73.0,20.3,8.0,846.39,1.0,3.0,32.0,,,,Resolved after investigation,413.07
CMP-000124,2025-01-22,Personal loan,Web form,Retail,45.0,21.0,8.0,114.72,0.0,2.0,11.0,148.0,-0.21,"I asked to repay my loan early and the fee applied, 115 euros, is far above what the contract says. I expect a refund and a clear explanation.",Resolved at first contact,0.0
CMP-000125,2025-01-22,Credit card,Mobile app,unknown,58.0,4.9,3.0,16810.35,1.0,5.0,47.0,267.0,-1.0,"My card was charged twice for the same purchase of 16,810 euros. After 5 contacts with the branch and the call centre, nothing has changed. The problem dates back more than a month and is still open. I have never been treated so badly by a bank.",Escalated to ombudsman,5343.77
CMP-000126,2025-01-22,Current account,Phone,Affluent,51.0,16.2,7.0,454.42,3.0,4.0,30.0,189.0,-0.47,An unauthorised direct debit of 454 euros was taken from my current account on the 18th. This is my fourth attempt to get an answer from you. This is not the first time I have had to complain about this. I expect a refund and a clear explanation.,Resolved after investigation,159.18
CMP-000127,2025-01-22,Investments,Email,Retail,42.0,18.1,7.0,530.24,0.0,2.0,32.0,160.0,-0.23,The costs of the investment product were never explained to me and I have paid 530 euros in charges. I am very disappointed with how this has been handled.,Resolved at first contact,0.0
CMP-000128,2025-01-22,Current account,Web form,Retail,42.0,13.7,4.0,152.62,0.0,1.0,18.0,98.0,-0.42,An unauthorised direct debit of 153 euros was taken from my current account on the 15th. This has caused me a lot of stress and wasted time.,Resolved at first contact,0.0
CMP-000129,2025-01-23,Current account,Email,Affluent,61.0,21.4,7.0,141.08,1.0,1.0,13.0,159.0,0.46,"I was charged 141 euros in fees that were never mentioned when I opened the account. I have always been happy with the bank, so I am sure this can be sorted out quickly.",Resolved at first contact,0.0
CMP-000130,2025-01-23,Mortgage,Phone,Retail,51.0,9.7,4.0,991.74,1.0,3.0,32.0,,,,Resolved at first contact,0.0
CMP-000131,2025-01-23,Credit card,Branch,Retail,56.0,22.3,7.0,314.95,1.0,3.0,24.0,155.0,-0.34,My card was charged twice for the same purchase of 315 euros. I have already called 3 times and nobody has called me back. This has caused me a lot of stress and wasted time.,Resolved at first contact,0.0
CMP-000132,2025-01-23,Credit card,Phone,Retail,30.0,1.9,1.0,112.69,1.0,2.0,22.0,154.0,-0.2,There is a transaction of 113 euros on my card statement that I never made. Please let me know what happened and how it will be fixed.,Resolved at first contact,0.0
CMP-000133,2025-01-23,Mortgage,Email,Retail,50.0,5.4,2.0,1430.73,0.0,2.0,34.0,209.0,-0.48,"The interest rate applied to my mortgage does not match the offer I signed, and I have overpaid 1,431 euros. This has caused me a lot of stress and wasted time.",Resolved after investigation,591.85
CMP-000134,2025-01-24,Credit card,Phone,Retail,34.0,0.1,3.0,158.97,1.0,2.0,0.0,,,,Resolved at first contact,0.0
CMP-000135,2025-01-24,Mortgage,Email,Retail,51.0,10.3,4.0,253.26,0.0,1.0,24.0,103.0,0.08,An insurance premium of 253 euros was added to my mortgage instalment without my consent. Please let me know what happened and how it will be fixed.,Resolved at first contact,0.0
CMP-000136,2025-01-24,Mortgage,Phone,Retail,49.0,6.8,3.0,3939.29,1.0,4.0,57.0,,,,Resolved after investigation,519.84
CMP-000137,2025-01-24,Current account,Phone,Retail,18.0,0.0,2.0,110.93,1.0,3.0,19.0,,,,Resolved at first contact,0.0
CMP-000138,2025-01-24,Current account,Phone,Affluent,61.0,10.2,5.0,254.76,0.0,4.0,26.0,,,,Resolved after investigation,121.96
CMP-000139,2025-01-24,Mortgage,Web form,Retail,48.0,8.5,3.0,,1.0,4.0,44.0,221.0,0.0,"An insurance premium of 3,938 euros was added to my mortgage instalment without my consent. This is my fourth attempt to get an answer from you. Please let me know what happened and how it will be fixed.",Resolved at first contact,0.0
CMP-000140,2025-01-24,Current account,Web form,Retail,56.0,10.4,4.0,57.89,1.0,3.0,21.0,202.0,-0.49,An unauthorised direct debit of 58 euros was taken from my current account on the 25th. This is my third attempt to get an answer from you. I expect a refund and a clear explanation.,Resolved at first contact,0.0
CMP-000141,2025-01-24,Credit card,Web form,Retail,42.0,5.8,2.0,1240.35,2.0,6.0,43.0,217.0,-0.43,"My card was charged twice for the same purchase of 1,240 euros. I have already called 6 times and nobody has called me back. This is not the first time I have had to complain about this. I expect a refund and a clear explanation.",Escalated to ombudsman,822.32
CMP-000142,2025-01-24,Personal loan,Web form,Retail,43.0,13.7,6.0,123.41,0.0,1.0,20.0,122.0,-0.09,"I asked to repay my loan early and the fee applied, 123 euros, is far above what the contract says. Please let me know what happened and how it will be fixed.",Resolved at first contact,0.0
CMP-000143,2025-01-24,Personal loan,Phone,Affluent,55.0,11.7,6.0,2145.87,0.0,2.0,26.0,,,,Resolved after investigation,876.49
CMP-000144,2025-01-25,Current account,Mobile app,Retail,23.0,0.1,1.0,15.48,0.0,0.0,9.0,55.0,0.09,An unauthorised direct debit of 15 euros was taken from my current account on the 7th. Please let me know what happened and how it will be fixed.,Resolved at first contact,0.0
CMP-000145,2025-01-27,Current account,Mobile app,Retail,34.0,0.1,1.0,442.39,1.0,2.0,28.0,224.0,-0.67,I was charged 442 euros in fees that were never mentioned when I opened the account. This is unacceptable and I am furious.,Resolved after investigation,212.57
CMP-000146,2025-01-27,Credit card,Branch,Retail,41.0,12.5,5.0,364.95,0.0,2.0,11.0,,,,Resolved at first contact,0.0
CMP-000147,2025-01-27,Personal loan,Email,Retail,44.0,16.6,5.0,595.75,1.0,2.0,42.0,186.0,0.02,The instalment taken for my loan is 596 euros higher than the amount agreed in the contract. Please let me know what happened and how it will be fixed.,Resolved at first contact,39.81
CMP-000148,2025-01-27,Credit card,Mobile app,Affluent,59.0,3.6,3.0,323.36,2.0,4.0,38.0,198.0,-0.38,"My card was charged twice for the same purchase of 323 euros. After 4 contacts with the branch and the call centre, nothing has changed. This is not the first time I have had to complain about this. I expect a refund and a clear explanation.",Resolved at first contact,18.84
CMP-000149,2025-01-27,Insurance,Branch,Retail,32.0,1.2,1.0,124.72,1.0,0.0,18.0,,,,Resolved at first contact,0.0
CMP-000150,2025-01-27,Current account,Phone,Retail,40.0,14.2,5.0,539.98,0.0,2.0,21.0,142.0,-0.11,"My current account was blocked for three days without any notice, and a transfer of 540 euros bounced. I assume it is a mistake, but it needs to be resolved.",Resolved at first contact,0.0
CMP-000151,2025-01-27,Insurance,Web form,Retail,33.0,0.1,2.0,,1.0,4.0,29.0,216.0,-0.57,The insurance policy was renewed and 355 euros charged although I had cancelled it in writing. I have already called 4 times and nobody has called me back. I demand an immediate refund and a written apology.,Resolved after investigation,93.29
CMP-000152,2025-01-27,Current account,Phone,Retail,55.0,6.8,3.0,,3.0,4.0,32.0,,,,Resolved after investigation,1729.11
CMP-000153,2025-01-27,Credit card,Phone,Private,60.0,14.0,8.0,1944.78,2.0,5.0,30.0,,,,Escalated to ombudsman,2503.16
CMP-000154,2025-01-27,Credit card,Phone,Retail,70.0,17.0,6.0,677.96,2.0,3.0,30.0,225.0,-0.78,The cash-advance fee of 678 euros on my card is not the one stated in the terms. I have already called 3 times and nobody has called me back. This is not the first time I have had to complain about this. If this is not resolved within a week I will take it to the ombudsman.,Escalated to ombudsman,878.91
CMP-000155,2025-01-27,Mortgage,Email,Retail,51.0,17.0,6.0,219.41,0.0,1.0,31.0,144.0,-0.08,An insurance premium of 219 euros was added to my mortgage instalment without my consent. Please let me know what happened and how it will be fixed.,Resolved at first contact,0.0
CMP-000156,2025-01-27,Investments,Mobile app,Affluent,66.0,17.5,7.0,,3.0,5.0,25.0,186.0,-0.43,"The costs of the investment product were never explained to me and I have paid 3,613 euros in charges. After 5 contacts with the branch and the call centre, nothing has changed. This is not the first time I have had to complain about this. I am very disappointed with how this has been handled.",Resolved after investigation,1281.7
CMP-000157,2025-01-28,Credit card,Phone,SME,58.0,16.7,6.0,197.42,0.0,3.0,22.0,174.0,0.19,"The cash-advance fee of 197 euros on my card is not the one stated in the terms. This is my third attempt to get an answer from you. I assume it is a mistake, but it needs to be resolved.",Resolved at first contact,0.0
CMP-000158,2025-01-28,Current account,Email,Retail,51.0,14.7,5.0,1301.66,2.0,7.0,33.0,,,,Resolved after investigation,186.76
CMP-000159,2025-01-28,Credit card,Phone,Retail,42.0,0.1,1.0,625.14,1.0,5.0,31.0,203.0,-0.32,"The cash-advance fee of 625 euros on my card is not the one stated in the terms. After 5 contacts with the branch and the call centre, nothing has changed. I am very disappointed with how this has been handled.",Resolved after investigation,154.45
CMP-000160,2025-01-28,Insurance,Phone,Affluent,43.0,15.9,7.0,737.56,1.0,3.0,24.0,125.0,-0.16,"The insurance policy was renewed and 738 euros charged although I had cancelled it in writing. After 3 contacts with the branch and the call centre, nothing has changed. I would like this to be checked and corrected.",Resolved after investigation,96.79
CMP-000161,2025-01-28,Current account,Web form,Retail,34.0,9.5,5.0,203.77,0.0,3.0,24.0,209.0,-0.22,"A transfer of 204 euros I sent on the 9th never reached the beneficiary and nobody can tell me where it is. After 3 contacts with the branch and the call centre, nothing has changed. I expect a refund and a clear explanation.",Resolved after investigation,97.4
CMP-000162,2025-01-29,Current account,Mobile app,Affluent,33.0,1.9,3.0,339.4,1.0,4.0,35.0,245.0,-0.4,A transfer of 339 euros I sent on the 19th never reached the beneficiary and nobody can tell me where it is. I have already called 4 times and nobody has called me back. This has caused me a lot of stress and wasted time.,Resolved at first contact,0.0
CMP-000163,2025-01-29,Insurance,Web form,Retail,44.0,13.8,6.0,74359.0,1.0,3.0,39.0,170.0,-0.27,"My claim of 744 euros on the policy linked to my account was rejected without any explanation. After 3 contacts with the branch and the call centre, nothing has changed. I expect a refund and a clear explanation.",Resolved after investigation,142.28
CMP-000164,2025-01-29,Current account,Mobile app,Retail,25.0,0.1,2.0,3346.16,3.0,6.0,35.0,288.0,-0.77,"I was charged 3,346 euros in fees that were never mentioned when I opened the account. This is my sixth attempt to get an answer from you. This is not the first time I have had to complain about this. I have never been treated so badly by a bank.",Escalated to ombudsman,4092.22
CMP-000165,2025-01-30,Credit card,Web form,Retail,57.0,4.3,1.0,103.56,1.0,4.0,7.0,160.0,-0.1,"My card was charged twice for the same purchase of 104 euros. I have already called 4 times and nobody has called me back. I assume it is a mistake, but it needs to be resolved.",Resolved at first contact,0.0
CMP-000166,2025-01-30,Current account,Branch,Affluent,79.0,18.4,8.0,249.07,1.0,3.0,31.0,173.0,-0.33,"My current account was blocked for three days without any notice, and a transfer of 249 euros bounced. After 3 contacts with the branch and the call centre, nothing has changed. I expect a refund and a clear explanation.",Resolved after investigation,35.95
CMP-000167,2025-01-30,Credit card,Phone,Retail,29.0,0.1,1.0,197.67,3.0,3.0,35.0,,,,Resolved after investigation,32.25
CMP-000168,2025-01-30,Current account,Phone,Retail,55.0,11.7,4.0,524.03,2.0,2.0,32.0,,,,Resolved after investigation,168.22
CMP-000169,2025-01-30,Personal loan,Mobile app,SME,46.0,6.9,4.0,849.22,0.0,2.0,20.0,202.0,-0.31,"I asked to repay my loan early and the fee applied, 849 euros, is far above what the contract says. I am very disappointed with how this has been handled.",Resolved at first contact,0.0
CMP-000170,2025-01-31,Current account,Mobile app,Retail,,5.6,3.0,176.78,1.0,2.0,24.0,197.0,-0.34,I was charged 177 euros in fees that were never mentioned when I opened the account. This has caused me a lot of stress and wasted time.,Resolved after investigation,23.57
CMP-000171,2025-01-31,Insurance,Email,Private,66.0,18.2,8.0,1852.64,0.0,3.0,9.0,211.0,0.26,"My claim of 1,853 euros on the policy linked to my account was rejected without any explanation. This is my third attempt to get an answer from you. I have always been happy with the bank, so I am sure this can be sorted out quickly.",Resolved at first contact,0.0
CMP-000172,2025-02-01,Mortgage,Web form,Retail,64.0,25.9,8.0,1156.75,1.0,2.0,52.0,246.0,-0.54,"An insurance premium of 1,157 euros was added to my mortgage instalment without my consent. The problem dates back more than a month and is still open. I expect a refund and a clear explanation.",Resolved after investigation,311.42
CMP-000173,2025-02-03,Credit card,Branch,Affluent,54.0,17.0,7.0,191.66,0.0,0.0,14.0,141.0,-0.0,My card was blocked while I was abroad and I had to pay 192 euros in cash with no explanation. Please let me know what happened and how it will be fixed.,Resolved at first contact,0.0
CMP-000174,2025-02-03,Current account,Branch,SME,43.0,14.3,5.0,677.16,2.0,4.0,44.0,,,,Escalated to ombudsman,787.46
CMP-000175,2025-02-03,Personal loan,Email,Retail,34.0,0.1,1.0,355.85,1.0,4.0,45.0,150.0,-0.7,The instalment taken for my loan is 356 euros higher than the amount agreed in the contract. This is my fourth attempt to get an answer from you. I demand an immediate refund and a written apology.,Resolved after investigation,62.73
CMP-000176,2025-02-03,Credit card,Mobile app,Retail,27.0,0.7,1.0,1277.63,0.0,3.0,22.0,162.0,-0.55,"The cash-advance fee of 1,278 euros on my card is not the one stated in the terms. I have already called 3 times and nobody has called me back. I am very disappointed with how this has been handled.",Resolved after investigation,397.72
CMP-000177,2025-02-03,Credit card,Branch,unknown,60.0,16.1,6.0,,0.0,3.0,13.0,,,,Resolved at first contact,0.0
CMP-000178,2025-02-03,Current account,Web form,Retail,67.0,11.6,5.0,196.13,0.0,2.0,22.0,95.0,-0.14,"I was charged 196 euros in fees that were never mentioned when I opened the account. I assume it is a mistake, but it needs to be resolved.",Resolved after investigation,47.27
CMP-000179,2025-02-03,Mortgage,Phone,Affluent,61.0,16.1,6.0,1558.22,2.0,4.0,31.0,,,,Escalated to ombudsman,1840.82
CMP-000180,2025-02-03,Current account,Email,Affluent,43.0,10.1,5.0,1205.9,2.0,4.0,52.0,,,,Resolved after investigation,536.88
CMP-000181,2025-02-03,Credit card,Phone,Affluent,51.0,5.1,3.0,619.24,2.0,3.0,35.0,194.0,-0.39,My card was blocked while I was abroad and I had to pay 619 euros in cash with no explanation. This is my third attempt to get an answer from you. This is not the first time I have had to complain about this. I expect a refund and a clear explanation.,Resolved after investigation,143.48
CMP-000182,2025-02-04,Personal loan,Social media,Affluent,58.0,5.1,3.0,1039.89,2.0,4.0,37.0,253.0,-0.4,"The instalment taken for my loan is 1,040 euros higher than the amount agreed in the contract. This is my fourth attempt to get an answer from you. This is not the first time I have had to complain about this. I expect a refund and a clear explanation.",Resolved after investigation,287.37
CMP-000183,2025-02-04,Personal loan,Branch,Retail,50.0,8.9,4.0,39.1,0.0,2.0,3.0,116.0,0.09,"I asked to repay my loan early and the fee applied, 39 euros, is far above what the contract says. I assume it is a mistake, but it needs to be resolved.",Resolved at first contact,0.0
CMP-000184,2025-02-04,Current account,Phone,Retail,61.0,12.5,5.0,286.17,2.0,4.0,34.0,,,,Resolved after investigation,51.65
CMP-000185,2025-02-05,Credit card,Phone,Affluent,33.0,0.1,2.0,435.45,2.0,5.0,35.0,,,,Escalated to ombudsman,709.11
CMP-000186,2025-02-05,Mortgage,Phone,Affluent,53.0,12.1,5.0,2624.72,1.0,2.0,42.0,,,,Resolved after investigation,390.63
CMP-000187,2025-02-06,Current account,Phone,Affluent,73.0,15.3,7.0,1202.04,2.0,4.0,52.0,207.0,-0.64,"I was charged 1,202 euros in fees that were never mentioned when I opened the account. This is my fourth attempt to get an answer from you. This is not the first time I have had to complain about this. The problem dates back more than a month and is still open. If this is not resolved within a week I will take it to the ombudsman.",Escalated to ombudsman,1422.62
CMP-000188,2025-02-06,Mortgage,Email,Retail,27.0,8.1,3.0,223.87,0.0,2.0,51.0,128.0,-0.36,"The interest rate applied to my mortgage does not match the offer I signed, and I have overpaid 224 euros. The problem dates back more than a month and is still open. I expect a refund and a clear explanation.",Resolved after investigation,105.5
CMP-000189,2025-02-06,Current account,Phone,Retail,55.0,4.6,2.0,75.19,1.0,0.0,21.0,107.0,0.14,"An unauthorised direct debit of 75 euros was taken from my current account on the 4th. I assume it is a mistake, but it needs to be resolved.",Resolved at first contact,0.0
CMP-000190,2025-02-06,Investments,Email,Retail,47.0,4.6,3.0,1160.83,3.0,4.0,44.0,215.0,-0.66,"I asked to sell my fund units on the 24th; the order was executed days later at a loss of 1,161 euros. After 4 contacts with the branch and the call centre, nothing has changed. This is not the first time I have had to complain about this. I demand an immediate refund and a written apology.",Escalated to ombudsman,777.02
CMP-000191,2025-02-06,Personal loan,Mobile app,Retail,50.0,7.3,2.0,145.44,1.0,1.0,33.0,182.0,-0.11,"My loan application was rejected after 26 days and the 145 euros I paid for the appraisal were not refunded. I assume it is a mistake, but it needs to be resolved.",Resolved after investigation,69.06
CMP-000192,2025-02-06,Mortgage,Phone,Retail,35.0,10.7,4.0,,2.0,5.0,71.0,,,,Escalated to ombudsman,1362.23
CMP-000193,2025-02-07,Current account,Email,Retail,39.0,10.5,5.0,932.26,1.0,2.0,29.0,144.0,-0.9,I was charged 932 euros in fees that were never mentioned when I opened the account. I have never been treated so badly by a bank.,Resolved after investigation,130.88
CMP-000194,2025-02-07,Current account,Web form,Retail,18.0,0.0,2.0,494.04,2.0,2.0,22.0,225.0,0.12,A transfer of 494 euros I sent on the 26th never reached the beneficiary and nobody can tell me where it is. This is not the first time I have had to complain about this. Please let me know what happened and how it will be fixed.,Resolved after investigation,126.99
CMP-000195,2025-02-07,Investments,Branch,Retail,,12.0,5.0,1668.19,1.0,3.0,31.0,,,,Resolved after investigation,560.45
CMP-000196,2025-02-07,Investments,Mobile app,Retail,30.0,7.4,3.0,201.69,1.0,2.0,11.0,97.0,-0.08,The costs of the investment product were never explained to me and I have paid 202 euros in charges. I would like this to be checked and corrected.,Resolved after investigation,68.08
CMP-000197,2025-02-07,Current account,Phone,Private,47.0,8.0,5.0,488.46,1.0,3.0,16.0,,,,Resolved at first contact,0.0
CMP-000198,2025-02-07,Personal loan,Email,Retail,,3.5,2.0,489.85,2.0,4.0,19.0,108.0,-0.68,My loan application was rejected after 19 days and the 490 euros I paid for the appraisal were not refunded. This is my fourth attempt to get an answer from you. This is not the first time I have had to complain about this. I demand an immediate refund and a written apology.,Resolved after investigation,105.04
CMP-000199,2025-02-09,Credit card,Phone,Retail,49.0,12.2,4.0,19.79,0.0,2.0,5.0,140.0,0.27,There is a transaction of 20 euros on my card statement that I never made. Thank you in advance for looking into it.,Resolved at first contact,0.0
CMP-000200,2025-02-09,Current account,Phone,Retail,37.0,0.1,1.0,615.03,1.0,2.0,38.0,,,,Resolved after investigation,0.0
CMP-000201,2025-02-09,Mortgage,Phone,Retail,39.0,7.3,3.0,78.68,0.0,1.0,29.0,107.0,0.04,"My request to renegotiate the mortgage has been pending for weeks and the delay has cost me 79 euros. I assume it is a mistake, but it needs to be resolved.",Resolved at first contact,0.0
CMP-000202,2025-02-10,Current account,Branch,Retail,39.0,5.7,2.0,140.89,0.0,1.0,17.0,174.0,-0.08,An unauthorised direct debit of 141 euros was taken from my current account on the 9th. Please let me know what happened and how it will be fixed.,Resolved at first contact,0.0
CMP-000203,2025-02-10,Credit card,Mobile app,Retail,20.0,1.1,2.0,560.83,1.0,4.0,45.0,,,,Resolved after investigation,92.3
CMP-000204,2025-02-10,Current account,Phone,Retail,32.0,2.6,3.0,,1.0,3.0,36.0,,,,Resolved at first contact,0.0
CMP-000205,2025-02-10,Credit card,Web form,Retail,49.0,11.4,3.0,685.41,2.0,4.0,30.0,240.0,-0.42,There is a transaction of 685 euros on my card statement that I never made. This is my fourth attempt to get an answer from you. This is not the first time I have had to complain about this. This has caused me a lot of stress and wasted time.,Resolved at first contact,0.0
CMP-000206,2025-02-10,Investments,Email,SME,,8.8,5.0,4563.06,2.0,5.0,55.0,,,,Escalated to ombudsman,3097.9
CMP-000207,2025-02-10,Current account,Email,Retail,24.0,6.0,5.0,1530.04,2.0,0.0,5.0,125.0,0.29,"My current account was blocked for three days without any notice, and a transfer of 1,530 euros bounced. This is not the first time I have had to complain about this. Your staff have been helpful so far; I just need this last point solved.",Escalated to ombudsman,386.7
CMP-000208,2025-02-10,Mortgage,Phone,Retail,66.0,18.9,7.0,644.52,0.0,2.0,25.0,,,,Resolved at first contact,0.0
CMP-000209,2025-02-10,Credit card,Mobile app,Affluent,38.0,1.1,2.0,243.79,0.0,1.0,31.0,99.0,-0.25,My card was blocked while I was abroad and I had to pay 244 euros in cash with no explanation. I am very disappointed with how this has been handled.,Resolved at first contact,0.0
CMP-000210,2025-02-10,Personal loan,Web form,Affluent,77.0,20.2,8.0,256.83,0.0,0.0,5.0,91.0,0.12,"I asked to repay my loan early and the fee applied, 257 euros, is far above what the contract says. I would like this to be checked and corrected.",Resolved at first contact,0.0
CMP-000211,2025-02-10,Current account,Phone,Retail,52.0,8.9,3.0,277.35,0.0,2.0,27.0,131.0,-0.1,A transfer of 277 euros I sent on the 18th never reached the beneficiary and nobody can tell me where it is. I would like this to be checked and corrected.,Resolved at first contact,0.0
CMP-000212,2025-02-10,Personal loan,Mobile app,SME,42.0,15.5,4.0,,0.0,0.0,0.0,96.0,0.02,"My loan application was rejected after 9 days and the 43 euros I paid for the appraisal were not refunded. I assume it is a mistake, but it needs to be resolved.",Resolved at first contact,0.0
CMP-000213,2025-02-10,Current account,Mobile app,Retail,27.0,0.1,1.0,,3.0,7.0,51.0,298.0,-0.99,"My current account was blocked for three days without any notice, and a transfer of 2,352 euros bounced. After 7 contacts with the branch and the call centre, nothing has changed. This is not the first time I have had to complain about this. The problem dates back more than a month and is still open. I have never been treated so badly by a bank.",Escalated to ombudsman,1874.27
CMP-000214,2025-02-11,Insurance,Phone,SME,38.0,0.1,1.0,,1.0,3.0,20.0,,,,Escalated to ombudsman,6200.6
CMP-000215,2025-02-11,Mortgage,Email,Retail,39.0,6.2,4.0,1028.88,1.0,1.0,31.0,180.0,0.01,"My request to renegotiate the mortgage has been pending for weeks and the delay has cost me 1,029 euros. I assume it is a mistake, but it needs to be resolved.",Resolved after investigation,183.99
CMP-000216,2025-02-11,Personal loan,Branch,Retail,53.0,22.2,8.0,1072.17,0.0,1.0,24.0,20.0,0.33,"My loan application was rejected after 4 days and the 1,072 euros I paid for the appraisal were not refunded. Thank you in advance for looking into it.",Resolved at first contact,0.0
CMP-000217,2025-02-11,Current account,Branch,Retail,55.0,5.2,3.0,235.74,2.0,2.0,16.0,,,,Resolved at first contact,0.0
CMP-000218,2025-02-11,Personal loan,Phone,Affluent,62.0,18.7,8.0,693.26,1.0,2.0,16.0,122.0,0.1,"I asked to repay my loan early and the fee applied, 693 euros, is far above what the contract says. I would like this to be checked and corrected.",Resolved at first contact,0.0
CMP-000219,2025-02-11,Current account,Email,Retail,47.0,18.0,6.0,279.76,1.0,3.0,25.0,139.0,0.21,"My current account was blocked for three days without any notice, and a transfer of 280 euros bounced. This is my third attempt to get an answer from you. Thank you in advance for looking into it.",Resolved at first contact,0.0
CMP-000220,2025-02-11,Credit card,Email,Affluent,63.0,5.5,3.0,2373.66,2.0,3.0,31.0,254.0,-0.39,"My card was blocked while I was abroad and I had to pay 2,374 euros in cash with no explanation. I have already called 3 times and nobody has called me back. This is not the first time I have had to complain about this. I expect a refund and a clear explanation.",Resolved after investigation,760.73
CMP-000221,2025-02-11,Current account,Branch,Retail,71.0,16.9,5.0,477.05,1.0,3.0,28.0,182.0,-0.49,A transfer of 477 euros I sent on the 7th never reached the beneficiary and nobody can tell me where it is. This is my third attempt to get an answer from you. I am very disappointed with how this has been handled.,Resolved after investigation,181.33
CMP-000222,2025-02-11,Personal loan,Branch,Retail,56.0,6.7,3.0,221.3,1.0,2.0,9.0,,,,Resolved at first contact,0.0
CMP-000223,2025-02-12,Current account,Branch,SME,56.0,9.1,5.0,124.54,0.0,1.0,5.0,50.0,0.46,"I was charged 125 euros in fees that were never mentioned when I opened the account. I have always been happy with the bank, so I am sure this can be sorted out quickly.",Resolved at first contact,0.0
CMP-000224,2025-02-12,Personal loan,Branch,Affluent,64.0,11.5,4.0,798.35,1.0,3.0,22.0,157.0,-0.22,My loan application was rejected after 11 days and the 798 euros I paid for the appraisal were not refunded. This is my third attempt to get an answer from you. I am very disappointed with how this has been handled.,Resolved at first contact,0.0
CMP-000225,2025-02-12,Insurance,Phone,Retail,53.0,8.6,2.0,907.1,2.0,1.0,25.0,,,,Resolved after investigation,422.28
CMP-000226,2025-02-12,Current account,Mobile app,Retail,27.0,0.1,1.0,91.58,0.0,2.0,26.0,200.0,-0.11,"My current account was blocked for three days without any notice, and a transfer of 92 euros bounced. Please let me know what happened and how it will be fixed.",Resolved at first contact,0.0
CMP-000227,2025-02-12,Investments,Web form,Affluent,60.0,12.9,6.0,2803.23,1.0,3.0,35.0,213.0,0.18,"The costs of the investment product were never explained to me and I have paid 2,803 euros in charges. After 3 contacts with the branch and the call centre, nothing has changed. I assume it is a mistake, but it needs to be resolved.",Resolved after investigation,1191.87
CMP-000228,2025-02-12,Credit card,Branch,Affluent,,11.7,6.0,615.69,0.0,3.0,29.0,,,,Resolved after investigation,210.17
CMP-000229,2025-02-12,Credit card,Email,Private,47.0,0.1,3.0,722.33,0.0,3.0,13.0,180.0,0.06,"The cash-advance fee of 722 euros on my card is not the one stated in the terms. This is my third attempt to get an answer from you. I assume it is a mistake, but it needs to be resolved.",Resolved at first contact,0.0
CMP-000230,2025-02-12,Investments,Email,Retail,73.0,10.6,4.0,1607.65,1.0,2.0,46.0,162.0,-0.1,"I asked to sell my fund units on the 5th; the order was executed days later at a loss of 1,608 euros. The problem dates back more than a month and is still open. I would like this to be checked and corrected.",Resolved at first contact,0.0
CMP-000231,2025-02-12,Current account,Mobile app,Retail,55.0,8.3,2.0,554.08,2.0,5.0,37.0,205.0,-0.26,A transfer of 554 euros I sent on the 14th never reached the beneficiary and nobody can tell me where it is. This is my fifth attempt to get an answer from you. This is not the first time I have had to complain about this. This has caused me a lot of stress and wasted time.,Escalated to ombudsman,590.32
CMP-000232,2025-02-13,Mortgage,Branch,Affluent,44.0,0.1,2.0,,1.0,2.0,53.0,292.0,-0.37,"The interest rate applied to my mortgage does not match the offer I signed, and I have overpaid 4,051 euros. The problem dates back more than a month and is still open. I expect a refund and a clear explanation.",Resolved after investigation,1090.49
CMP-000233,2025-02-13,Credit card,Web form,Affluent,45.0,15.2,6.0,143.44,0.0,1.0,0.0,81.0,-0.05,"My card was blocked while I was abroad and I had to pay 143 euros in cash with no explanation. I assume it is a mistake, but it needs to be resolved.",Resolved at first contact,0.0
CMP-000234,2025-02-13,Credit card,Branch,Retail,44.0,8.6,4.0,871.69,2.0,3.0,32.0,,,,Resolved after investigation,409.09
CMP-000235,2025-02-13,Investments,Email,Retail,34.0,10.8,3.0,2565.99,1.0,2.0,38.0,163.0,-0.63,"My advisor moved my savings into a fund I never approved and the position is now 2,566 euros below what I invested. This is unacceptable and I am furious.",Escalated to ombudsman,1411.27
CMP-000236,2025-02-13,Investments,Phone,Retail,42.0,10.3,5.0,146.52,0.0,2.0,34.0,65.0,0.03,The costs of the investment product were never explained to me and I have paid 147 euros in charges. I would like this to be checked and corrected.,Resolved at first contact,0.0
CMP-000237,2025-02-13,Credit card,Mobile app,Retail,29.0,0.1,1.0,878.01,1.0,5.0,34.0,280.0,-0.96,My card was charged twice for the same purchase of 878 euros. This is my fifth attempt to get an answer from you. I demand an immediate refund and a written apology.,Resolved after investigation,156.8
CMP-000238,2025-02-14,Investments,Phone,Retail,37.0,6.9,3.0,7923.82,2.0,4.0,42.0,,,,Resolved after investigation,2949.56
CMP-000239,2025-02-14,Current account,Email,Retail,43.0,14.8,6.0,390.45,2.0,6.0,49.0,,,,Escalated to ombudsman,578.82
CMP-000240,2025-02-14,Mortgage,Branch,Private,40.0,9.1,6.0,1617.33,2.0,5.0,43.0,179.0,-0.1,"The interest rate applied to my mortgage does not match the offer I signed, and I have overpaid 1,617 euros. I have already called 5 times and nobody has called me back. This is not the first time I have had to complain about this. I assume it is a mistake, but it needs to be resolved.",Escalated to ombudsman,1878.45
CMP-000241,2025-02-14,Credit card,Mobile app,Retail,22.0,1.5,2.0,499.86,2.0,4.0,27.0,144.0,-0.53,My card was charged twice for the same purchase of 500 euros. This is my fourth attempt to get an answer from you. This is not the first time I have had to complain about this. I expect a refund and a clear explanation.,Resolved after investigation,155.41
CMP-000242,2025-02-14,Personal loan,Mobile app,Retail,61.0,10.0,4.0,332.55,0.0,0.0,19.0,181.0,-0.14,"The instalment taken for my loan is 333 euros higher than the amount agreed in the contract. I assume it is a mistake, but it needs to be resolved.",Resolved after investigation,140.66
CMP-000243,2025-02-14,Current account,Phone,Retail,78.0,13.1,5.0,1241.41,1.0,2.0,26.0,204.0,-0.04,"I was charged 1,241 euros in fees that were never mentioned when I opened the account. I assume it is a mistake, but it needs to be resolved.",Resolved after investigation,239.03
CMP-000244,2025-02-15,Investments,Phone,Retail,32.0,0.1,2.0,1498.65,1.0,3.0,29.0,192.0,-0.42,"My advisor moved my savings into a fund I never approved and the position is now 1,499 euros below what I invested. This is my third attempt to get an answer from you. I expect a refund and a clear explanation.",Resolved at first contact,0.0
CMP-000245,2025-02-15,Current account,Email,Retail,46.0,0.1,1.0,205.58,1.0,2.0,20.0,189.0,-0.2,"An unauthorised direct debit of 206 euros was taken from my current account on the 27th. I assume it is a mistake, but it needs to be resolved.",Resolved at first contact,0.0
CMP-000246,2025-02-15,Mortgage,Mobile app,Retail,30.0,0.1,1.0,,0.0,3.0,39.0,59.0,0.25,"My request to renegotiate the mortgage has been pending for weeks and the delay has cost me 279 euros. This is my third attempt to get an answer from you. I have always been happy with the bank, so I am sure this can be sorted out quickly.",Escalated to ombudsman,395.04
CMP-000247,2025-02-15,Investments,Web form,Retail,46.0,11.8,5.0,1160.56,1.0,4.0,29.0,,,,Resolved at first contact,0.0
CMP-000248,2025-02-16,Current account,Mobile app,Retail,40.0,13.5,4.0,250.62,1.0,2.0,27.0,220.0,-0.31,I was charged 251 euros in fees that were never mentioned when I opened the account. I expect a refund and a clear explanation.,Resolved at first contact,0.0
CMP-000249,2025-02-17,Personal loan,Web form,Retail,41.0,22.1,8.0,44.52,1.0,1.0,18.0,116.0,0.14,The instalment taken for my loan is 45 euros higher than the amount agreed in the contract. Please let me know what happened and how it will be fixed.,Resolved after investigation,0.0
CMP-000250,2025-02-17,Mortgage,Phone,Retail,70.0,23.7,6.0,1517.53,0.0,1.0,43.0,,,,Resolved at first contact,0.0
CMP-000251,2025-02-17,Current account,Email,SME,21.0,0.8,1.0,71.75,0.0,2.0,11.0,130.0,-0.3,I was charged 72 euros in fees that were never mentioned when I opened the account. I expect a refund and a clear explanation.,Resolved at first contact,0.0
CMP-000252,2025-02-17,Personal loan,Phone,Affluent,56.0,13.9,6.0,,2.0,4.0,35.0,,,,Escalated to ombudsman,2412.84
CMP-000253,2025-02-17,Current account,Mobile app,Retail,18.0,0.0,2.0,420.98,2.0,5.0,43.0,210.0,-0.33,I was charged 421 euros in fees that were never mentioned when I opened the account. This is my fifth attempt to get an answer from you. This is not the first time I have had to complain about this. This has caused me a lot of stress and wasted time.,Resolved after investigation,102.07
CMP-000254,2025-02-17,Current account,Phone,Retail,26.0,1.6,1.0,496.01,0.0,3.0,7.0,,,,Resolved at first contact,0.0
CMP-000255,2025-02-17,Current account,Web form,Retail,34.0,2.6,1.0,19.75,0.0,1.0,14.0,147.0,0.11,An unauthorised direct debit of 20 euros was taken from my current account on the 13th. I would like this to be checked and corrected.,Resolved at first contact,0.0
CMP-000256,2025-02-17,Investments,Email,Retail,40.0,6.6,4.0,876.57,1.0,2.0,38.0,142.0,-0.98,I asked to sell my fund units on the 6th; the order was executed days later at a loss of 877 euros. I have never been treated so badly by a bank.,Resolved after investigation,403.18
CMP-000257,2025-02-17,Current account,Web form,Retail,52.0,19.2,7.0,170.41,2.0,2.0,32.0,165.0,-0.23,A transfer of 170 euros I sent on the 25th never reached the beneficiary and nobody can tell me where it is. This is not the first time I have had to complain about this. This has caused me a lot of stress and wasted time.,Resolved at first contact,0.0
CMP-000258,2025-02-17,Current account,Phone,Retail,36.0,3.6,1.0,94.18,1.0,4.0,30.0,,,,Resolved at first contact,0.0
CMP-000259,2025-02-17,Insurance,Mobile app,Retail,19.0,0.1,1.0,777.88,1.0,3.0,36.0,242.0,-0.34,"My claim of 778 euros on the policy linked to my account was rejected without any explanation. After 3 contacts with the branch and the call centre, nothing has changed. This has caused me a lot of stress and wasted time.",Resolved after investigation,211.56
CMP-000260,2025-02-17,Insurance,Social media,Retail,36.0,4.3,3.0,110.22,1.0,2.0,16.0,144.0,0.37,"The insurance policy was renewed and 110 euros charged although I had cancelled it in writing. I have always been happy with the bank, so I am sure this can be sorted out quickly.",Resolved at first contact,0.0
CMP-000261,2025-02-17,Insurance,Mobile app,SME,50.0,12.3,4.0,4919.73,3.0,5.0,46.0,241.0,-0.45,"My claim of 4,920 euros on the policy linked to my account was rejected without any explanation. After 5 contacts with the branch and the call centre, nothing has changed. This is not the first time I have had to complain about this. The problem dates back more than a month and is still open. I expect a refund and a clear explanation.",Resolved after investigation,1358.22
CMP-000262,2025-02-17,Credit card,Branch,Affluent,43.0,0.1,3.0,1457.97,1.0,3.0,38.0,,,,Escalated to ombudsman,1536.89
CMP-000263,2025-02-17,Credit card,Web form,Private,26.0,2.9,4.0,307.06,1.0,3.0,13.0,177.0,-0.21,"The cash-advance fee of 307 euros on my card is not the one stated in the terms. After 3 contacts with the branch and the call centre, nothing has changed. I am very disappointed with how this has been handled.",Resolved at first contact,0.0
CMP-000264,2025-02-17,Mortgage,Web form,Retail,41.0,9.9,4.0,501.74,1.0,2.0,40.0,150.0,-0.37,My request to renegotiate the mortgage has been pending for weeks and the delay has cost me 502 euros. I expect a refund and a clear explanation.,Resolved after investigation,0.0
CMP-000265,2025-02-18,Credit card,Email,SME,52.0,13.4,5.0,,2.0,5.0,42.0,190.0,-0.77,"The cash-advance fee of 9,268 euros on my card is not the one stated in the terms. This is my fifth attempt to get an answer from you. This is not the first time I have had to complain about this. If this is not resolved within a week I will take it to the ombudsman.",Escalated to ombudsman,10258.28
CMP-000266,2025-02-18,Personal loan,Branch,Retail,42.0,9.7,3.0,274.97,1.0,1.0,23.0,,,,Resolved after investigation,47.54
CMP-000267,2025-02-18,Investments,Web form,Retail,36.0,0.1,1.0,1420.44,1.0,2.0,25.0,163.0,-0.77,"My advisor moved my savings into a fund I never approved and the position is now 1,420 euros below what I invested. I have never been treated so badly by a bank.",Resolved after investigation,293.23
CMP-000268,2025-02-18,Current account,Mobile app,Retail,56.0,6.0,3.0,880.19,2.0,3.0,20.0,251.0,-0.39,"My current account was blocked for three days without any notice, and a transfer of 880 euros bounced. This is my third attempt to get an answer from you. This is not the first time I have had to complain about this. I expect a refund and a clear explanation.",Resolved after investigation,360.34
CMP-000269,2025-02-18,Credit card,Web form,Retail,44.0,2.8,3.0,852.34,1.0,4.0,39.0,205.0,-0.36,"My card was charged twice for the same purchase of 852 euros. After 4 contacts with the branch and the call centre, nothing has changed. I am very disappointed with how this has been handled.",Resolved after investigation,114.76
CMP-000270,2025-02-18,Current account,Mobile app,Retail,59.0,11.7,4.0,133.63,1.0,3.0,0.0,,,,Resolved at first contact,7.94
CMP-000271,2025-02-18,Credit card,Email,Retail,35.0,6.2,3.0,110.91,1.0,2.0,19.0,133.0,-0.31,My card was blocked while I was abroad and I had to pay 111 euros in cash with no explanation. I expect a refund and a clear explanation.,Resolved at first contact,0.0
CMP-000272,2025-02-19,Credit card,Email,Retail,57.0,20.5,7.0,1181.3,2.0,3.0,30.0,255.0,-0.34,"The cash-advance fee of 1,181 euros on my card is not the one stated in the terms. After 3 contacts with the branch and the call centre, nothing has changed. This is not the first time I have had to complain about this. This has caused me a lot of stress and wasted time.",Escalated to ombudsman,1405.42
CMP-000273,2025-02-19,Current account,Web form,Retail,28.0,0.1,1.0,,2.0,4.0,32.0,264.0,-0.74,"My current account was blocked for three days without any notice, and a transfer of 3,390 euros bounced. After 4 contacts with the branch and the call centre, nothing has changed. This is not the first time I have had to complain about this. I demand an immediate refund and a written apology.",Resolved after investigation,779.83
CMP-000274,2025-02-19,Current account,Mobile app,Retail,56.0,12.9,4.0,271.76,0.0,1.0,19.0,95.0,0.1,"My current account was blocked for three days without any notice, and a transfer of 272 euros bounced. I would like this to be checked and corrected.",Resolved at first contact,0.0
CMP-000275,2025-02-19,Current account,Phone,unknown,49.0,11.1,4.0,291.29,0.0,2.0,20.0,149.0,-0.07,A transfer of 291 euros I sent on the 18th never reached the beneficiary and nobody can tell me where it is. Please let me know what happened and how it will be fixed.,Resolved at first contact,0.0
CMP-000276,2025-02-19,Credit card,Phone,Retail,53.0,15.1,5.0,521.86,2.0,4.0,27.0,,,,Resolved after investigation,63.94
CMP-000277,2025-02-20,Investments,Email,Affluent,58.0,15.1,5.0,652.2,0.0,2.0,32.0,139.0,-0.3,The costs of the investment product were never explained to me and I have paid 652 euros in charges. I expect a refund and a clear explanation.,Resolved at first contact,0.0
CMP-000278,2025-02-20,Insurance,Email,Retail,49.0,12.3,4.0,1588.48,1.0,2.0,25.0,181.0,-0.17,"The insurance policy was renewed and 1,588 euros charged although I had cancelled it in writing. I assume it is a mistake, but it needs to be resolved.",Resolved at first contact,0.0
CMP-000279,2025-02-20,Credit card,Phone,Retail,35.0,5.9,3.0,71.44,0.0,2.0,13.0,186.0,0.09,The cash-advance fee of 71 euros on my card is not the one stated in the terms. I would like this to be checked and corrected.,Resolved at first contact,0.0
CMP-000280,2025-02-20,Credit card,Phone,Private,56.0,9.0,5.0,588.86,0.0,1.0,32.0,,,,Resolved at first contact,0.0
CMP-000281,2025-02-20,Investments,Phone,Retail,,15.3,6.0,192.42,0.0,0.0,25.0,182.0,-0.05,My advisor moved my savings into a fund I never approved and the position is now 192 euros below what I invested. Please let me know what happened and how it will be fixed.,Resolved after investigation,24.88
CMP-000282,2025-02-20,Personal loan,Phone,Retail,,1.3,2.0,1404.86,2.0,3.0,27.0,221.0,-0.64,"My loan application was rejected after 27 days and the 1,405 euros I paid for the appraisal were not refunded. I have already called 3 times and nobody has called me back. This is not the first time I have had to complain about this. I demand an immediate refund and a written apology.",Resolved after investigation,182.31
CMP-000283,2025-02-21,Credit card,Web form,Retail,57.0,17.4,6.0,138.86,0.0,1.0,20.0,94.0,-0.17,"My card was charged twice for the same purchase of 139 euros. I assume it is a mistake, but it needs to be resolved.",Resolved at first contact,0.0
CMP-000284,2025-02-21,Credit card,Web form,Retail,43.0,10.7,4.0,1947.55,3.0,5.0,44.0,284.0,-0.66,"There is a transaction of 1,948 euros on my card statement that I never made. After 5 contacts with the branch and the call centre, nothing has changed. This is not the first time I have had to complain about this. I demand an immediate refund and a written apology.",Resolved after investigation,461.9
CMP-000285,2025-02-21,Current account,Phone,Affluent,33.0,0.1,3.0,1456.64,2.0,1.0,13.0,187.0,-0.34,"I was charged 1,457 euros in fees that were never mentioned when I opened the account. This is not the first time I have had to complain about this. I expect a refund and a clear explanation.",Resolved after investigation,193.16
CMP-000286,2025-02-21,Credit card,Phone,Affluent,63.0,10.7,4.0,336.05,0.0,2.0,38.0,109.0,-0.26,The cash-advance fee of 336 euros on my card is not the one stated in the terms. I am very disappointed with how this has been handled.,Resolved at first contact,0.0
CMP-000287,2025-02-21,Insurance,Web form,Private,48.0,4.8,5.0,1930.14,0.0,3.0,33.0,132.0,-0.33,"The insurance policy was renewed and 1,930 euros charged although I had cancelled it in writing. After 3 contacts with the branch and the call centre, nothing has changed. I expect a refund and a clear explanation.",Resolved after investigation,954.07
CMP-000288,2025-02-21,Current account,Branch,Retail,35.0,5.7,3.0,179.58,3.0,3.0,26.0,,,,Resolved after investigation,23.17
CMP-000289,2025-02-21,Mortgage,Phone,Retail,,5.7,4.0,879.52,1.0,4.0,42.0,117.0,-0.31,An insurance premium of 880 euros was added to my mortgage instalment without my consent. I have already called 4 times and nobody has called me back. I expect a refund and a clear explanation.,Resolved after investigation,367.32
CMP-000290,2025-02-22,Current account,Email,Retail,58.0,21.6,7.0,220.38,1.0,4.0,34.0,231.0,-0.6,I was charged 220 euros in fees that were never mentioned when I opened the account. This is my fourth attempt to get an answer from you. I have never been treated so badly by a bank.,Resolved after investigation,73.72
CMP-000291,2025-02-22,Mortgage,Email,Retail,55.0,6.7,3.0,116.42,1.0,2.0,27.0,181.0,-0.22,An insurance premium of 116 euros was added to my mortgage instalment without my consent. I am very disappointed with how this has been handled.,Resolved at first contact,0.0
CMP-000292,2025-02-22,Insurance,Phone,Retail,41.0,4.8,3.0,106.47,1.0,2.0,5.0,134.0,-0.15,My claim of 106 euros on the policy linked to my account was rejected without any explanation. Please let me know what happened and how it will be fixed.,Resolved at first contact,0.0
CMP-000293,2025-02-23,Current account,Mobile app,Retail,31.0,4.8,1.0,117.08,1.0,3.0,10.0,213.0,-0.02,"An unauthorised direct debit of 117 euros was taken from my current account on the 8th. After 3 contacts with the branch and the call centre, nothing has changed. Please let me know what happened and how it will be fixed.",Resolved at first contact,0.0
CMP-000294,2025-02-24,Credit card,Social media,Retail,30.0,0.5,1.0,100.01,0.0,2.0,11.0,66.0,0.02,There is a transaction of 100 euros on my card statement that I never made. I would like this to be checked and corrected.,Resolved after investigation,41.65
CMP-000295,2025-02-24,Current account,Branch,Retail,51.0,5.3,3.0,75.7,1.0,5.0,11.0,102.0,-0.21,"I was charged 76 euros in fees that were never mentioned when I opened the account. After 5 contacts with the branch and the call centre, nothing has changed. I expect a refund and a clear explanation.",Resolved at first contact,0.0
CMP-000296,2025-02-24,Credit card,Social media,Retail,33.0,7.7,4.0,69.77,0.0,1.0,17.0,127.0,-0.3,My card was blocked while I was abroad and I had to pay 70 euros in cash with no explanation. I expect a refund and a clear explanation.,Resolved at first contact,0.0
CMP-000297,2025-02-24,Investments,Web form,Retail,42.0,1.7,2.0,277.23,1.0,3.0,45.0,173.0,-0.31,I asked to sell my fund units on the 24th; the order was executed days later at a loss of 277 euros. I have already called 3 times and nobody has called me back. I am very disappointed with how this has been handled.,Escalated to ombudsman,372.43
CMP-000298,2025-02-24,Personal loan,Mobile app,Retail,21.0,3.0,2.0,509.39,1.0,4.0,47.0,173.0,-0.57,The instalment taken for my loan is 509 euros higher than the amount agreed in the contract. This is my fourth attempt to get an answer from you. The problem dates back more than a month and is still open. I have never been treated so badly by a bank.,Escalated to ombudsman,635.64
CMP-000299,2025-02-24,Investments,Email,Retail,63.0,21.0,6.0,642.05,0.0,0.0,36.0,118.0,-0.54,The costs of the investment product were never explained to me and I have paid 642 euros in charges. I am very disappointed with how this has been handled.,Resolved after investigation,155.32
CMP-000300,2025-02-24,Personal loan,Phone,SME,56.0,15.7,6.0,564.18,1.0,3.0,14.0,,,,Resolved at first contact,0.0
CMP-000301,2025-02-24,Mortgage,Phone,Retail,50.0,7.5,2.0,,1.0,3.0,30.0,,,,Resolved after investigation,970.4
CMP-000302,2025-02-24,Personal loan,Phone,Affluent,61.0,10.9,6.0,391.79,0.0,1.0,26.0,89.0,-0.16,My loan application was rejected after 26 days and the 392 euros I paid for the appraisal were not refunded. I would like this to be checked and corrected.,Resolved at first contact,0.0
CMP-000303,2025-02-24,Mortgage,Branch,unknown,56.0,13.3,5.0,2257.17,2.0,4.0,44.0,193.0,-0.44,"My request to renegotiate the mortgage has been pending for weeks and the delay has cost me 2,257 euros. This is my fourth attempt to get an answer from you. This is not the first time I have had to complain about this. This has caused me a lot of stress and wasted time.",Resolved after investigation,1061.2
CMP-000304,2025-02-24,Mortgage,Branch,Retail,45.0,12.9,6.0,2915.64,2.0,3.0,43.0,181.0,-0.36,"My request to renegotiate the mortgage has been pending for weeks and the delay has cost me 2,916 euros. I have already called 3 times and nobody has called me back. This is not the first time I have had to complain about this. This has caused me a lot of stress and wasted time.",Resolved after investigation,724.46
CMP-000305,2025-02-24,Current account,Branch,Retail,68.0,12.9,4.0,,1.0,2.0,35.0,,,,Resolved after investigation,265.67
CMP-000306,2025-02-24,Mortgage,Phone,Retail,46.0,2.6,2.0,,0.0,2.0,56.0,,,,Escalated to ombudsman,1103.46
CMP-000307,2025-02-24,Current account,Mobile app,Retail,54.0,7.6,4.0,126.1,0.0,0.0,9.0,132.0,0.11,"I was charged 126 euros in fees that were never mentioned when I opened the account. I assume it is a mistake, but it needs to be resolved.",Resolved at first contact,0.0
CMP-000308,2025-02-24,Personal loan,Phone,Affluent,41.0,10.2,4.0,1306.8,0.0,2.0,18.0,,,,Resolved at first contact,0.0
CMP-000309,2025-02-24,Credit card,Phone,Retail,20.0,0.1,1.0,90.02,1.0,2.0,39.0,203.0,-0.59,There is a transaction of 90 euros on my card statement that I never made. I demand an immediate refund and a written apology.,Resolved after investigation,21.13
CMP-000310,2025-02-24,Current account,Web form,Affluent,57.0,13.6,7.0,,1.0,3.0,36.0,220.0,-0.63,I was charged 733 euros in fees that were never mentioned when I opened the account. This is my third attempt to get an answer from you. I demand an immediate refund and a written apology.,Resolved after investigation,307.35
CMP-000311,2025-02-25,Mortgage,Branch,Retail,40.0,0.1,1.0,3397.98,1.0,3.0,34.0,173.0,-0.65,"An insurance premium of 3,398 euros was added to my mortgage instalment without my consent. After 3 contacts with the branch and the call centre, nothing has changed. If this is not resolved within a week I will take it to the ombudsman.",Escalated to ombudsman,1461.14
CMP-000312,2025-02-25,Investments,Email,Retail,63.0,13.9,5.0,601.98,1.0,3.0,29.0,107.0,-0.28,The costs of the investment product were never explained to me and I have paid 602 euros in charges. This is my third attempt to get an answer from you. I expect a refund and a clear explanation.,Resolved after investigation,96.46
CMP-000313,2025-02-25,Credit card,Mobile app,Retail,43.0,0.1,2.0,162.27,0.0,1.0,29.0,207.0,-0.4,My card was charged twice for the same purchase of 162 euros. I expect a refund and a clear explanation.,Resolved at first contact,0.0
CMP-000314,2025-02-25,Current account,Mobile app,SME,29.0,0.1,1.0,1000.75,1.0,3.0,12.0,185.0,-0.35,"I was charged 1,001 euros in fees that were never mentioned when I opened the account. This is my third attempt to get an answer from you. I expect a refund and a clear explanation.",Resolved at first contact,0.0
CMP-000315,2025-02-25,Personal loan,Email,Affluent,58.0,13.1,6.0,124.48,1.0,2.0,2.0,133.0,0.18,"I asked to repay my loan early and the fee applied, 124 euros, is far above what the contract says. Please let me know what happened and how it will be fixed.",Resolved at first contact,0.0
CMP-000316,2025-02-25,Credit card,Branch,Retail,18.0,0.0,1.0,624.85,1.0,3.0,22.0,,,,Resolved at first contact,0.0
CMP-000317,2025-02-25,Current account,Phone,Retail,65.0,18.3,6.0,796.37,1.0,4.0,42.0,,,,Resolved after investigation,228.44
CMP-000318,2025-02-26,Current account,Social media,Retail,52.0,7.3,4.0,264.41,2.0,3.0,33.0,206.0,-0.43,"An unauthorised direct debit of 264 euros was taken from my current account on the 5th. After 3 contacts with the branch and the call centre, nothing has changed. This is not the first time I have had to complain about this. I expect a refund and a clear explanation.",Escalated to ombudsman,431.87
CMP-000319,2025-02-26,Current account,Email,Retail,53.0,13.0,5.0,153.73,1.0,4.0,36.0,140.0,-0.55,"My current account was blocked for three days without any notice, and a transfer of 154 euros bounced. After 4 contacts with the branch and the call centre, nothing has changed. I am very disappointed with how this has been handled.",Resolved after investigation,58.02
CMP-000320,2025-02-27,Credit card,Email,Retail,39.0,8.3,2.0,205.72,1.0,2.0,28.0,155.0,-0.22,There is a transaction of 206 euros on my card statement that I never made. This has caused me a lot of stress and wasted time.,Resolved after investigation,0.0
CMP-000321,2025-02-27,Current account,Email,Retail,36.0,6.1,2.0,35.36,0.0,1.0,10.0,77.0,0.1,"I was charged 35 euros in fees that were never mentioned when I opened the account. I assume it is a mistake, but it needs to be resolved.",Resolved at first contact,0.0
CMP-000322,2025-02-27,Credit card,Phone,Retail,53.0,14.0,5.0,796.63,0.0,3.0,34.0,,,,Resolved after investigation,310.77
CMP-000323,2025-02-27,Mortgage,Phone,Retail,29.0,9.6,4.0,4442.01,1.0,3.0,35.0,,,,Resolved after investigation,2083.89
CMP-000324,2025-02-27,Credit card,Web form,Affluent,51.0,12.1,5.0,252.63,0.0,0.0,11.0,89.0,-0.25,The cash-advance fee of 253 euros on my card is not the one stated in the terms. This has caused me a lot of stress and wasted time.,Resolved at first contact,0.0
CMP-000325,2025-02-27,Insurance,Email,Retail,45.0,12.7,5.0,497.3,1.0,3.0,29.0,145.0,-0.41,"My claim of 497 euros on the policy linked to my account was rejected without any explanation. After 3 contacts with the branch and the call centre, nothing has changed. I am very disappointed with how this has been handled.",Resolved after investigation,148.82
CMP-000326,2025-02-27,Credit card,Phone,Retail,42.0,0.1,1.0,35.51,0.0,3.0,16.0,,,,Resolved at first contact,0.0
CMP-000327,2025-02-27,Current account,Phone,Affluent,66.0,17.7,7.0,264.6,2.0,2.0,21.0,,,,Resolved after investigation,0.0
CMP-000328,2025-02-27,Mortgage,Phone,Affluent,47.0,6.3,5.0,1524.81,1.0,4.0,41.0,200.0,-0.17,"My request to renegotiate the mortgage has been pending for weeks and the delay has cost me 1,525 euros. After 4 contacts with the branch and the call centre, nothing has changed. I assume it is a mistake, but it needs to be resolved.",Resolved after investigation,567.86
CMP-000329,2025-02-27,Insurance,Web form,Affluent,55.0,15.9,7.0,970.55,0.0,3.0,38.0,153.0,-0.44,"My claim of 971 euros on the policy linked to my account was rejected without any explanation. After 3 contacts with the branch and the call centre, nothing has changed. I am very disappointed with how this has been handled.",Resolved after investigation,124.93
CMP-000330,2025-02-28,Credit card,Email,Retail,50.0,14.5,4.0,704.64,1.0,1.0,25.0,197.0,-0.48,My card was blocked while I was abroad and I had to pay 705 euros in cash with no explanation. This has caused me a lot of stress and wasted time.,Resolved at first contact,0.0
CMP-000331,2025-02-28,Investments,Phone,Affluent,41.0,0.1,1.0,429.12,1.0,1.0,26.0,,,,Resolved after investigation,73.17
CMP-000332,2025-02-28,Current account,Web form,Retail,53.0,5.5,2.0,111.37,0.0,3.0,30.0,181.0,-0.26,I was charged 111 euros in fees that were never mentioned when I opened the account. I have already called 3 times and nobody has called me back. I am very disappointed with how this has been handled.,Resolved at first contact,0.0
CMP-000333,2025-02-28,Investments,Phone,Affluent,42.0,0.1,2.0,1595.65,1.0,3.0,53.0,,,,Escalated to ombudsman,1827.27
CMP-000334,2025-02-28,Personal loan,Phone,Affluent,31.0,4.5,4.0,293.76,0.0,2.0,6.0,,,,Resolved after investigation,99.33
CMP-000335,2025-02-28,Investments,Mobile app,Affluent,23.0,5.0,4.0,709.27,1.0,2.0,24.0,176.0,-0.13,My advisor moved my savings into a fund I never approved and the position is now 709 euros below what I invested. I would like this to be checked and corrected.,Resolved after investigation,305.7
CMP-000336,2025-03-02,Investments,Branch,Retail,44.0,13.8,5.0,1200.02,3.0,2.0,36.0,144.0,-0.21,"My advisor moved my savings into a fund I never approved and the position is now 1,200 euros below what I invested. This is not the first time I have had to complain about this. I expect a refund and a clear explanation.",Resolved after investigation,247.81
CMP-000337,2025-03-03,Personal loan,Web form,Retail,55.0,15.4,6.0,818.27,2.0,2.0,29.0,239.0,-0.64,My loan application was rejected after 27 days and the 818 euros I paid for the appraisal were not refunded. This is not the first time I have had to complain about this. I demand an immediate refund and a written apology.,Resolved after investigation,400.95
CMP-000338,2025-03-03,Investments,Phone,SME,49.0,3.7,2.0,,2.0,4.0,48.0,,,,Escalated to ombudsman,8769.91
CMP-000339,2025-03-03,Mortgage,Phone,Retail,46.0,9.9,4.0,232.79,0.0,4.0,37.0,130.0,-0.01,"An insurance premium of 233 euros was added to my mortgage instalment without my consent. I have already called 4 times and nobody has called me back. I assume it is a mistake, but it needs to be resolved.",Resolved at first contact,0.0
CMP-000340,2025-03-03,Credit card,Social media,unknown,44.0,5.8,3.0,,1.0,2.0,24.0,252.0,-0.44,"There is a transaction of 2,090 euros on my card statement that I never made. I am very disappointed with how this has been handled.",Resolved after investigation,338.03
CMP-000341,2025-03-03,Current account,Email,Retail,29.0,0.1,1.0,751.06,3.0,4.0,41.0,212.0,-0.66,A transfer of 751 euros I sent on the 11th never reached the beneficiary and nobody can tell me where it is. I have already called 4 times and nobody has called me back. This is not the first time I have had to complain about this. I have never been treated so badly by a bank.,Escalated to ombudsman,527.52
CMP-000342,2025-03-03,Mortgage,Mobile app,Retail,50.0,14.6,5.0,,1.0,2.0,53.0,189.0,-0.37,"My request to renegotiate the mortgage has been pending for weeks and the delay has cost me 4,705 euros. The problem dates back more than a month and is still open. I am very disappointed with how this has been handled.",Resolved after investigation,2126.47
CMP-000343,2025-03-03,Credit card,Email,Retail,59.0,9.6,4.0,573.81,2.0,3.0,31.0,190.0,-0.26,There is a transaction of 574 euros on my card statement that I never made. I have already called 3 times and nobody has called me back. This is not the first time I have had to complain about this. This has caused me a lot of stress and wasted time.,Resolved after investigation,0.0
CMP-000344,2025-03-03,Mortgage,Phone,Affluent,65.0,13.7,6.0,965.22,2.0,3.0,50.0,148.0,0.06,"My request to renegotiate the mortgage has been pending for weeks and the delay has cost me 965 euros. After 3 contacts with the branch and the call centre, nothing has changed. This is not the first time I have had to complain about this. The problem dates back more than a month and is still open. I assume it is a mistake, but it needs to be resolved.",Resolved after investigation,406.0
CMP-000345,2025-03-04,Current account,Mobile app,Retail,40.0,14.7,5.0,772.4,0.0,2.0,13.0,254.0,-0.42,A transfer of 772 euros I sent on the 6th never reached the beneficiary and nobody can tell me where it is. This has caused me a lot of stress and wasted time.,Resolved at first contact,0.0
CMP-000346,2025-03-04,Personal loan,Email,Private,60.0,13.8,7.0,9119.97,2.0,5.0,42.0,246.0,-0.61,"My loan application was rejected after 13 days and the 9,120 euros I paid for the appraisal were not refunded. I have already called 5 times and nobody has called me back. This is not the first time I have had to complain about this. This is unacceptable and I am furious.",Resolved after investigation,1594.76
CMP-000347,2025-03-04,Insurance,Phone,Retail,53.0,14.2,5.0,85.82,1.0,1.0,16.0,145.0,-0.28,My claim of 86 euros on the policy linked to my account was rejected without any explanation. I expect a refund and a clear explanation.,Resolved at first contact,0.0
CMP-000348,2025-03-04,Current account,Email,Retail,39.0,8.2,2.0,122.48,1.0,1.0,4.0,122.0,-0.28,I was charged 122 euros in fees that were never mentioned when I opened the account. I expect a refund and a clear explanation.,Resolved at first contact,0.0
CMP-000349,2025-03-05,Mortgage,Email,Retail,55.0,15.7,5.0,1664.09,1.0,3.0,33.0,,,,Escalated to ombudsman,784.07
CMP-000350,2025-03-05,Credit card,Branch,Retail,36.0,1.5,2.0,50.95,0.0,1.0,20.0,,,,Resolved at first contact,0.0
CMP-000351,2025-03-05,Current account,Email,Affluent,84.0,15.1,7.0,3446.16,2.0,4.0,34.0,205.0,-0.95,"An unauthorised direct debit of 3,446 euros was taken from my current account on the 7th. After 4 contacts with the branch and the call centre, nothing has changed. This is not the first time I have had to complain about this. If this is not resolved within a week I will take it to the ombudsman.",Escalated to ombudsman,3125.8
CMP-000352,2025-03-05,Credit card,Branch,Affluent,57.0,8.0,4.0,582.27,1.0,4.0,32.0,,,,Resolved after investigation,190.92
CMP-000353,2025-03-05,Current account,Email,Affluent,51.0,6.6,4.0,461.94,3.0,3.0,27.0,189.0,-0.25,"My current account was blocked for three days without any notice, and a transfer of 462 euros bounced. After 3 contacts with the branch and the call centre, nothing has changed. This is not the first time I have had to complain about this. I am very disappointed with how this has been handled.",Escalated to ombudsman,385.43
CMP-000354,2025-03-06,Current account,Phone,Affluent,45.0,8.3,5.0,129.01,0.0,2.0,10.0,76.0,0.4,An unauthorised direct debit of 129 euros was taken from my current account on the 12th. Your staff have been helpful so far; I just need this last point solved.,Resolved at first contact,0.0
CMP-000355,2025-03-06,Investments,Email,Private,41.0,2.6,4.0,,2.0,2.0,47.0,197.0,-0.65,"The costs of the investment product were never explained to me and I have paid 12,161 euros in charges. This is not the first time I have had to complain about this. The problem dates back more than a month and is still open. I have never been treated so badly by a bank.",Escalated to ombudsman,11443.97
CMP-000356,2025-03-06,Personal loan,Phone,SME,45.0,10.3,3.0,1796.31,0.0,3.0,25.0,,,,Resolved at first contact,0.0
CMP-000357,2025-03-06,Credit card,Email,Private,55.0,0.4,8.0,1796.6,1.0,3.0,17.0,210.0,-0.81,"My card was charged twice for the same purchase of 1,797 euros. This is my third attempt to get an answer from you. I demand an immediate refund and a written apology.",Resolved after investigation,697.02
CMP-000358,2025-03-06,Credit card,Phone,Retail,52.0,19.2,7.0,650.32,2.0,1.0,15.0,209.0,-0.11,There is a transaction of 650 euros on my card statement that I never made. This is not the first time I have had to complain about this. I would like this to be checked and corrected.,Resolved after investigation,77.67
CMP-000359,2025-03-06,Current account,Phone,Retail,47.0,4.1,2.0,54.96,1.0,4.0,17.0,175.0,-0.22,"My current account was blocked for three days without any notice, and a transfer of 55 euros bounced. I have already called 4 times and nobody has called me back. I am very disappointed with how this has been handled.",Resolved at first contact,0.0
CMP-000360,2025-03-06,Credit card,Mobile app,Retail,34.0,2.9,2.0,650.69,1.0,5.0,23.0,169.0,-0.58,"My card was blocked while I was abroad and I had to pay 651 euros in cash with no explanation. After 5 contacts with the branch and the call centre, nothing has changed. If this is not resolved within a week I will take it to the ombudsman.",Resolved after investigation,213.12
CMP-000361,2025-03-06,Investments,Email,Retail,43.0,3.9,1.0,1509.8,1.0,2.0,32.0,124.0,-0.21,"My advisor moved my savings into a fund I never approved and the position is now 1,510 euros below what I invested. This has caused me a lot of stress and wasted time.",Resolved at first contact,0.0
CMP-000362,2025-03-06,Current account,Phone,Retail,39.0,6.8,4.0,82.25,1.0,0.0,23.0,191.0,-0.42,An unauthorised direct debit of 82 euros was taken from my current account on the 9th. I expect a refund and a clear explanation.,Resolved at first contact,0.0
CMP-000363,2025-03-06,Current account,Email,Retail,47.0,8.9,3.0,133.0,0.0,1.0,0.0,104.0,-0.1,An unauthorised direct debit of 133 euros was taken from my current account on the 24th. Please let me know what happened and how it will be fixed.,Resolved at first contact,0.0
CMP-000364,2025-03-06,Investments,Web form,Retail,53.0,13.2,5.0,1332.31,1.0,4.0,32.0,169.0,-0.34,"My advisor moved my savings into a fund I never approved and the position is now 1,332 euros below what I invested. This is my fourth attempt to get an answer from you. I am very disappointed with how this has been handled.",Escalated to ombudsman,638.39
CMP-000365,2025-03-07,Credit card,Web form,Affluent,58.0,25.7,8.0,1048.61,1.0,6.0,35.0,198.0,-0.51,"There is a transaction of 1,049 euros on my card statement that I never made. This is my sixth attempt to get an answer from you. I am very disappointed with how this has been handled.",Resolved after investigation,295.16
CMP-000366,2025-03-07,Current account,Social media,Retail,30.0,10.0,4.0,126.29,2.0,1.0,7.0,203.0,-0.73,I was charged 126 euros in fees that were never mentioned when I opened the account. This is not the first time I have had to complain about this. If this is not resolved within a week I will take it to the ombudsman.,Resolved after investigation,34.15
CMP-000367,2025-03-08,Investments,Web form,Affluent,43.0,3.5,3.0,2119.1,2.0,2.0,55.0,171.0,-0.5,"The costs of the investment product were never explained to me and I have paid 2,119 euros in charges. This is not the first time I have had to complain about this. The problem dates back more than a month and is still open. I am very disappointed with how this has been handled.",Escalated to ombudsman,1426.45
CMP-000368,2025-03-09,Insurance,Phone,Affluent,29.0,2.5,3.0,99.0,1.0,2.0,25.0,121.0,-0.18,"My claim of 99 euros on the policy linked to my account was rejected without any explanation. I assume it is a mistake, but it needs to be resolved.",Resolved after investigation,10.73
CMP-000369,2025-03-10,Mortgage,Web form,Retail,47.0,6.9,2.0,3603.27,1.0,4.0,42.0,219.0,-0.21,"My request to renegotiate the mortgage has been pending for weeks and the delay has cost me 3,603 euros. This is my fourth attempt to get an answer from you. I expect a refund and a clear explanation.",Resolved after investigation,1436.49
CMP-000370,2025-03-10,Insurance,Web form,Retail,57.0,13.3,5.0,349.97,1.0,2.0,21.0,146.0,-0.48,My claim of 350 euros on the policy linked to my account was rejected without any explanation. I expect a refund and a clear explanation.,Resolved at first contact,0.0
CMP-000371,2025-03-10,Investments,Social media,Private,72.0,6.3,5.0,9521.86,3.0,3.0,48.0,194.0,-0.83,"My advisor moved my savings into a fund I never approved and the position is now 9,522 euros below what I invested. This is my third attempt to get an answer from you. This is not the first time I have had to complain about this. The problem dates back more than a month and is still open. This is unacceptable and I am furious.",Escalated to ombudsman,4697.27
CMP-000372,2025-03-10,Current account,Branch,Affluent,51.0,16.0,6.0,1223.42,0.0,3.0,4.0,,,,Resolved at first contact,0.0
CMP-000373,2025-03-10,Current account,Phone,Affluent,57.0,16.5,5.0,386.04,0.0,4.0,31.0,184.0,-0.08,A transfer of 386 euros I sent on the 9th never reached the beneficiary and nobody can tell me where it is. This is my fourth attempt to get an answer from you. I would like this to be checked and corrected.,Resolved after investigation,138.7
CMP-000374,2025-03-10,Credit card,Phone,Affluent,86.0,24.0,8.0,514.76,0.0,3.0,23.0,,,,Resolved at first contact,0.0
CMP-000375,2025-03-10,Current account,Phone,Retail,34.0,8.5,4.0,123.83,1.0,2.0,21.0,,,,Resolved at first contact,0.0
CMP-000376,2025-03-10,Mortgage,Phone,Retail,66.0,9.6,4.0,,4.0,4.0,54.0,251.0,-0.77,"My request to renegotiate the mortgage has been pending for weeks and the delay has cost me 11,580 euros. After 4 contacts with the branch and the call centre, nothing has changed. This is not the first time I have had to complain about this. The problem dates back more than a month and is still open. I have never been treated so badly by a bank.",Escalated to ombudsman,6736.83
CMP-000377,2025-03-10,Current account,Branch,Private,67.0,20.7,8.0,1803.74,0.0,1.0,18.0,,,,Resolved at first contact,0.0
CMP-000378,2025-03-10,Investments,Branch,Affluent,57.0,4.0,4.0,546.16,1.0,2.0,24.0,,,,Resolved after investigation,251.63
CMP-000379,2025-03-10,Personal loan,Branch,Retail,45.0,24.0,8.0,636.53,2.0,3.0,13.0,158.0,-0.33,My loan application was rejected after 12 days and the 637 euros I paid for the appraisal were not refunded. I have already called 3 times and nobody has called me back. This is not the first time I have had to complain about this. This has caused me a lot of stress and wasted time.,Resolved after investigation,209.53
CMP-000380,2025-03-10,Insurance,Email,Retail,49.0,9.8,4.0,,0.0,1.0,11.0,133.0,-0.61,My claim of 287 euros on the policy linked to my account was rejected without any explanation. I demand an immediate refund and a written apology.,Resolved at first contact,0.0
CMP-000381,2025-03-11,Personal loan,Phone,Private,65.0,11.1,6.0,1353.31,0.0,5.0,17.0,,,,Resolved after investigation,164.48
CMP-000382,2025-03-11,Current account,Web form,Affluent,51.0,15.9,7.0,704.66,1.0,3.0,31.0,127.0,-0.88,"A transfer of 705 euros I sent on the 13th never reached the beneficiary and nobody can tell me where it is. After 3 contacts with the branch and the call centre, nothing has changed. I demand an immediate refund and a written apology.",Resolved at first contact,0.0
CMP-000383,2025-03-11,Credit card,Phone,Retail,,12.2,6.0,523.65,1.0,2.0,32.0,173.0,-0.41,There is a transaction of 524 euros on my card statement that I never made. I expect a refund and a clear explanation.,Resolved after investigation,204.23
CMP-000384,2025-03-11,Mortgage,Mobile app,Retail,18.0,0.0,1.0,316.18,1.0,2.0,37.0,165.0,-0.04,An insurance premium of 316 euros was added to my mortgage instalment without my consent. Please let me know what happened and how it will be fixed.,Resolved at first contact,23.63
CMP-000385,2025-03-11,Credit card,Mobile app,Retail,51.0,7.1,3.0,352.9,0.0,3.0,34.0,117.0,-0.0,There is a transaction of 353 euros on my card statement that I never made. I have already called 3 times and nobody has called me back. I would like this to be checked and corrected.,Resolved at first contact,0.0
CMP-000386,2025-03-11,Current account,Phone,Affluent,81.0,19.7,7.0,456.87,0.0,2.0,5.0,174.0,0.0,An unauthorised direct debit of 457 euros was taken from my current account on the 19th. I would like this to be checked and corrected.,Resolved at first contact,0.0
CMP-000387,2025-03-11,Investments,Web form,Retail,38.0,6.3,3.0,962.39,2.0,4.0,43.0,237.0,-0.45,My advisor moved my savings into a fund I never approved and the position is now 962 euros below what I invested. This is my fourth attempt to get an answer from you. This is not the first time I have had to complain about this. This has caused me a lot of stress and wasted time.,Escalated to ombudsman,846.89
CMP-000388,2025-03-11,Current account,Email,Retail,53.0,10.6,6.0,915.44,1.0,2.0,24.0,182.0,-0.44,"My current account was blocked for three days without any notice, and a transfer of 915 euros bounced. This has caused me a lot of stress and wasted time.",Escalated to ombudsman,587.69
CMP-000389,2025-03-11,Credit card,Social media,Retail,35.0,2.3,1.0,75.35,0.0,2.0,32.0,181.0,-0.39,The cash-advance fee of 75 euros on my card is not the one stated in the terms. This has caused me a lot of stress and wasted time.,Resolved after investigation,20.51
CMP-000390,2025-03-12,Personal loan,Phone,Retail,59.0,15.0,5.0,179.16,0.0,0.0,15.0,,,,Resolved at first contact,0.0
CMP-000391,2025-03-12,Current account,Branch,Private,74.0,25.5,8.0,244.53,1.0,2.0,27.0,137.0,0.08,"An unauthorised direct debit of 245 euros was taken from my current account on the 14th. I assume it is a mistake, but it needs to be resolved.",Resolved at first contact,0.0
CMP-000392,2025-03-13,Investments,Phone,Retail,40.0,11.6,4.0,2560.12,2.0,3.0,49.0,,,,Resolved after investigation,1057.8
CMP-000393,2025-03-13,Current account,Phone,Retail,44.0,0.6,1.0,392.51,2.0,3.0,31.0,,,,Resolved after investigation,140.66
CMP-000394,2025-03-13,Current account,Mobile app,Retail,27.0,0.1,1.0,194.76,2.0,3.0,30.0,122.0,-0.32,A transfer of 195 euros I sent on the 11th never reached the beneficiary and nobody can tell me where it is. This is my third attempt to get an answer from you. This is not the first time I have had to complain about this. I am very disappointed with how this has been handled.,Escalated to ombudsman,284.38
CMP-000395,2025-03-13,Current account,Email,Affluent,35.0,13.6,6.0,110.18,0.0,1.0,0.0,125.0,-0.04,A transfer of 110 euros I sent on the 6th never reached the beneficiary and nobody can tell me where it is. I would like this to be checked and corrected.,Resolved at first contact,0.0
CMP-000396,2025-03-13,Current account,Branch,Retail,63.0,23.1,7.0,1839.35,1.0,5.0,28.0,165.0,-0.31,"An unauthorised direct debit of 1,839 euros was taken from my current account on the 11th. I have already called 5 times and nobody has called me back. This has caused me a lot of stress and wasted time.",Resolved after investigation,435.89
CMP-000397,2025-03-13,Current account,Mobile app,Retail,20.0,2.0,3.0,189.95,0.0,1.0,6.0,175.0,-0.2,I was charged 190 euros in fees that were never mentioned when I opened the account. Please let me know what happened and how it will be fixed.,Resolved at first contact,0.0
CMP-000398,2025-03-13,Personal loan,Mobile app,Private,54.0,11.6,7.0,,1.0,2.0,28.0,190.0,-0.65,"I asked to repay my loan early and the fee applied, 1,231 euros, is far above what the contract says. I have never been treated so badly by a bank.",Resolved at first contact,0.0
CMP-000399,2025-03-13,Credit card,Phone,Retail,43.0,5.0,1.0,134.45,1.0,4.0,16.0,,,,Resolved at first contact,0.0
CMP-000400,2025-03-14,Credit card,Phone,Retail,55.0,10.8,4.0,5344.26,1.0,4.0,38.0,183.0,-0.45,"My card was blocked while I was abroad and I had to pay 5,344 euros in cash with no explanation. After 4 contacts with the branch and the call centre, nothing has changed. I expect a refund and a clear explanation.",Resolved after investigation,560.22
CMP-000401,2025-03-14,Investments,Web form,Retail,24.0,2.2,1.0,172.32,0.0,1.0,26.0,106.0,0.02,I asked to sell my fund units on the 14th; the order was executed days later at a loss of 172 euros. I would like this to be checked and corrected.,Resolved after investigation,45.82
CMP-000402,2025-03-14,Current account,Email,Retail,54.0,10.9,4.0,1913.03,1.0,2.0,43.0,264.0,-0.22,"My current account was blocked for three days without any notice, and a transfer of 1,913 euros bounced. I am very disappointed with how this has been handled.",Resolved after investigation,825.21
CMP-000403,2025-03-14,Insurance,Email,Retail,58.0,19.3,7.0,1119.86,1.0,3.0,26.0,198.0,-0.59,"My claim of 1,120 euros on the policy linked to my account was rejected without any explanation. I have already called 3 times and nobody has called me back. I have never been treated so badly by a bank.",Resolved after investigation,467.05
CMP-000404,2025-03-14,Current account,Branch,SME,58.0,8.7,5.0,,2.0,5.0,36.0,,,,Escalated to ombudsman,1982.09
CMP-000405,2025-03-15,Current account,Phone,Retail,52.0,12.2,5.0,43.02,0.0,3.0,11.0,,,,Resolved at first contact,0.0
CMP-000406,2025-03-15,Credit card,Email,Retail,,1.8,1.0,278.44,1.0,2.0,38.0,159.0,-0.21,There is a transaction of 278 euros on my card statement that I never made. I expect a refund and a clear explanation.,Resolved after investigation,31.81
CMP-000407,2025-03-16,Current account,Web form,Affluent,44.0,7.0,5.0,474.08,0.0,2.0,20.0,171.0,-0.03,I was charged 474 euros in fees that were never mentioned when I opened the account. Please let me know what happened and how it will be fixed.,Resolved at first contact,0.0
CMP-000408,2025-03-17,Insurance,Web form,Affluent,59.0,10.6,5.0,839.08,1.0,4.0,35.0,237.0,-0.43,My claim of 839 euros on the policy linked to my account was rejected without any explanation. This is my fourth attempt to get an answer from you. This has caused me a lot of stress and wasted time.,Escalated to ombudsman,1171.62
CMP-000409,2025-03-17,Personal loan,Web form,Retail,52.0,16.2,6.0,984.37,2.0,2.0,2.0,181.0,-0.14,"The instalment taken for my loan is 984 euros higher than the amount agreed in the contract. This is not the first time I have had to complain about this. I assume it is a mistake, but it needs to be resolved.",Resolved after investigation,225.48
CMP-000410,2025-03-17,Investments,Branch,Affluent,55.0,14.8,6.0,1594.61,2.0,5.0,60.0,223.0,-0.83,"I asked to sell my fund units on the 25th; the order was executed days later at a loss of 1,595 euros. I have already called 5 times and nobody has called me back. This is not the first time I have had to complain about this. The problem dates back more than a month and is still open. I have never been treated so badly by a bank.",Escalated to ombudsman,954.51
CMP-000411,2025-03-17,Credit card,Web form,SME,61.0,17.6,7.0,234.9,0.0,1.0,16.0,154.0,-0.03,There is a transaction of 235 euros on my card statement that I never made. I would like this to be checked and corrected.,Resolved at first contact,0.0
CMP-000412,2025-03-17,Investments,Mobile app,Retail,31.0,5.0,3.0,15707.24,2.0,4.0,56.0,262.0,-1.0,"I asked to sell my fund units on the 18th; the order was executed days later at a loss of 15,707 euros. After 4 contacts with the branch and the call centre, nothing has changed. This is not the first time I have had to complain about this. The problem dates back more than a month and is still open. I have never been treated so badly by a bank.",Escalated to ombudsman,9983.97
CMP-000413,2025-03-17,Insurance,Phone,Retail,52.0,18.8,6.0,428.61,2.0,2.0,22.0,196.0,-0.44,The insurance policy was renewed and 429 euros charged although I had cancelled it in writing. This is not the first time I have had to complain about this. I am very disappointed with how this has been handled.,Resolved at first contact,0.0
CMP-000414,2025-03-17,Investments,Mobile app,Retail,44.0,0.1,1.0,313.94,1.0,1.0,28.0,172.0,0.09,"My advisor moved my savings into a fund I never approved and the position is now 314 euros below what I invested. I assume it is a mistake, but it needs to be resolved.",Resolved after investigation,0.0
CMP-000415,2025-03-17,Mortgage,Phone,Retail,41.0,8.1,5.0,1365.57,1.0,2.0,46.0,176.0,-0.3,"An insurance premium of 1,366 euros was added to my mortgage instalment without my consent. The problem dates back more than a month and is still open. This has caused me a lot of stress and wasted time.",Escalated to ombudsman,1181.73
CMP-000416,2025-03-17,Credit card,Phone,Retail,,0.8,2.0,700.44,0.0,3.0,25.0,133.0,-0.5,"There is a transaction of 700 euros on my card statement that I never made. After 3 contacts with the branch and the call centre, nothing has changed. I expect a refund and a clear explanation.",Resolved at first contact,0.0
CMP-000417,2025-03-17,Mortgage,Email,SME,65.0,12.7,4.0,2359.34,0.0,2.0,17.0,81.0,-0.15,"An insurance premium of 2,359 euros was added to my mortgage instalment without my consent. I would like this to be checked and corrected.",Resolved at first contact,0.0
CMP-000418,2025-03-18,Mortgage,Phone,Retail,54.0,8.8,3.0,251.89,0.0,2.0,35.0,,,,Resolved at first contact,0.0
CMP-000419,2025-03-18,Insurance,Web form,SME,43.0,13.9,5.0,2212.64,2.0,4.0,35.0,229.0,-0.52,"My claim of 2,213 euros on the policy linked to my account was rejected without any explanation. This is my fourth attempt to get an answer from you. This is not the first time I have had to complain about this. I am very disappointed with how this has been handled.",Escalated to ombudsman,1540.26
CMP-000420,2025-03-18,Current account,Web form,Affluent,52.0,10.4,6.0,95.59,0.0,3.0,13.0,77.0,0.04,I was charged 96 euros in fees that were never mentioned when I opened the account. This is my third attempt to get an answer from you. Please let me know what happened and how it will be fixed.,Resolved at first contact,0.0
CMP-000421,2025-03-18,Personal loan,Email,Retail,37.0,0.1,1.0,193.85,0.0,3.0,31.0,187.0,0.07,"I asked to repay my loan early and the fee applied, 194 euros, is far above what the contract says. This is my third attempt to get an answer from you. Please let me know what happened and how it will be fixed.",Resolved at first contact,0.0
CMP-000422,2025-03-18,Mortgage,Email,Affluent,68.0,14.1,8.0,479.08,1.0,3.0,34.0,121.0,-0.34,An insurance premium of 479 euros was added to my mortgage instalment without my consent. This is my third attempt to get an answer from you. This has caused me a lot of stress and wasted time.,Escalated to ombudsman,678.36
CMP-000423,2025-03-18,Personal loan,Email,Retail,62.0,22.0,7.0,1325.18,1.0,5.0,41.0,270.0,-0.64,"My loan application was rejected after 24 days and the 1,325 euros I paid for the appraisal were not refunded. I have already called 5 times and nobody has called me back. If this is not resolved within a week I will take it to the ombudsman.",Resolved after investigation,0.0
CMP-000424,2025-03-19,Insurance,Phone,Retail,41.0,6.7,3.0,420.48,0.0,4.0,39.0,,,,Resolved after investigation,120.18
CMP-000425,2025-03-19,Current account,Phone,Retail,62.0,10.1,4.0,96.51,2.0,3.0,23.0,,,,Resolved after investigation,31.32
CMP-000426,2025-03-19,Credit card,Branch,Retail,62.0,10.2,4.0,41.11,0.0,2.0,11.0,,,,Resolved at first contact,0.0
CMP-000427,2025-03-20,Investments,Branch,Retail,39.0,15.7,3.0,5476.04,3.0,5.0,68.0,,,,Escalated to ombudsman,6439.09
CMP-000428,2025-03-20,Credit card,Mobile app,SME,53.0,13.7,5.0,604.44,1.0,2.0,24.0,44.0,-0.31,My card was blocked while I was abroad and I had to pay 604 euros in cash with no explanation. I am very disappointed with how this has been handled.,Resolved at first contact,0.0
CMP-000429,2025-03-20,Current account,Email,Affluent,56.0,12.0,5.0,412.82,0.0,2.0,11.0,132.0,-0.3,An unauthorised direct debit of 413 euros was taken from my current account on the 5th. I expect a refund and a clear explanation.,Resolved at first contact,0.0
CMP-000430,2025-03-20,Credit card,Mobile app,Retail,54.0,13.5,5.0,499.25,2.0,3.0,39.0,192.0,-0.5,"My card was charged twice for the same purchase of 499 euros. After 3 contacts with the branch and the call centre, nothing has changed. This is not the first time I have had to complain about this. I am very disappointed with how this has been handled.",Resolved at first contact,0.0
CMP-000431,2025-03-20,Current account,Web form,Retail,48.0,1.5,1.0,88.78,2.0,2.0,39.0,199.0,-0.49,A transfer of 89 euros I sent on the 26th never reached the beneficiary and nobody can tell me where it is. This is not the first time I have had to complain about this. This has caused me a lot of stress and wasted time.,Resolved after investigation,19.04
CMP-000432,2025-03-21,Insurance,Phone,Retail,34.0,9.6,4.0,112.17,0.0,1.0,19.0,65.0,0.14,The insurance policy was renewed and 112 euros charged although I had cancelled it in writing. Please let me know what happened and how it will be fixed.,Resolved at first contact,0.0
CMP-000433,2025-03-21,Insurance,Social media,Retail,31.0,13.0,5.0,136.52,0.0,2.0,44.0,60.0,0.07,The insurance policy was renewed and 137 euros charged although I had cancelled it in writing. I would like this to be checked and corrected.,Resolved after investigation,0.0
CMP-000434,2025-03-21,Insurance,Email,Affluent,42.0,9.2,5.0,584.0,1.0,2.0,5.0,182.0,-0.22,My claim of 584 euros on the policy linked to my account was rejected without any explanation. I expect a refund and a clear explanation.,Resolved at first contact,0.0
CMP-000435,2025-03-21,Personal loan,Branch,Retail,68.0,19.3,7.0,665.52,1.0,2.0,20.0,173.0,0.08,"My loan application was rejected after 6 days and the 666 euros I paid for the appraisal were not refunded. I assume it is a mistake, but it needs to be resolved.",Resolved at first contact,0.0
CMP-000436,2025-03-21,Investments,Phone,Retail,56.0,15.1,4.0,4207.1,2.0,6.0,67.0,217.0,-0.59,"My advisor moved my savings into a fund I never approved and the position is now 4,207 euros below what I invested. After 6 contacts with the branch and the call centre, nothing has changed. This is not the first time I have had to complain about this. The problem dates back more than a month and is still open. If this is not resolved within a week I will take it to the ombudsman.",Escalated to ombudsman,2710.14
CMP-000437,2025-03-21,Current account,Email,SME,25.0,0.1,1.0,1086.57,0.0,5.0,32.0,131.0,-0.5,"An unauthorised direct debit of 1,087 euros was taken from my current account on the 24th. I have already called 5 times and nobody has called me back. This has caused me a lot of stress and wasted time.",Resolved after investigation,397.11
CMP-000438,2025-03-22,Mortgage,Branch,Retail,,4.9,2.0,587.83,1.0,3.0,46.0,207.0,-0.25,My request to renegotiate the mortgage has been pending for weeks and the delay has cost me 588 euros. This is my third attempt to get an answer from you. The problem dates back more than a month and is still open. I am very disappointed with how this has been handled.,Resolved after investigation,93.59
CMP-000439,2025-03-22,Personal loan,Branch,Retail,28.0,0.1,2.0,185.42,2.0,4.0,19.0,,,,Resolved after investigation,48.38
CMP-000440,2025-03-22,Current account,Phone,Retail,25.0,2.2,2.0,464.31,2.0,4.0,29.0,,,,Resolved after investigation,198.96
CMP-000441,2025-03-22,Personal loan,Phone,Retail,50.0,17.3,6.0,91.32,0.0,0.0,20.0,128.0,0.31,"I asked to repay my loan early and the fee applied, 91 euros, is far above what the contract says. I have always been happy with the bank, so I am sure this can be sorted out quickly.",Resolved at first contact,0.0
CMP-000442,2025-03-24,Credit card,Social media,SME,46.0,3.7,2.0,1506.81,2.0,4.0,23.0,272.0,-0.57,"The cash-advance fee of 1,507 euros on my card is not the one stated in the terms. This is my fourth attempt to get an answer from you. This is not the first time I have had to complain about this. This is unacceptable and I am furious.",Escalated to ombudsman,1598.52
CMP-000443,2025-03-24,Credit card,Mobile app,Retail,44.0,2.0,3.0,221.05,2.0,4.0,23.0,172.0,-0.3,"My card was charged twice for the same purchase of 221 euros. After 4 contacts with the branch and the call centre, nothing has changed. This is not the first time I have had to complain about this. This has caused me a lot of stress and wasted time.",Resolved at first contact,0.0
CMP-000444,2025-03-24,Credit card,Mobile app,Affluent,39.0,8.5,4.0,59.08,0.0,0.0,3.0,60.0,0.26,My card was blocked while I was abroad and I had to pay 59 euros in cash with no explanation. Thank you in advance for looking into it.,Resolved at first contact,0.0
CMP-000445,2025-03-24,Current account,Email,Retail,61.0,14.6,5.0,1102.66,3.0,2.0,33.0,181.0,-0.92,"I was charged 1,103 euros in fees that were never mentioned when I opened the account. This is not the first time I have had to complain about this. If this is not resolved within a week I will take it to the ombudsman.",Escalated to ombudsman,1406.82
CMP-000446,2025-03-24,Current account,Email,Private,58.0,4.6,5.0,135.36,1.0,4.0,12.0,179.0,-0.08,"An unauthorised direct debit of 135 euros was taken from my current account on the 17th. After 4 contacts with the branch and the call centre, nothing has changed. Please let me know what happened and how it will be fixed.",Resolved at first contact,0.0
CMP-000447,2025-03-24,Credit card,Web form,Retail,41.0,0.1,2.0,90.07,0.0,0.0,6.0,103.0,-0.09,The cash-advance fee of 90 euros on my card is not the one stated in the terms. I would like this to be checked and corrected.,Resolved at first contact,33.19
CMP-000448,2025-03-24,Personal loan,Mobile app,Retail,31.0,3.8,2.0,638.15,2.0,3.0,42.0,223.0,-0.18,The instalment taken for my loan is 638 euros higher than the amount agreed in the contract. This is my third attempt to get an answer from you. This is not the first time I have had to complain about this. Please let me know what happened and how it will be fixed.,Resolved after investigation,131.16
CMP-000449,2025-03-24,Investments,Branch,Retail,53.0,18.6,7.0,1525.46,1.0,4.0,22.0,168.0,-0.16,"The costs of the investment product were never explained to me and I have paid 1,525 euros in charges. This is my fourth attempt to get an answer from you. I assume it is a mistake, but it needs to be resolved.",Resolved after investigation,418.84
CMP-000450,2025-03-24,Investments,Email,Retail,41.0,17.1,7.0,575.31,0.0,0.0,23.0,105.0,-0.06,My advisor moved my savings into a fund I never approved and the position is now 575 euros below what I invested. I would like this to be checked and corrected.,Resolved at first contact,0.0
CMP-000451,2025-03-24,Current account,Email,Retail,39.0,4.7,2.0,1183.37,2.0,4.0,31.0,226.0,-0.78,"My current account was blocked for three days without any notice, and a transfer of 1,183 euros bounced. This is my fourth attempt to get an answer from you. This is not the first time I have had to complain about this. This is unacceptable and I am furious.",Escalated to ombudsman,1566.32
CMP-000452,2025-03-24,Current account,Mobile app,Retail,,3.7,2.0,87.92,0.0,0.0,11.0,97.0,-0.37,I was charged 88 euros in fees that were never mentioned when I opened the account. I am very disappointed with how this has been handled.,Resolved at first contact,0.0
CMP-000453,2025-03-24,Current account,Email,SME,42.0,2.3,2.0,605.64,2.0,2.0,21.0,132.0,-0.47,A transfer of 606 euros I sent on the 16th never reached the beneficiary and nobody can tell me where it is. This is not the first time I have had to complain about this. This has caused me a lot of stress and wasted time.,Resolved at first contact,0.0
CMP-000454,2025-03-24,Current account,Email,Retail,,17.0,6.0,438.07,0.0,4.0,36.0,138.0,-0.61,"I was charged 438 euros in fees that were never mentioned when I opened the account. After 4 contacts with the branch and the call centre, nothing has changed. This is unacceptable and I am furious.",Resolved after investigation,195.73
CMP-000455,2025-03-24,Current account,Web form,Retail,46.0,12.4,5.0,124.5,2.0,2.0,28.0,202.0,-0.47,"My current account was blocked for three days without any notice, and a transfer of 124 euros bounced. This is not the first time I have had to complain about this. I am very disappointed with how this has been handled.",Escalated to ombudsman,307.78
CMP-000456,2025-03-25,Credit card,Phone,Private,66.0,9.9,6.0,4158.29,1.0,4.0,26.0,,,,Resolved after investigation,1916.43
CMP-000457,2025-03-26,Investments,Web form,Retail,26.0,8.0,3.0,428.89,2.0,3.0,44.0,211.0,-0.63,My advisor moved my savings into a fund I never approved and the position is now 429 euros below what I invested. I have already called 3 times and nobody has called me back. This is not the first time I have had to complain about this. I have never been treated so badly by a bank.,Resolved after investigation,101.11
CMP-000458,2025-03-26,Mortgage,Mobile app,Private,27.0,0.1,3.0,1395.95,1.0,2.0,41.0,147.0,-0.05,"An insurance premium of 1,396 euros was added to my mortgage instalment without my consent. I would like this to be checked and corrected.",Escalated to ombudsman,1188.76
CMP-000459,2025-03-26,Credit card,Mobile app,Private,59.0,4.7,5.0,1252.85,0.0,3.0,31.0,164.0,-0.55,"There is a transaction of 1,253 euros on my card statement that I never made. This is my third attempt to get an answer from you. I am very disappointed with how this has been handled.",Resolved after investigation,624.32
CMP-000460,2025-03-26,Investments,Branch,Retail,35.0,6.3,3.0,1481.0,0.0,3.0,29.0,215.0,-0.17,"I asked to sell my fund units on the 17th; the order was executed days later at a loss of 1,481 euros. I have already called 3 times and nobody has called me back. I would like this to be checked and corrected.",Resolved at first contact,21.92
CMP-000461,2025-03-26,Insurance,Phone,Affluent,48.0,12.4,6.0,2581.81,1.0,4.0,46.0,227.0,-0.6,"My claim of 2,582 euros on the policy linked to my account was rejected without any explanation. After 4 contacts with the branch and the call centre, nothing has changed. The problem dates back more than a month and is still open. If this is not resolved within a week I will take it to the ombudsman.",Escalated to ombudsman,2629.13
CMP-000462,2025-03-26,Credit card,Phone,Private,43.0,16.6,8.0,1595.58,2.0,4.0,25.0,,,,Escalated to ombudsman,1023.59
CMP-000463,2025-03-27,Credit card,Phone,Retail,52.0,8.9,3.0,2770.67,1.0,3.0,24.0,169.0,-0.59,"There is a transaction of 2,771 euros on my card statement that I never made. This is my third attempt to get an answer from you. If this is not resolved within a week I will take it to the ombudsman.",Escalated to ombudsman,2523.57
CMP-000464,2025-03-27,Mortgage,Web form,Private,48.0,15.4,8.0,,2.0,4.0,34.0,181.0,-0.53,"The interest rate applied to my mortgage does not match the offer I signed, and I have overpaid 2,093 euros. This is my fourth attempt to get an answer from you. This is not the first time I have had to complain about this. I am very disappointed with how this has been handled.",Escalated to ombudsman,2129.28
CMP-000465,2025-03-27,Investments,Phone,Retail,50.0,10.2,6.0,1818.56,1.0,4.0,41.0,171.0,-0.45,"My advisor moved my savings into a fund I never approved and the position is now 1,819 euros below what I invested. I have already called 4 times and nobody has called me back. I am very disappointed with how this has been handled.",Resolved after investigation,0.0
CMP-000466,2025-03-27,Personal loan,Branch,Retail,44.0,6.9,4.0,336.68,0.0,2.0,13.0,,,,Resolved at first contact,0.0
CMP-000467,2025-03-27,Credit card,Email,Retail,47.0,7.6,4.0,285.14,1.0,2.0,30.0,245.0,-0.36,My card was charged twice for the same purchase of 285 euros. I expect a refund and a clear explanation.,Resolved after investigation,100.12
CMP-000468,2025-03-27,Credit card,Email,Retail,,6.9,3.0,168.5,1.0,2.0,15.0,104.0,-0.04,My card was charged twice for the same purchase of 168 euros. I would like this to be checked and corrected.,Resolved at first contact,0.0
CMP-000469,2025-03-27,Current account,Mobile app,Retail,26.0,5.7,3.0,1363.51,2.0,3.0,22.0,265.0,-0.37,"An unauthorised direct debit of 1,364 euros was taken from my current account on the 11th. After 3 contacts with the branch and the call centre, nothing has changed. This is not the first time I have had to complain about this. I am very disappointed with how this has been handled.",Resolved after investigation,145.87
CMP-000470,2025-03-27,Current account,Phone,Retail,53.0,13.2,5.0,792.63,1.0,3.0,24.0,,,,Resolved at first contact,0.0
CMP-000471,2025-03-27,Credit card,Web form,Retail,39.0,10.0,4.0,674.62,0.0,2.0,36.0,254.0,-0.39,The cash-advance fee of 675 euros on my card is not the one stated in the terms. This has caused me a lot of stress and wasted time.,Resolved after investigation,0.0
CMP-000472,2025-03-27,Current account,Email,Affluent,60.0,10.7,5.0,255.25,0.0,2.0,30.0,200.0,-0.14,An unauthorised direct debit of 255 euros was taken from my current account on the 19th. I would like this to be checked and corrected.,Resolved at first contact,0.0
CMP-000473,2025-03-27,Insurance,Phone,Retail,62.0,3.6,2.0,741.78,0.0,2.0,20.0,,,,Resolved at first contact,0.0
CMP-000474,2025-03-28,Personal loan,Email,SME,61.0,15.6,5.0,2834.43,1.0,2.0,29.0,132.0,-0.61,"The instalment taken for my loan is 2,834 euros higher than the amount agreed in the contract. I have never been treated so badly by a bank.",Resolved after investigation,851.09
CMP-000475,2025-03-28,Personal loan,Email,Retail,58.0,7.0,4.0,173.0,0.0,1.0,1.0,79.0,0.11,"I asked to repay my loan early and the fee applied, 173 euros, is far above what the contract says. Please let me know what happened and how it will be fixed.",Resolved at first contact,0.0
CMP-000476,2025-03-29,Credit card,Social media,Affluent,48.0,7.9,4.0,469.27,1.0,2.0,1.0,104.0,0.14,There is a transaction of 469 euros on my card statement that I never made. I would like this to be checked and corrected.,Resolved at first contact,0.0
CMP-000477,2025-03-29,Credit card,Phone,SME,51.0,9.6,4.0,1296.57,2.0,3.0,36.0,,,,Escalated to ombudsman,1613.81
CMP-000478,2025-03-29,Credit card,Email,Retail,44.0,19.1,7.0,804.57,1.0,3.0,44.0,210.0,-0.59,"My card was blocked while I was abroad and I had to pay 805 euros in cash with no explanation. After 3 contacts with the branch and the call centre, nothing has changed. I have never been treated so badly by a bank.",Escalated to ombudsman,1147.65
CMP-000479,2025-03-30,Credit card,Phone,Retail,62.0,15.9,7.0,366.87,1.0,4.0,34.0,,,,Resolved after investigation,154.43
CMP-000480,2025-03-31,Credit card,Web form,Retail,59.0,9.7,4.0,154.39,1.0,0.0,10.0,116.0,-0.06,My card was charged twice for the same purchase of 154 euros. I would like this to be checked and corrected.,Resolved at first contact,22.21
CMP-000481,2025-03-31,Credit card,Phone,Private,43.0,5.1,5.0,307.6,1.0,2.0,7.0,,,,Resolved at first contact,0.0
CMP-000482,2025-03-31,Current account,Phone,Retail,65.0,18.2,6.0,3093.05,3.0,4.0,28.0,,,,Resolved at first contact,0.0
CMP-000483,2025-03-31,Personal loan,Mobile app,Retail,48.0,8.2,5.0,1003.39,2.0,4.0,35.0,235.0,-0.44,"My loan application was rejected after 13 days and the 1,003 euros I paid for the appraisal were not refunded. This is my fourth attempt to get an answer from you. This is not the first time I have had to complain about this. This has caused me a lot of stress and wasted time.",Resolved after investigation,151.13
CMP-000484,2025-03-31,Investments,Web form,Retail,25.0,0.7,1.0,1485.66,1.0,5.0,52.0,222.0,-0.46,"I asked to sell my fund units on the 16th; the order was executed days later at a loss of 1,486 euros. This is my fifth attempt to get an answer from you. The problem dates back more than a month and is still open. This has caused me a lot of stress and wasted time.",Escalated to ombudsman,794.94
CMP-000485,2025-03-31,Current account,Phone,SME,45.0,0.3,2.0,49.99,1.0,1.0,0.0,,,,Resolved at first contact,0.0
CMP-000486,2025-03-31,Personal loan,E-mail,Affluent,34.0,16.0,7.0,1361.85,1.0,3.0,29.0,176.0,-0.66,"The instalment taken for my loan is 1,362 euros higher than the amount agreed in the contract. I have already called 3 times and nobody has called me back. This is unacceptable and I am furious.",Resolved after investigation,0.0
CMP-000487,2025-03-31,Insurance,Social media,unknown,36.0,6.4,3.0,992.57,2.0,3.0,20.0,236.0,-0.52,"My claim of 993 euros on the policy linked to my account was rejected without any explanation. After 3 contacts with the branch and the call centre, nothing has changed. This is not the first time I have had to complain about this. I expect a refund and a clear explanation.",Resolved after investigation,157.99
CMP-000488,2025-03-31,Current account,Phone,SME,39.0,6.4,3.0,938.47,1.0,4.0,28.0,212.0,-0.5,"An unauthorised direct debit of 938 euros was taken from my current account on the 17th. After 4 contacts with the branch and the call centre, nothing has changed. I am very disappointed with how this has been handled.",Resolved at first contact,0.0
CMP-000489,2025-03-31,Personal loan,Phone,Affluent,28.0,0.1,2.0,262.65,0.0,1.0,20.0,203.0,-0.22,The instalment taken for my loan is 263 euros higher than the amount agreed in the contract. I expect a refund and a clear explanation.,Resolved at first contact,0.0
CMP-000490,2025-03-31,Credit card,Branch,Affluent,63.0,19.3,7.0,638.07,1.0,3.0,20.0,175.0,-0.54,The cash-advance fee of 638 euros on my card is not the one stated in the terms. I have already called 3 times and nobody has called me back. I expect a refund and a clear explanation.,Resolved at first contact,0.0
CMP-000491,2025-04-01,Credit card,Email,SME,55.0,13.9,6.0,,2.0,2.0,30.0,175.0,-0.64,"My card was charged twice for the same purchase of 1,957 euros. This is not the first time I have had to complain about this. This is unacceptable and I am furious.",Resolved after investigation,809.61
CMP-000492,2025-04-01,Current account,Phone,Retail,41.0,7.4,3.0,1040.0,2.0,2.0,39.0,,,,Resolved after investigation,424.61
CMP-000493,2025-04-01,Current account,Phone,Affluent,50.0,3.1,5.0,1061.05,1.0,4.0,33.0,189.0,-0.1,"A transfer of 1,061 euros I sent on the 14th never reached the beneficiary and nobody can tell me where it is. This is my fourth attempt to get an answer from you. I assume it is a mistake, but it needs to be resolved.",Resolved after investigation,439.85
CMP-000494,2025-04-01,Current account,Phone,Retail,44.0,9.7,4.0,128.2,0.0,2.0,8.0,,,,Resolved at first contact,0.0
CMP-000495,2025-04-02,Current account,Email,Affluent,48.0,0.1,1.0,191.1,2.0,4.0,44.0,257.0,-0.85,"A transfer of 191 euros I sent on the 8th never reached the beneficiary and nobody can tell me where it is. After 4 contacts with the branch and the call centre, nothing has changed. This is not the first time I have had to complain about this. If this is not resolved within a week I will take it to the ombudsman.",Escalated to ombudsman,294.92
CMP-000496,2025-04-02,Mortgage,Phone,Retail,46.0,11.8,5.0,828.78,1.0,3.0,39.0,217.0,-0.19,"The interest rate applied to my mortgage does not match the offer I signed, and I have overpaid 829 euros. This is my third attempt to get an answer from you. I would like this to be checked and corrected.",Resolved after investigation,112.04
CMP-000497,2025-04-02,Current account,Web form,Retail,40.0,4.8,4.0,314.67,1.0,2.0,12.0,114.0,-0.36,I was charged 315 euros in fees that were never mentioned when I opened the account. This has caused me a lot of stress and wasted time.,Resolved after investigation,0.0
CMP-000498,2025-04-02,Current account,Phone,Retail,39.0,11.3,5.0,407.78,2.0,2.0,38.0,167.0,-0.1,"My current account was blocked for three days without any notice, and a transfer of 408 euros bounced. This is not the first time I have had to complain about this. I assume it is a mistake, but it needs to be resolved.",Resolved after investigation,0.0
CMP-000499,2025-04-02,Current account,Email,Retail,33.0,3.2,3.0,188.94,1.0,4.0,37.0,160.0,-0.71,"I was charged 189 euros in fees that were never mentioned when I opened the account. After 4 contacts with the branch and the call centre, nothing has changed. This is unacceptable and I am furious.",Resolved after investigation,44.9
CMP-000500,2025-04-02,Credit card,Phone,SME,53.0,4.5,4.0,492.69,1.0,2.0,19.0,,,,Resolved after investigation,229.46
CMP-000501,2025-04-02,Insurance,Branch,Retail,31.0,0.1,2.0,,1.0,4.0,31.0,,,,Resolved after investigation,89.24
CMP-000502,2025-04-02,Credit card,Phone,Affluent,89.0,24.3,8.0,870.56,1.0,1.0,15.0,,,,Resolved after investigation,328.83
CMP-000503,2025-04-02,Credit card,Phone,Retail,38.0,0.1,1.0,82.87,0.0,1.0,26.0,175.0,-0.3,The cash-advance fee of 83 euros on my card is not the one stated in the terms. I am very disappointed with how this has been handled.,Resolved at first contact,0.0
CMP-000504,2025-04-03,Credit card,Branch,SME,52.0,10.9,3.0,2226.02,0.0,2.0,34.0,222.0,-0.27,"The cash-advance fee of 2,226 euros on my card is not the one stated in the terms. I am very disappointed with how this has been handled.",Resolved after investigation,552.14
CMP-000505,2025-04-03,Credit card,Mobile app,Retail,,2.1,2.0,135908.0,2.0,4.0,37.0,273.0,-0.5,"The cash-advance fee of 1,359 euros on my card is not the one stated in the terms. After 4 contacts with the branch and the call centre, nothing has changed. This is not the first time I have had to complain about this. I expect a refund and a clear explanation.",Escalated to ombudsman,1466.71
CMP-000506,2025-04-03,Current account,Web form,SME,31.0,4.7,2.0,72.66,2.0,2.0,28.0,180.0,-0.15,A transfer of 73 euros I sent on the 7th never reached the beneficiary and nobody can tell me where it is. This is not the first time I have had to complain about this. Please let me know what happened and how it will be fixed.,Resolved after investigation,23.32
CMP-000507,2025-04-03,Mortgage,Branch,Retail,35.0,4.6,1.0,378.59,0.0,1.0,30.0,148.0,-0.22,My request to renegotiate the mortgage has been pending for weeks and the delay has cost me 379 euros. I am very disappointed with how this has been handled.,Resolved at first contact,0.0
CMP-000508,2025-04-03,Mortgage,Branch,Retail,27.0,0.1,1.0,109.1,1.0,2.0,39.0,190.0,-0.39,"The interest rate applied to my mortgage does not match the offer I signed, and I have overpaid 109 euros. I am very disappointed with how this has been handled.",Resolved at first contact,0.0
CMP-000509,2025-04-03,Credit card,Phone,Retail,67.0,23.7,8.0,75.17,0.0,3.0,9.0,118.0,0.14,My card was charged twice for the same purchase of 75 euros. This is my third attempt to get an answer from you. I would like this to be checked and corrected.,Resolved at first contact,0.0
CMP-000510,2025-04-03,Mortgage,Email,Retail,43.0,5.7,3.0,987.6,2.0,4.0,53.0,158.0,-0.43,"An insurance premium of 988 euros was added to my mortgage instalment without my consent. After 4 contacts with the branch and the call centre, nothing has changed. This is not the first time I have had to complain about this. The problem dates back more than a month and is still open. I expect a refund and a clear explanation.",Resolved after investigation,295.84
CMP-000511,2025-04-04,Insurance,Phone,SME,80.0,24.0,8.0,712.19,1.0,3.0,42.0,110.0,-0.17,The insurance policy was renewed and 712 euros charged although I had cancelled it in writing. I have already called 3 times and nobody has called me back. Please let me know what happened and how it will be fixed.,Resolved after investigation,116.35
CMP-000512,2025-04-05,Mortgage,Email,SME,55.0,8.0,3.0,,1.0,2.0,43.0,181.0,-0.42,"My request to renegotiate the mortgage has been pending for weeks and the delay has cost me 1,277 euros. I expect a refund and a clear explanation.",Escalated to ombudsman,1009.49
CMP-000513,2025-04-06,Credit card,Email,Affluent,53.0,2.6,2.0,6333.9,2.0,4.0,43.0,269.0,-0.85,"There is a transaction of 6,334 euros on my card statement that I never made. This is my fourth attempt to get an answer from you. This is not the first time I have had to complain about this. I demand an immediate refund and a written apology.",Escalated to ombudsman,3231.05
CMP-000514,2025-04-07,Personal loan,Branch,Affluent,39.0,3.0,3.0,801.65,1.0,1.0,25.0,,,,Resolved after investigation,341.97
CMP-000515,2025-04-07,Mortgage,Mobile app,Retail,43.0,6.5,3.0,3137.82,2.0,6.0,59.0,213.0,-0.44,"My request to renegotiate the mortgage has been pending for weeks and the delay has cost me 3,138 euros. I have already called 6 times and nobody has called me back. This is not the first time I have had to complain about this. The problem dates back more than a month and is still open. I am very disappointed with how this has been handled.",Resolved after investigation,1483.58
CMP-000516,2025-04-07,Current account,Branch,Retail,47.0,16.1,6.0,363.32,2.0,3.0,30.0,161.0,-0.29,I was charged 363 euros in fees that were never mentioned when I opened the account. This is my third attempt to get an answer from you. This is not the first time I have had to complain about this. I expect a refund and a clear explanation.,Resolved after investigation,87.22
CMP-000517,2025-04-07,Investments,Mobile app,Retail,43.0,12.1,5.0,3008.22,2.0,5.0,31.0,195.0,-0.51,"The costs of the investment product were never explained to me and I have paid 3,008 euros in charges. I have already called 5 times and nobody has called me back. This is not the first time I have had to complain about this. This has caused me a lot of stress and wasted time.",Resolved after investigation,686.52
CMP-000518,2025-04-07,Insurance,Email,Affluent,64.0,16.2,7.0,,0.0,4.0,26.0,213.0,-0.65,"The insurance policy was renewed and 2,540 euros charged although I had cancelled it in writing. This is my fourth attempt to get an answer from you. This is unacceptable and I am furious.",Resolved after investigation,299.26
CMP-000519,2025-04-07,Investments,Branch,Retail,46.0,5.8,4.0,2472.95,0.0,3.0,48.0,191.0,-0.57,"My advisor moved my savings into a fund I never approved and the position is now 2,473 euros below what I invested. I have already called 3 times and nobody has called me back. The problem dates back more than a month and is still open. I demand an immediate refund and a written apology.",Resolved after investigation,1126.08
CMP-000520,2025-04-07,Credit card,Email,Retail,76.0,29.2,8.0,382.97,1.0,2.0,20.0,110.0,-0.36,There is a transaction of 383 euros on my card statement that I never made. I am very disappointed with how this has been handled.,Resolved at first contact,0.0
CMP-000521,2025-04-07,Current account,Branch,Retail,61.0,20.7,7.0,700.56,1.0,3.0,31.0,202.0,-0.31,I was charged 701 euros in fees that were never mentioned when I opened the account. This is my third attempt to get an answer from you. I am very disappointed with how this has been handled.,Resolved at first contact,0.0
CMP-000522,2025-04-07,Current account,Mobile app,Retail,25.0,7.0,4.0,429.85,2.0,3.0,20.0,129.0,-0.23,"My current account was blocked for three days without any notice, and a transfer of 430 euros bounced. After 3 contacts with the branch and the call centre, nothing has changed. This is not the first time I have had to complain about this. I am very disappointed with how this has been handled.",Resolved after investigation,144.05
CMP-000523,2025-04-07,Current account,Phone,SME,42.0,8.6,4.0,,1.0,4.0,27.0,,,,Escalated to ombudsman,1274.25
CMP-000524,2025-04-08,Credit card,Branch,Retail,66.0,16.8,5.0,48.2,0.0,0.0,16.0,200.0,0.11,My card was blocked while I was abroad and I had to pay 48 euros in cash with no explanation. I would like this to be checked and corrected.,Resolved at first contact,0.0
CMP-000525,2025-04-08,Mortgage,Email,Affluent,31.0,7.5,4.0,415.25,0.0,1.0,37.0,157.0,-0.21,"The interest rate applied to my mortgage does not match the offer I signed, and I have overpaid 415 euros. This has caused me a lot of stress and wasted time.",Resolved at first contact,0.0
CMP-000526,2025-04-08,Current account,Phone,Retail,69.0,10.2,4.0,201.21,0.0,1.0,8.0,169.0,0.44,An unauthorised direct debit of 201 euros was taken from my current account on the 11th. Your staff have been helpful so far; I just need this last point solved.,Resolved at first contact,0.0
CMP-000527,2025-04-08,Personal loan,Mobile app,Retail,34.0,5.3,3.0,52.51,0.0,1.0,2.0,,,,Resolved at first contact,0.0
CMP-000528,2025-04-08,Current account,Web form,SME,49.0,12.7,3.0,517.44,2.0,3.0,32.0,152.0,-0.39,"I was charged 517 euros in fees that were never mentioned when I opened the account. After 3 contacts with the branch and the call centre, nothing has changed. This is not the first time I have had to complain about this. I expect a refund and a clear explanation.",Escalated to ombudsman,568.48
CMP-000529,2025-04-08,Personal loan,Web form,Affluent,33.0,10.2,5.0,223.65,0.0,1.0,19.0,85.0,-0.13,My loan application was rejected after 7 days and the 224 euros I paid for the appraisal were not refunded. I would like this to be checked and corrected.,Resolved after investigation,108.22
CMP-000530,2025-04-09,Credit card,Mobile app,Retail,40.0,10.8,3.0,409.72,2.0,4.0,49.0,170.0,-0.35,The cash-advance fee of 410 euros on my card is not the one stated in the terms. I have already called 4 times and nobody has called me back. This is not the first time I have had to complain about this. The problem dates back more than a month and is still open. This has caused me a lot of stress and wasted time.,Resolved after investigation,100.33
CMP-000531,2025-04-09,Current account,Social media,Retail,35.0,1.4,2.0,295.5,2.0,2.0,27.0,253.0,-0.58,A transfer of 296 euros I sent on the 14th never reached the beneficiary and nobody can tell me where it is. This is not the first time I have had to complain about this. If this is not resolved within a week I will take it to the ombudsman.,Escalated to ombudsman,438.77
CMP-000532,2025-04-09,Personal loan,Social media,Retail,40.0,11.4,5.0,169.69,0.0,2.0,11.0,85.0,-0.09,"I asked to repay my loan early and the fee applied, 170 euros, is far above what the contract says. Please let me know what happened and how it will be fixed.",Resolved at first contact,0.0
CMP-000533,2025-04-10,Mortgage,Email,Retail,38.0,0.1,2.0,2368.87,1.0,2.0,36.0,175.0,-0.31,"The interest rate applied to my mortgage does not match the offer I signed, and I have overpaid 2,369 euros. This has caused me a lot of stress and wasted time.",Resolved after investigation,0.0
CMP-000534,2025-04-10,Credit card,Email,Retail,33.0,0.1,1.0,89.52,0.0,0.0,13.0,129.0,0.11,"My card was charged twice for the same purchase of 90 euros. I assume it is a mistake, but it needs to be resolved.",Resolved at first contact,0.0
CMP-000535,2025-04-10,Current account,Mobile app,Retail,28.0,0.1,1.0,196.85,1.0,2.0,7.0,127.0,-0.41,A transfer of 197 euros I sent on the 17th never reached the beneficiary and nobody can tell me where it is. This has caused me a lot of stress and wasted time.,Resolved at first contact,0.0
CMP-000536,2025-04-11,Insurance,Mobile app,Retail,45.0,12.2,4.0,48.84,0.0,1.0,15.0,121.0,0.35,"The insurance policy was renewed and 49 euros charged although I had cancelled it in writing. I have always been happy with the bank, so I am sure this can be sorted out quickly.",Resolved at first contact,0.0
CMP-000537,2025-04-11,Investments,Phone,Retail,38.0,6.6,2.0,,1.0,3.0,43.0,,,,Resolved after investigation,1415.69
CMP-000538,2025-04-11,Personal loan,Email,Retail,38.0,8.9,4.0,1606.26,3.0,4.0,45.0,198.0,-0.51,"I asked to repay my loan early and the fee applied, 1,606 euros, is far above what the contract says. After 4 contacts with the branch and the call centre, nothing has changed. This is not the first time I have had to complain about this. I am very disappointed with how this has been handled.",Escalated to ombudsman,874.09
CMP-000539,2025-04-11,Current account,Phone,Affluent,39.0,0.1,2.0,505.16,1.0,3.0,18.0,207.0,-0.15,"My current account was blocked for three days without any notice, and a transfer of 505 euros bounced. I have already called 3 times and nobody has called me back. I assume it is a mistake, but it needs to be resolved.",Resolved at first contact,0.0
CMP-000540,2025-04-11,Current account,Phone,unknown,49.0,16.6,5.0,188.37,1.0,4.0,16.0,144.0,-0.81,"I was charged 188 euros in fees that were never mentioned when I opened the account. After 4 contacts with the branch and the call centre, nothing has changed. I have never been treated so badly by a bank.",Resolved after investigation,0.0
CMP-000541,2025-04-11,Mortgage,Phone,Affluent,69.0,11.6,7.0,3630.21,1.0,4.0,22.0,197.0,-0.67,"My request to renegotiate the mortgage has been pending for weeks and the delay has cost me 3,630 euros. This is my fourth attempt to get an answer from you. I have never been treated so badly by a bank.",Resolved after investigation,863.09
CMP-000542,2025-04-12,Personal loan,Mobile app,Retail,34.0,9.1,5.0,247.68,0.0,4.0,12.0,176.0,-0.71,"I asked to repay my loan early and the fee applied, 248 euros, is far above what the contract says. I have already called 4 times and nobody has called me back. This is unacceptable and I am furious.",Escalated to ombudsman,368.78
CMP-000543,2025-04-12,Mortgage,Phone,Affluent,61.0,10.0,4.0,381.4,0.0,1.0,30.0,,,,Resolved at first contact,0.0
CMP-000544,2025-04-12,Personal loan,Mobile app,Retail,32.0,8.0,2.0,1105.48,1.0,3.0,14.0,207.0,-0.64,"I asked to repay my loan early and the fee applied, 1,105 euros, is far above what the contract says. This is my third attempt to get an answer from you. If this is not resolved within a week I will take it to the ombudsman.",Resolved after investigation,296.53
CMP-000545,2025-04-13,Credit card,Web form,Affluent,52.0,19.0,8.0,369.03,0.0,1.0,14.0,182.0,-0.13,The cash-advance fee of 369 euros on my card is not the one stated in the terms. I would like this to be checked and corrected.,Resolved at first contact,0.0
CMP-000546,2025-04-13,Current account,Web form,Retail,44.0,6.6,3.0,100.12,0.0,1.0,6.0,99.0,0.06,"My current account was blocked for three days without any notice, and a transfer of 100 euros bounced. I would like this to be checked and corrected.",Resolved at first contact,0.0
CMP-000547,2025-04-13,Mortgage,Phone,Retail,63.0,8.9,3.0,567.02,0.0,2.0,31.0,,,,Resolved after investigation,129.53
CMP-000548,2025-04-14,Current account,Phone,Private,77.0,27.0,8.0,642.62,0.0,3.0,31.0,,,,Resolved after investigation,231.49
CMP-000549,2025-04-14,Current account,Web form,Retail,52.0,8.1,3.0,231.89,1.0,1.0,19.0,169.0,0.08,I was charged 232 euros in fees that were never mentioned when I opened the account. I would like this to be checked and corrected.,Resolved at first contact,0.0
CMP-000550,2025-04-14,Current account,Email,Retail,58.0,5.8,2.0,1078.2,1.0,3.0,27.0,207.0,-0.14,"I was charged 1,078 euros in fees that were never mentioned when I opened the account. After 3 contacts with the branch and the call centre, nothing has changed. I would like this to be checked and corrected.",Resolved after investigation,498.84
CMP-000551,2025-04-14,Credit card,Email,Retail,56.0,15.1,5.0,213.1,0.0,3.0,37.0,185.0,-0.46,The cash-advance fee of 213 euros on my card is not the one stated in the terms. This is my third attempt to get an answer from you. This has caused me a lot of stress and wasted time.,Resolved at first contact,0.0
CMP-000552,2025-04-14,Credit card,Mobile app,Retail,32.0,6.3,4.0,,0.0,2.0,29.0,219.0,-0.32,My card was charged twice for the same purchase of 617 euros. I expect a refund and a clear explanation.,Resolved at first contact,0.0
CMP-000553,2025-04-14,Current account,Email,Affluent,38.0,4.5,5.0,211.73,0.0,0.0,16.0,154.0,0.13,An unauthorised direct debit of 212 euros was taken from my current account on the 12th. Please let me know what happened and how it will be fixed.,Resolved at first contact,0.0
CMP-000554,2025-04-14,Investments,Branch,Retail,61.0,18.0,5.0,,1.0,3.0,41.0,,,,Resolved after investigation,1083.33
CMP-000555,2025-04-14,Credit card,Phone,Retail,,6.2,4.0,528.84,0.0,3.0,31.0,,,,Resolved after investigation,102.8
CMP-000556,2025-04-14,Insurance,Mobile app,Retail,29.0,3.7,2.0,462.99,0.0,3.0,35.0,153.0,-0.22,My claim of 463 euros on the policy linked to my account was rejected without any explanation. I have already called 3 times and nobody has called me back. I am very disappointed with how this has been handled.,Resolved after investigation,195.42
CMP-000557,2025-04-14,Credit card,Mobile app,Private,56.0,5.0,6.0,1904.23,3.0,4.0,30.0,184.0,-0.4,"My card was blocked while I was abroad and I had to pay 1,904 euros in cash with no explanation. This is my fourth attempt to get an answer from you. This is not the first time I have had to complain about this. This has caused me a lot of stress and wasted time.",Resolved after investigation,246.97
CMP-000558,2025-04-14,Current account,Branch,Affluent,59.0,0.5,3.0,226.79,1.0,1.0,16.0,239.0,-0.74,An unauthorised direct debit of 227 euros was taken from my current account on the 16th. If this is not resolved within a week I will take it to the ombudsman.,Resolved at first contact,0.0
CMP-000559,2025-04-14,Credit card,Email,Retail,43.0,10.4,4.0,364.39,2.0,4.0,30.0,219.0,-0.13,The cash-advance fee of 364 euros on my card is not the one stated in the terms. I have already called 4 times and nobody has called me back. This is not the first time I have had to complain about this. Please let me know what happened and how it will be fixed.,Escalated to ombudsman,347.69
CMP-000560,2025-04-14,Current account,Mobile app,Retail,46.0,11.6,3.0,291.99,1.0,4.0,17.0,172.0,-0.67,An unauthorised direct debit of 292 euros was taken from my current account on the 11th. I have already called 4 times and nobody has called me back. I demand an immediate refund and a written apology.,Resolved after investigation,68.84
CMP-000561,2025-04-14,Investments,Mobile app,Affluent,57.0,10.0,5.0,7382.43,2.0,4.0,31.0,236.0,-0.67,"My advisor moved my savings into a fund I never approved and the position is now 7,382 euros below what I invested. This is my fourth attempt to get an answer from you. This is not the first time I have had to complain about this. This is unacceptable and I am furious.",Resolved after investigation,2098.46
CMP-000562,2025-04-14,Current account,Branch,Retail,50.0,12.4,5.0,78.55,1.0,2.0,32.0,168.0,-0.51,I was charged 79 euros in fees that were never mentioned when I opened the account. I expect a refund and a clear explanation.,Resolved after investigation,29.65
CMP-000563,2025-04-14,Investments,Branch,Affluent,71.0,17.7,7.0,687.45,2.0,2.0,27.0,125.0,-0.35,I asked to sell my fund units on the 16th; the order was executed days later at a loss of 687 euros. This is not the first time I have had to complain about this. This has caused me a lot of stress and wasted time.,Resolved after investigation,169.39
CMP-000564,2025-04-14,Investments,Branch,Retail,63.0,12.1,3.0,919.37,0.0,1.0,44.0,,,,Resolved at first contact,0.0
CMP-000565,2025-04-14,Credit card,Email,Retail,66.0,17.4,7.0,247.7,0.0,2.0,25.0,128.0,-0.06,"There is a transaction of 248 euros on my card statement that I never made. I assume it is a mistake, but it needs to be resolved.",Resolved at first contact,0.0
CMP-000566,2025-04-14,Insurance,Branch,Retail,57.0,12.6,4.0,468.75,1.0,1.0,37.0,132.0,-0.29,The insurance policy was renewed and 469 euros charged although I had cancelled it in writing. I am very disappointed with how this has been handled.,Resolved at first contact,0.0
CMP-000567,2025-04-15,Current account,Mobile app,Private,34.0,1.6,3.0,2020.93,1.0,3.0,32.0,267.0,-0.99,"I was charged 2,021 euros in fees that were never mentioned when I opened the account. After 3 contacts with the branch and the call centre, nothing has changed. This is unacceptable and I am furious.",Resolved after investigation,882.27
CMP-000568,2025-04-15,Current account,Phone,Retail,51.0,15.4,6.0,487.09,1.0,1.0,20.0,,,,Resolved at first contact,0.0
CMP-000569,2025-04-15,Investments,Mobile app,Private,49.0,8.5,6.0,,1.0,1.0,29.0,167.0,-0.16,"The costs of the investment product were never explained to me and I have paid 5,010 euros in charges. I would like this to be checked and corrected.",Resolved after investigation,2277.66
CMP-000570,2025-04-15,Current account,Email,Retail,32.0,7.6,3.0,60.21,0.0,1.0,6.0,40.0,0.12,"A transfer of 60 euros I sent on the 9th never reached the beneficiary and nobody can tell me where it is. I assume it is a mistake, but it needs to be resolved.",Resolved at first contact,0.0
CMP-000571,2025-04-15,Personal loan,Phone,Retail,48.0,14.8,7.0,,0.0,3.0,32.0,,,,Resolved after investigation,75.86
CMP-000572,2025-04-15,Investments,Phone,Affluent,72.0,20.1,7.0,1446.48,0.0,2.0,37.0,74.0,-0.16,"I asked to sell my fund units on the 7th; the order was executed days later at a loss of 1,446 euros. Please let me know what happened and how it will be fixed.",Resolved at first contact,0.0
CMP-000573,2025-04-15,Current account,Phone,Retail,62.0,12.3,5.0,27928.0,3.0,4.0,18.0,196.0,-0.4,An unauthorised direct debit of 279 euros was taken from my current account on the 19th. I have already called 4 times and nobody has called me back. This is not the first time I have had to complain about this. This has caused me a lot of stress and wasted time.,Resolved after investigation,0.0
CMP-000574,2025-04-16,Personal loan,Social media,SME,47.0,12.0,4.0,259.51,0.0,1.0,17.0,115.0,-0.19,"My loan application was rejected after 19 days and the 260 euros I paid for the appraisal were not refunded. I assume it is a mistake, but it needs to be resolved.",Resolved after investigation,42.63
CMP-000575,2025-04-17,Investments,Phone,Retail,64.0,10.8,4.0,2011.81,0.0,3.0,58.0,196.0,-0.82,"My advisor moved my savings into a fund I never approved and the position is now 2,012 euros below what I invested. After 3 contacts with the branch and the call centre, nothing has changed. The problem dates back more than a month and is still open. I demand an immediate refund and a written apology.",Resolved after investigation,0.0
CMP-000576,2025-04-17,Investments,Web form,Retail,39.0,9.9,5.0,4286.07,2.0,5.0,58.0,267.0,-0.67,"My advisor moved my savings into a fund I never approved and the position is now 4,286 euros below what I invested. I have already called 5 times and nobody has called me back. This is not the first time I have had to complain about this. The problem dates back more than a month and is still open. I have never been treated so badly by a bank.",Resolved after investigation,1562.36
CMP-000577,2025-04-17,Personal loan,Phone,Retail,59.0,12.5,5.0,365.96,0.0,1.0,5.0,,,,Resolved at first contact,0.0
CMP-000578,2025-04-17,Credit card,Email,Retail,36.0,5.2,3.0,150.23,2.0,4.0,22.0,115.0,-0.41,"There is a transaction of 150 euros on my card statement that I never made. After 4 contacts with the branch and the call centre, nothing has changed. This is not the first time I have had to complain about this. I am very disappointed with how this has been handled.",Resolved after investigation,72.13
CMP-000579,2025-04-17,Personal loan,Email,Affluent,53.0,23.0,8.0,,1.0,2.0,20.0,94.0,-0.16,"I asked to repay my loan early and the fee applied, 733 euros, is far above what the contract says. I would like this to be checked and corrected.",Resolved after investigation,163.9
CMP-000580,2025-04-18,Insurance,Social media,Retail,55.0,1.5,1.0,251.73,1.0,2.0,22.0,111.0,0.0,"The insurance policy was renewed and 252 euros charged although I had cancelled it in writing. I assume it is a mistake, but it needs to be resolved.",Resolved after investigation,58.88
CMP-000581,2025-04-18,Credit card,Mobile app,Retail,49.0,19.6,7.0,4178.93,1.0,4.0,35.0,260.0,-0.62,"The cash-advance fee of 4,179 euros on my card is not the one stated in the terms. I have already called 4 times and nobody has called me back. This is unacceptable and I am furious.",Resolved after investigation,1464.59
CMP-000582,2025-04-19,Mortgage,Web form,Private,60.0,13.5,7.0,10615.9,1.0,5.0,45.0,230.0,-0.67,"An insurance premium of 10,616 euros was added to my mortgage instalment without my consent. This is my fifth attempt to get an answer from you. This is unacceptable and I am furious.",Escalated to ombudsman,11006.63
CMP-000583,2025-04-20,Investments,Email,Affluent,54.0,10.8,6.0,,2.0,5.0,44.0,257.0,-0.55,"I asked to sell my fund units on the 15th; the order was executed days later at a loss of 5,809 euros. This is my fifth attempt to get an answer from you. This is not the first time I have had to complain about this. I am very disappointed with how this has been handled.",Resolved after investigation,1862.89
CMP-000584,2025-04-21,Current account,Branch,Retail,45.0,17.8,6.0,,1.0,3.0,22.0,183.0,-0.84,"I was charged 867 euros in fees that were never mentioned when I opened the account. After 3 contacts with the branch and the call centre, nothing has changed. I demand an immediate refund and a written apology.",Resolved at first contact,0.0
CMP-000585,2025-04-21,Insurance,Email,Retail,46.0,2.9,2.0,231.33,1.0,4.0,31.0,200.0,-0.71,"My claim of 231 euros on the policy linked to my account was rejected without any explanation. After 4 contacts with the branch and the call centre, nothing has changed. If this is not resolved within a week I will take it to the ombudsman.",Resolved after investigation,25.17
CMP-000586,2025-04-21,Mortgage,Phone,Retail,55.0,10.3,5.0,335.85,1.0,2.0,55.0,,,,Resolved at first contact,0.0
CMP-000587,2025-04-21,Current account,Branch,SME,62.0,14.5,7.0,309.39,1.0,0.0,0.0,95.0,-0.35,An unauthorised direct debit of 309 euros was taken from my current account on the 9th. I am very disappointed with how this has been handled.,Resolved at first contact,0.0
CMP-000588,2025-04-21,Personal loan,Email,Retail,22.0,4.0,4.0,302.54,0.0,2.0,12.0,126.0,-0.22,My loan application was rejected after 9 days and the 303 euros I paid for the appraisal were not refunded. This has caused me a lot of stress and wasted time.,Resolved at first contact,0.0
CMP-000589,2025-04-21,Current account,Web form,Retail,60.0,9.6,5.0,239.74,1.0,0.0,7.0,102.0,0.06,An unauthorised direct debit of 240 euros was taken from my current account on the 8th. Please let me know what happened and how it will be fixed.,Resolved at first contact,0.0
CMP-000590,2025-04-21,Credit card,Mobile app,Retail,41.0,14.4,6.0,167.83,0.0,3.0,29.0,186.0,0.1,There is a transaction of 168 euros on my card statement that I never made. This is my third attempt to get an answer from you. Please let me know what happened and how it will be fixed.,Resolved at first contact,0.0
CMP-000591,2025-04-21,Investments,Branch,SME,,14.0,4.0,,3.0,4.0,28.0,240.0,-0.89,"My advisor moved my savings into a fund I never approved and the position is now 33,367 euros below what I invested. I have already called 4 times and nobody has called me back. This is not the first time I have had to complain about this. I have never been treated so badly by a bank.",Escalated to ombudsman,32189.4
CMP-000592,2025-04-21,Current account,Phone,Retail,64.0,15.5,6.0,484.67,2.0,4.0,29.0,,,,Resolved after investigation,78.85
CMP-000593,2025-04-21,Credit card,Branch,Retail,73.0,9.1,4.0,736.23,1.0,3.0,33.0,,,,Resolved at first contact,0.0
CMP-000594,2025-04-21,Credit card,Phone,SME,44.0,16.8,7.0,4862.0,3.0,4.0,39.0,289.0,-0.23,"The cash-advance fee of 4,862 euros on my card is not the one stated in the terms. After 4 contacts with the branch and the call centre, nothing has changed. This is not the first time I have had to complain about this. I am very disappointed with how this has been handled.",Resolved after investigation,765.55
CMP-000595,2025-04-22,Credit card,Email,Retail,51.0,13.7,4.0,409.54,0.0,1.0,27.0,121.0,-0.2,There is a transaction of 410 euros on my card statement that I never made. Please let me know what happened and how it will be fixed.,Resolved at first contact,0.0
CMP-000596,2025-04-22,Personal loan,Phone,Affluent,42.0,14.7,7.0,750.91,2.0,5.0,46.0,254.0,-0.47,My loan application was rejected after 11 days and the 751 euros I paid for the appraisal were not refunded. I have already called 5 times and nobody has called me back. This is not the first time I have had to complain about this. The problem dates back more than a month and is still open. I am very disappointed with how this has been handled.,Escalated to ombudsman,1025.47
CMP-000597,2025-04-23,Mortgage,Web form,Retail,35.0,14.4,4.0,97.83,0.0,0.0,3.0,20.0,0.45,My request to renegotiate the mortgage has been pending for weeks and the delay has cost me 98 euros. Thank you in advance for looking into it.,Resolved at first contact,0.0
CMP-000598,2025-04-23,Credit card,Social media,Retail,41.0,9.1,2.0,297.31,0.0,1.0,15.0,102.0,-0.32,My card was charged twice for the same purchase of 297 euros. This has caused me a lot of stress and wasted time.,Resolved at first contact,0.0
CMP-000599,2025-04-23,Current account,Email,Affluent,83.0,24.1,8.0,,0.0,1.0,20.0,,,,Resolved at first contact,0.0
CMP-000600,2025-04-23,Personal loan,Email,Retail,56.0,18.8,7.0,1102.36,2.0,5.0,37.0,226.0,-0.66,"The instalment taken for my loan is 1,102 euros higher than the amount agreed in the contract. This is my fifth attempt to get an answer from you. This is not the first time I have had to complain about this. I have never been treated so badly by a bank.",Escalated to ombudsman,962.99
CMP-000601,2025-04-23,Current account,Web form,SME,36.0,14.3,5.0,1236.0,2.0,3.0,38.0,210.0,-0.83,"I was charged 1,236 euros in fees that were never mentioned when I opened the account. After 3 contacts with the branch and the call centre, nothing has changed. This is not the first time I have had to complain about this. If this is not resolved within a week I will take it to the ombudsman.",Escalated to ombudsman,1680.28
CMP-000602,2025-04-24,Insurance,Social media,Retail,44.0,17.3,5.0,990.61,2.0,3.0,53.0,222.0,-0.72,The insurance policy was renewed and 991 euros charged although I had cancelled it in writing. This is my third attempt to get an answer from you. This is not the first time I have had to complain about this. The problem dates back more than a month and is still open. If this is not resolved within a week I will take it to the ombudsman.,Escalated to ombudsman,892.36
CMP-000603,2025-04-25,Personal loan,Web form,Retail,53.0,12.8,5.0,427.89,2.0,2.0,18.0,112.0,-0.31,"I asked to repay my loan early and the fee applied, 428 euros, is far above what the contract says. This is not the first time I have had to complain about this. This has caused me a lot of stress and wasted time.",Resolved after investigation,178.33
CMP-000604,2025-04-25,Credit card,Branch,SME,69.0,17.9,6.0,1773.67,1.0,4.0,25.0,158.0,-0.5,"My card was charged twice for the same purchase of 1,774 euros. After 4 contacts with the branch and the call centre, nothing has changed. I am very disappointed with how this has been handled.",Resolved at first contact,0.0
CMP-000605,2025-04-25,Current account,Web form,SME,55.0,11.6,5.0,328.14,2.0,3.0,27.0,151.0,-0.41,An unauthorised direct debit of 328 euros was taken from my current account on the 26th. I have already called 3 times and nobody has called me back. This is not the first time I have had to complain about this. I expect a refund and a clear explanation.,Resolved after investigation,139.87
CMP-000606,2025-04-25,Investments,Phone,Retail,40.0,21.2,6.0,186.11,1.0,1.0,30.0,,,,Resolved after investigation,27.04
CMP-000607,2025-04-25,Investments,Web form,Affluent,58.0,11.9,5.0,606.02,0.0,2.0,27.0,150.0,0.27,"I asked to sell my fund units on the 16th; the order was executed days later at a loss of 606 euros. I have always been happy with the bank, so I am sure this can be sorted out quickly.",Resolved at first contact,0.0
CMP-000608,2025-04-26,Insurance,Phone,Retail,57.0,16.0,6.0,178.94,1.0,2.0,41.0,,,,Resolved at first contact,0.0
CMP-000609,2025-04-26,Current account,Web form,Retail,61.0,10.0,4.0,354.02,2.0,4.0,38.0,198.0,-0.12,I was charged 354 euros in fees that were never mentioned when I opened the account. I have already called 4 times and nobody has called me back. This is not the first time I have had to complain about this. Please let me know what happened and how it will be fixed.,Resolved after investigation,48.25
CMP-000610,2025-04-27,Current account,Email,Retail,64.0,17.2,4.0,62.77,2.0,0.0,43.0,235.0,0.26,A transfer of 63 euros I sent on the 12th never reached the beneficiary and nobody can tell me where it is. This is not the first time I have had to complain about this. Thank you in advance for looking into it.,Resolved after investigation,363.25
CMP-000611,2025-04-27,Credit card,Phone,SME,35.0,2.4,2.0,591.65,1.0,2.0,50.0,207.0,-0.49,My card was blocked while I was abroad and I had to pay 592 euros in cash with no explanation. The problem dates back more than a month and is still open. I am very disappointed with how this has been handled.,Resolved after investigation,292.24
CMP-000612,2025-04-28,Investments,Email,Retail,40.0,6.3,3.0,689.06,0.0,2.0,33.0,113.0,-0.01,The costs of the investment product were never explained to me and I have paid 689 euros in charges. Please let me know what happened and how it will be fixed.,Resolved at first contact,0.0
CMP-000613,2025-04-28,Credit card,Email,Retail,51.0,4.7,3.0,129.18,1.0,4.0,15.0,144.0,0.18,The cash-advance fee of 129 euros on my card is not the one stated in the terms. I have already called 4 times and nobody has called me back. Please let me know what happened and how it will be fixed.,Resolved at first contact,0.0
CMP-000614,2025-04-28,Current account,Phone,Retail,56.0,9.7,5.0,353.14,1.0,2.0,44.0,,,,Resolved at first contact,0.0
CMP-000615,2025-04-28,Investments,Phone,Retail,40.0,9.4,3.0,2095.3,1.0,2.0,30.0,183.0,-0.59,"My advisor moved my savings into a fund I never approved and the position is now 2,095 euros below what I invested. This is unacceptable and I am furious.",Resolved after investigation,371.76
CMP-000616,2025-04-28,Credit card,Branch,Retail,58.0,21.8,8.0,1105.46,0.0,4.0,33.0,,,,Resolved after investigation,534.25
CMP-000617,2025-04-28,Current account,Branch,Affluent,84.0,17.5,7.0,3388.47,2.0,5.0,35.0,246.0,-0.67,"My current account was blocked for three days without any notice, and a transfer of 3,388 euros bounced. After 5 contacts with the branch and the call centre, nothing has changed. This is not the first time I have had to complain about this. This is unacceptable and I am furious.",Resolved after investigation,420.99
CMP-000618,2025-04-28,Credit card,Mobile app,Affluent,31.0,5.7,4.0,137.86,1.0,2.0,0.0,137.0,-0.27,The cash-advance fee of 138 euros on my card is not the one stated in the terms. I expect a refund and a clear explanation.,Resolved at first contact,17.2
CMP-000619,2025-04-28,Investments,Mobile app,Retail,39.0,9.8,5.0,315.91,0.0,2.0,30.0,141.0,-0.1,"I asked to sell my fund units on the 4th; the order was executed days later at a loss of 316 euros. I assume it is a mistake, but it needs to be resolved.",Resolved at first contact,0.0
CMP-000620,2025-04-28,Current account,Web form,Retail,41.0,6.8,4.0,99.68,0.0,2.0,8.0,134.0,-0.21,An unauthorised direct debit of 100 euros was taken from my current account on the 14th. This has caused me a lot of stress and wasted time.,Resolved at first contact,0.0
CMP-000621,2025-04-28,Credit card,Web form,Retail,29.0,10.1,4.0,270.23,1.0,3.0,17.0,176.0,-0.43,"The cash-advance fee of 270 euros on my card is not the one stated in the terms. After 3 contacts with the branch and the call centre, nothing has changed. I am very disappointed with how this has been handled.",Resolved after investigation,77.32
CMP-000622,2025-04-28,Insurance,Email,Retail,38.0,7.6,2.0,532.34,2.0,4.0,34.0,248.0,-0.36,My claim of 532 euros on the policy linked to my account was rejected without any explanation. This is my fourth attempt to get an answer from you. This is not the first time I have had to complain about this. I expect a refund and a clear explanation.,Resolved after investigation,56.9
CMP-000623,2025-04-28,Current account,Email,Retail,34.0,8.2,4.0,93.03,2.0,2.0,25.0,44.0,-0.23,"My current account was blocked for three days without any notice, and a transfer of 93 euros bounced. This is not the first time I have had to complain about this. I am very disappointed with how this has been handled.",Resolved at first contact,27.23
CMP-000624,2025-04-28,Personal loan,Phone,Retail,54.0,10.3,4.0,1327.53,1.0,3.0,35.0,187.0,-0.27,"I asked to repay my loan early and the fee applied, 1,328 euros, is far above what the contract says. After 3 contacts with the branch and the call centre, nothing has changed. I expect a refund and a clear explanation.",Resolved after investigation,311.18
CMP-000625,2025-04-28,Personal loan,Email,SME,68.0,15.7,6.0,450.08,2.0,1.0,18.0,142.0,-0.61,The instalment taken for my loan is 450 euros higher than the amount agreed in the contract. This is not the first time I have had to complain about this. If this is not resolved within a week I will take it to the ombudsman.,Resolved at first contact,0.0
CMP-000626,2025-04-28,Personal loan,Web form,Affluent,48.0,0.1,3.0,,1.0,2.0,27.0,194.0,-0.47,"The instalment taken for my loan is 2,258 euros higher than the amount agreed in the contract. This has caused me a lot of stress and wasted time.",Resolved after investigation,481.94
CMP-000627,2025-04-28,Current account,Web form,Retail,66.0,22.6,8.0,366.55,1.0,3.0,20.0,164.0,-0.48,An unauthorised direct debit of 367 euros was taken from my current account on the 15th. I have already called 3 times and nobody has called me back. I expect a refund and a clear explanation.,Resolved at first contact,0.0
CMP-000628,2025-04-28,Current account,Email,Retail,80.0,27.8,8.0,1394.58,2.0,6.0,25.0,143.0,-0.79,"A transfer of 1,395 euros I sent on the 25th never reached the beneficiary and nobody can tell me where it is. After 6 contacts with the branch and the call centre, nothing has changed. This is not the first time I have had to complain about this. I demand an immediate refund and a written apology.",Escalated to ombudsman,1017.93
CMP-000629,2025-04-28,Mortgage,Social media,Retail,37.0,12.7,5.0,936.24,0.0,2.0,26.0,166.0,-0.22,"The interest rate applied to my mortgage does not match the offer I signed, and I have overpaid 936 euros. I expect a refund and a clear explanation.",Resolved after investigation,405.6
CMP-000630,2025-04-28,Current account,Phone,unknown,,6.4,3.0,261.13,0.0,5.0,36.0,,,,Resolved after investigation,0.0
CMP-000631,2025-04-29,Insurance,Mobile app,SME,51.0,14.3,4.0,712.84,1.0,4.0,18.0,,,,Resolved after investigation,145.73
CMP-000632,2025-04-29,Mortgage,Branch,Retail,29.0,26.0,7.0,322.54,0.0,1.0,30.0,,,,Resolved at first contact,0.0
CMP-000633,2025-04-29,Insurance,Email,Retail,37.0,0.2,1.0,212.58,2.0,4.0,30.0,113.0,0.03,My claim of 213 euros on the policy linked to my account was rejected without any explanation. I have already called 4 times and nobody has called me back. This is not the first time I have had to complain about this. I would like this to be checked and corrected.,Escalated to ombudsman,366.61
CMP-000634,2025-04-30,Insurance,Email,Retail,32.0,4.9,2.0,977.89,1.0,3.0,25.0,229.0,-0.44,"My claim of 978 euros on the policy linked to my account was rejected without any explanation. After 3 contacts with the branch and the call centre, nothing has changed. This has caused me a lot of stress and wasted time.",Resolved at first contact,0.0
CMP-000635,2025-04-30,Personal loan,Phone,Retail,46.0,9.0,4.0,40.79,1.0,1.0,26.0,95.0,-0.17,"I asked to repay my loan early and the fee applied, 41 euros, is far above what the contract says. I would like this to be checked and corrected.",Resolved at first contact,0.0
CMP-000636,2025-04-30,Current account,Email,Private,42.0,0.1,4.0,602.51,0.0,2.0,22.0,125.0,-0.39,A transfer of 603 euros I sent on the 11th never reached the beneficiary and nobody can tell me where it is. This has caused me a lot of stress and wasted time.,Resolved at first contact,0.0
CMP-000637,2025-04-30,Mortgage,Web form,Affluent,50.0,11.0,6.0,3622.62,1.0,3.0,47.0,128.0,-1.0,"An insurance premium of 3,623 euros was added to my mortgage instalment without my consent. This is my third attempt to get an answer from you. The problem dates back more than a month and is still open. I have never been treated so badly by a bank.",Escalated to ombudsman,1834.19
CMP-000638,2025-04-30,Investments,Phone,Retail,43.0,13.3,6.0,1068.08,2.0,3.0,38.0,,,,Escalated to ombudsman,961.33
CMP-000639,2025-04-30,Current account,Web form,Retail,46.0,3.0,2.0,222.95,1.0,2.0,27.0,177.0,-0.45,"My current account was blocked for three days without any notice, and a transfer of 223 euros bounced. I expect a refund and a clear explanation.",Resolved after investigation,94.79
CMP-000640,2025-04-30,Current account,Phone,Retail,37.0,4.5,3.0,780.72,2.0,4.0,25.0,158.0,-0.45,"My current account was blocked for three days without any notice, and a transfer of 781 euros bounced. I have already called 4 times and nobody has called me back. This is not the first time I have had to complain about this. This has caused me a lot of stress and wasted time.",Resolved after investigation,254.43
CMP-000641,2025-05-01,Current account,Mobile app,Retail,59.0,13.5,6.0,110.0,0.0,0.0,8.0,190.0,-0.3,"My current account was blocked for three days without any notice, and a transfer of 110 euros bounced. I expect a refund and a clear explanation.",Resolved at first contact,0.0
CMP-000642,2025-05-01,Current account,Social media,Retail,23.0,5.0,2.0,199.53,0.0,3.0,42.0,187.0,-0.25,"A transfer of 200 euros I sent on the 18th never reached the beneficiary and nobody can tell me where it is. After 3 contacts with the branch and the call centre, nothing has changed. I expect a refund and a clear explanation.",Resolved after investigation,43.63
CMP-000643,2025-05-01,Current account,Branch,Retail,68.0,17.1,6.0,109.4,0.0,3.0,27.0,,,,Resolved at first contact,0.0
CMP-000644,2025-05-01,Insurance,Web form,Private,57.0,7.0,5.0,989.25,0.0,1.0,29.0,141.0,-0.26,The insurance policy was renewed and 989 euros charged although I had cancelled it in writing. I expect a refund and a clear explanation.,Resolved at first contact,0.0
CMP-000645,2025-05-01,Insurance,Email,Retail,39.0,6.6,4.0,223.5,2.0,5.0,27.0,244.0,-0.4,"The insurance policy was renewed and 224 euros charged although I had cancelled it in writing. After 5 contacts with the branch and the call centre, nothing has changed. This is not the first time I have had to complain about this. I expect a refund and a clear explanation.",Resolved after investigation,105.04
CMP-000646,2025-05-01,Credit card,Social media,Retail,49.0,12.3,5.0,248.65,1.0,4.0,28.0,212.0,-0.21,"There is a transaction of 249 euros on my card statement that I never made. After 4 contacts with the branch and the call centre, nothing has changed. I am very disappointed with how this has been handled.",Resolved after investigation,80.05
CMP-000647,2025-05-02,Credit card,Branch,SME,61.0,12.3,4.0,5772.19,2.0,6.0,59.0,264.0,-0.61,"There is a transaction of 5,772 euros on my card statement that I never made. I have already called 6 times and nobody has called me back. This is not the first time I have had to complain about this. The problem dates back more than a month and is still open. I demand an immediate refund and a written apology.",Escalated to ombudsman,2948.66
CMP-000647,2025-05-02,Credit card,Branch,SME,61.0,12.3,4.0,5772.19,2.0,6.0,59.0,264.0,-0.61,"There is a transaction of 5,772 euros on my card statement that I never made. I have already called 6 times and nobody has called me back. This is not the first time I have had to complain about this. The problem dates back more than a month and is still open. I demand an immediate refund and a written apology.",Escalated to ombudsman,2948.66
CMP-000648,2025-05-02,Investments,Phone,Retail,48.0,10.3,4.0,5960.62,3.0,2.0,59.0,250.0,-0.66,"My advisor moved my savings into a fund I never approved and the position is now 5,961 euros below what I invested. This is not the first time I have had to complain about this. The problem dates back more than a month and is still open. If this is not resolved within a week I will take it to the ombudsman.",Escalated to ombudsman,2612.63
CMP-000649,2025-05-02,Current account,Phone,Retail,64.0,0.3,8.0,12.28,0.0,0.0,0.0,53.0,0.37,An unauthorised direct debit of 12 euros was taken from my current account on the 9th. Your staff have been helpful so far; I just need this last point solved.,Resolved at first contact,0.0
CMP-000650,2025-05-02,Current account,Email,Retail,42.0,9.1,3.0,241.4,1.0,3.0,22.0,176.0,-0.56,A transfer of 241 euros I sent on the 9th never reached the beneficiary and nobody can tell me where it is. I have already called 3 times and nobody has called me back. I have never been treated so badly by a bank.,Resolved at first contact,0.0
CMP-000651,2025-05-02,Mortgage,Mobile app,Retail,54.0,12.2,5.0,,2.0,1.0,28.0,188.0,0.04,"An insurance premium of 8,156 euros was added to my mortgage instalment without my consent. This is not the first time I have had to complain about this. Please let me know what happened and how it will be fixed.",Resolved at first contact,0.0
CMP-000652,2025-05-02,Credit card,Mobile app,Retail,53.0,11.4,3.0,767.0,1.0,4.0,16.0,177.0,-0.7,"My card was blocked while I was abroad and I had to pay 767 euros in cash with no explanation. After 4 contacts with the branch and the call centre, nothing has changed. If this is not resolved within a week I will take it to the ombudsman.",Resolved at first contact,0.0
CMP-000653,2025-05-02,Current account,Branch,Affluent,52.0,10.9,6.0,346.05,0.0,1.0,19.0,,,,Resolved at first contact,0.0
CMP-000654,2025-05-03,Investments,Email,Retail,35.0,0.3,2.0,57.34,0.0,1.0,19.0,44.0,0.11,The costs of the investment product were never explained to me and I have paid 57 euros in charges. I would like this to be checked and corrected.,Resolved at first contact,0.0
CMP-000655,2025-05-03,Current account,Web form,Affluent,57.0,12.1,6.0,60.29,0.0,0.0,0.0,107.0,-0.01,"A transfer of 60 euros I sent on the 17th never reached the beneficiary and nobody can tell me where it is. I assume it is a mistake, but it needs to be resolved.",Resolved at first contact,0.0
CMP-000656,2025-05-03,Personal loan,Web form,SME,47.0,12.2,5.0,366.58,2.0,1.0,23.0,181.0,-0.22,"I asked to repay my loan early and the fee applied, 367 euros, is far above what the contract says. This is not the first time I have had to complain about this. This has caused me a lot of stress and wasted time.",Resolved at first contact,0.0
CMP-000657,2025-05-03,Credit card,Email,Retail,26.0,24.0,3.0,85.89,0.0,3.0,27.0,65.0,-0.13,"My card was charged twice for the same purchase of 86 euros. This is my third attempt to get an answer from you. I assume it is a mistake, but it needs to be resolved.",Resolved after investigation,14.8
CMP-000658,2025-05-04,Current account,Phone,Retail,18.0,0.0,1.0,354.31,2.0,4.0,28.0,,,,Resolved after investigation,86.14
CMP-000659,2025-05-05,Personal loan,Phone,SME,31.0,4.6,1.0,205.42,0.0,3.0,19.0,61.0,0.03,"The instalment taken for my loan is 205 euros higher than the amount agreed in the contract. After 3 contacts with the branch and the call centre, nothing has changed. Please let me know what happened and how it will be fixed.",Resolved at first contact,0.0
CMP-000660,2025-05-05,Credit card,Mobile app,Retail,47.0,1.1,1.0,168.8,1.0,0.0,10.0,95.0,0.08,My card was blocked while I was abroad and I had to pay 169 euros in cash with no explanation. I would like this to be checked and corrected.,Resolved at first contact,0.0
CMP-000661,2025-05-05,Mortgage,Phone,Affluent,59.0,14.2,5.0,1896.56,0.0,0.0,40.0,,,,Resolved after investigation,804.26
CMP-000662,2025-05-05,Credit card,Web form,Retail,46.0,10.5,5.0,181.55,0.0,2.0,17.0,135.0,-0.41,My card was charged twice for the same purchase of 182 euros. I am very disappointed with how this has been handled.,Resolved at first contact,0.0
CMP-000663,2025-05-05,Credit card,Phone,Affluent,,5.0,4.0,93.75,0.0,2.0,2.0,134.0,0.02,My card was blocked while I was abroad and I had to pay 94 euros in cash with no explanation. Please let me know what happened and how it will be fixed.,Resolved at first contact,0.0
CMP-000664,2025-05-05,Credit card,Mobile app,Retail,32.0,11.9,6.0,56.16,0.0,2.0,12.0,70.0,0.21,My card was charged twice for the same purchase of 56 euros. Your staff have been helpful so far; I just need this last point solved.,Resolved after investigation,16.53
CMP-000665,2025-05-05,Current account,Social media,Retail,32.0,12.2,4.0,1271.63,2.0,2.0,22.0,172.0,-0.6,"I was charged 1,272 euros in fees that were never mentioned when I opened the account. This is not the first time I have had to complain about this. If this is not resolved within a week I will take it to the ombudsman.",Resolved after investigation,461.71
CMP-000666,2025-05-05,Current account,Mobile app,Retail,26.0,6.9,4.0,194.45,2.0,4.0,35.0,207.0,-0.65,"An unauthorised direct debit of 194 euros was taken from my current account on the 6th. After 4 contacts with the branch and the call centre, nothing has changed. This is not the first time I have had to complain about this. I have never been treated so badly by a bank.",Resolved after investigation,50.05
CMP-000667,2025-05-05,Credit card,Social media,Affluent,53.0,6.3,4.0,939.53,1.0,4.0,18.0,218.0,-0.34,There is a transaction of 940 euros on my card statement that I never made. I have already called 4 times and nobody has called me back. I expect a refund and a clear explanation.,Resolved after investigation,390.15
CMP-000668,2025-05-05,Insurance,Email,Affluent,44.0,15.2,7.0,579.04,0.0,1.0,7.0,140.0,-0.45,The insurance policy was renewed and 579 euros charged although I had cancelled it in writing. I expect a refund and a clear explanation.,Resolved at first contact,0.0
CMP-000669,2025-05-05,Credit card,Phone,Retail,37.0,0.4,1.0,447.44,0.0,1.0,8.0,,,,Resolved at first contact,0.0
CMP-000670,2025-05-05,Current account,Web form,SME,59.0,18.6,6.0,585.19,1.0,1.0,33.0,148.0,0.02,A transfer of 585 euros I sent on the 12th never reached the beneficiary and nobody can tell me where it is. I would like this to be checked and corrected.,Resolved at first contact,0.0
CMP-000671,2025-05-05,Insurance,Email,Private,42.0,6.9,6.0,1621.45,1.0,3.0,24.0,197.0,-0.23,"My claim of 1,621 euros on the policy linked to my account was rejected without any explanation. After 3 contacts with the branch and the call centre, nothing has changed. I am very disappointed with how this has been handled.",Escalated to ombudsman,1660.53
CMP-000672,2025-05-05,Current account,Mobile app,Retail,18.0,0.0,1.0,,2.0,3.0,33.0,153.0,-0.15,"I was charged 1,391 euros in fees that were never mentioned when I opened the account. This is my third attempt to get an answer from you. This is not the first time I have had to complain about this. I assume it is a mistake, but it needs to be resolved.",Resolved after investigation,0.0
CMP-000673,2025-05-05,Mortgage,Web form,SME,61.0,19.9,5.0,1935.18,3.0,5.0,49.0,208.0,-0.43,"The interest rate applied to my mortgage does not match the offer I signed, and I have overpaid 1,935 euros. This is my fifth attempt to get an answer from you. This is not the first time I have had to complain about this. The problem dates back more than a month and is still open. I expect a refund and a clear explanation.",Resolved after investigation,519.25
CMP-000674,2025-05-05,Investments,Branch,SME,59.0,7.2,4.0,7059.51,1.0,2.0,55.0,175.0,-0.4,"I asked to sell my fund units on the 9th; the order was executed days later at a loss of 7,060 euros. The problem dates back more than a month and is still open. I am very disappointed with how this has been handled.",Escalated to ombudsman,3471.91
CMP-000675,2025-05-05,Credit card,Phone,Retail,27.0,5.4,2.0,5830.8,2.0,6.0,46.0,,,,Escalated to ombudsman,3971.02
CMP-000676,2025-05-06,Personal loan,Web form,Affluent,52.0,3.3,2.0,201.36,0.0,1.0,9.0,47.0,0.25,"My loan application was rejected after 14 days and the 201 euros I paid for the appraisal were not refunded. I have always been happy with the bank, so I am sure this can be sorted out quickly.",Resolved at first contact,0.0
CMP-000677,2025-05-06,Investments,Web form,Retail,49.0,18.9,6.0,2561.41,1.0,3.0,43.0,199.0,-0.19,"I asked to sell my fund units on the 18th; the order was executed days later at a loss of 2,561 euros. I have already called 3 times and nobody has called me back. Please let me know what happened and how it will be fixed.",Resolved after investigation,424.39
CMP-000678,2025-05-06,Mortgage,Mobile app,Affluent,53.0,17.2,7.0,1787.39,1.0,2.0,43.0,183.0,-0.32,"The interest rate applied to my mortgage does not match the offer I signed, and I have overpaid 1,787 euros. This has caused me a lot of stress and wasted time.",Resolved at first contact,0.0
CMP-000679,2025-05-06,Insurance,Mobile app,Retail,32.0,4.9,1.0,180.35,0.0,3.0,11.0,220.0,-0.26,My claim of 180 euros on the policy linked to my account was rejected without any explanation. This is my third attempt to get an answer from you. I am very disappointed with how this has been handled.,Resolved after investigation,45.28
CMP-000680,2025-05-06,Current account,Phone,Affluent,58.0,14.1,6.0,204.62,0.0,0.0,4.0,,,,Resolved at first contact,0.0
CMP-000681,2025-05-06,Credit card,Social media,Retail,41.0,9.5,4.0,197.97,0.0,0.0,14.0,190.0,-0.3,There is a transaction of 198 euros on my card statement that I never made. This has caused me a lot of stress and wasted time.,Resolved at first contact,0.0
CMP-000682,2025-05-06,Current account,Mobile app,Private,49.0,14.6,6.0,888.6,0.0,4.0,40.0,159.0,-0.15,"My current account was blocked for three days without any notice, and a transfer of 889 euros bounced. After 4 contacts with the branch and the call centre, nothing has changed. I would like this to be checked and corrected.",Resolved after investigation,353.67
CMP-000683,2025-05-07,Investments,Branch,Affluent,48.0,18.8,8.0,,1.0,3.0,38.0,,,,Resolved after investigation,1935.55
CMP-000684,2025-05-07,Mortgage,Phone,Private,47.0,5.7,5.0,10138.06,2.0,3.0,41.0,,,,Escalated to ombudsman,6000.24
CMP-000685,2025-05-07,Current account,Mobile app,Retail,44.0,2.1,2.0,641.5,1.0,4.0,46.0,190.0,-0.31,"My current account was blocked for three days without any notice, and a transfer of 642 euros bounced. This is my fourth attempt to get an answer from you. The problem dates back more than a month and is still open. I expect a refund and a clear explanation.",Escalated to ombudsman,477.05
CMP-000686,2025-05-07,Mortgage,Social media,Affluent,,17.9,7.0,3197.72,2.0,2.0,42.0,182.0,-0.16,"An insurance premium of 3,198 euros was added to my mortgage instalment without my consent. This is not the first time I have had to complain about this. I would like this to be checked and corrected.",Escalated to ombudsman,2780.51
CMP-000687,2025-05-07,Current account,Email,Retail,,12.8,4.0,858.65,2.0,4.0,50.0,320.0,-0.6,An unauthorised direct debit of 859 euros was taken from my current account on the 11th. I have already called 4 times and nobody has called me back. This is not the first time I have had to complain about this. The problem dates back more than a month and is still open. I have never been treated so badly by a bank.,Escalated to ombudsman,977.08
CMP-000688,2025-05-07,Current account,Branch,Retail,38.0,7.3,3.0,45.58,0.0,1.0,0.0,,,,Resolved at first contact,0.0
CMP-000689,2025-05-07,Current account,Phone,Affluent,48.0,11.4,6.0,133.19,1.0,2.0,16.0,,,,Resolved at first contact,0.0
CMP-000690,2025-05-08,Mortgage,Web form,Private,,0.0,3.0,672.46,1.0,5.0,44.0,136.0,-0.07,"The interest rate applied to my mortgage does not match the offer I signed, and I have overpaid 672 euros. I have already called 5 times and nobody has called me back. I would like this to be checked and corrected.",Resolved at first contact,0.0
CMP-000691,2025-05-08,Personal loan,Social media,Affluent,40.0,0.1,1.0,275.12,0.0,2.0,10.0,172.0,-0.19,The instalment taken for my loan is 275 euros higher than the amount agreed in the contract. I would like this to be checked and corrected.,Resolved at first contact,0.0
CMP-000692,2025-05-09,Current account,Email,Retail,53.0,9.4,4.0,1951.01,1.0,4.0,41.0,278.0,-0.49,"An unauthorised direct debit of 1,951 euros was taken from my current account on the 11th. I have already called 4 times and nobody has called me back. I am very disappointed with how this has been handled.",Escalated to ombudsman,1278.71
CMP-000693,2025-05-09,Current account,Email,Retail,20.0,0.1,2.0,74.07,1.0,3.0,28.0,137.0,-0.52,A transfer of 74 euros I sent on the 12th never reached the beneficiary and nobody can tell me where it is. This is my third attempt to get an answer from you. I am very disappointed with how this has been handled.,Resolved at first contact,0.0
CMP-000694,2025-05-09,Current account,Phone,Retail,45.0,11.1,4.0,1500.26,2.0,2.0,35.0,,,,Resolved after investigation,581.32
CMP-000695,2025-05-09,Current account,Mobile app,Retail,22.0,3.8,2.0,83.67,0.0,0.0,4.0,71.0,0.01,"My current account was blocked for three days without any notice, and a transfer of 84 euros bounced. Please let me know what happened and how it will be fixed.",Resolved at first contact,11.08
CMP-000696,2025-05-09,Personal loan,Mobile app,Retail,46.0,19.3,7.0,1989.61,0.0,3.0,26.0,,,,Resolved at first contact,0.0
CMP-000697,2025-05-09,Investments,Branch,Retail,47.0,15.8,5.0,1223.2,1.0,2.0,42.0,131.0,-0.46,"The costs of the investment product were never explained to me and I have paid 1,223 euros in charges. I am very disappointed with how this has been handled.",Resolved after investigation,152.89
CMP-000698,2025-05-09,Credit card,Branch,Retail,55.0,7.6,4.0,486.02,0.0,3.0,25.0,161.0,-0.19,"There is a transaction of 486 euros on my card statement that I never made. After 3 contacts with the branch and the call centre, nothing has changed. I would like this to be checked and corrected.",Resolved after investigation,108.91
CMP-000699,2025-05-09,Current account,Phone,SME,63.0,23.9,8.0,,1.0,2.0,19.0,,,,Resolved after investigation,694.21
CMP-000700,2025-05-10,Mortgage,Web form,SME,59.0,10.2,4.0,9313.78,1.0,1.0,51.0,125.0,-0.35,"My request to renegotiate the mortgage has been pending for weeks and the delay has cost me 9,314 euros. The problem dates back more than a month and is still open. I am very disappointed with how this has been handled.",Resolved after investigation,1937.7
CMP-000701,2025-05-11,Current account,Email,Retail,59.0,3.4,2.0,674.58,0.0,2.0,24.0,120.0,-0.27,A transfer of 675 euros I sent on the 18th never reached the beneficiary and nobody can tell me where it is. I am very disappointed with how this has been handled.,Resolved at first contact,0.0
CMP-000702,2025-05-12,Investments,Social media,Retail,27.0,0.4,1.0,2015.84,1.0,4.0,51.0,157.0,-0.4,"I asked to sell my fund units on the 9th; the order was executed days later at a loss of 2,016 euros. I have already called 4 times and nobody has called me back. The problem dates back more than a month and is still open. I expect a refund and a clear explanation.",Escalated to ombudsman,2231.97
CMP-000703,2025-05-12,Current account,Phone,SME,46.0,5.4,2.0,955.19,1.0,5.0,24.0,214.0,0.09,"My current account was blocked for three days without any notice, and a transfer of 955 euros bounced. After 5 contacts with the branch and the call centre, nothing has changed. I assume it is a mistake, but it needs to be resolved.",Resolved after investigation,130.18
CMP-000704,2025-05-12,Current account,Phone,Retail,66.0,14.8,5.0,105.44,2.0,2.0,25.0,138.0,0.04,I was charged 105 euros in fees that were never mentioned when I opened the account. This is not the first time I have had to complain about this. Please let me know what happened and how it will be fixed.,Resolved at first contact,0.0
CMP-000705,2025-05-12,Credit card,Mobile app,Retail,27.0,1.0,1.0,194.32,1.0,4.0,37.0,129.0,-0.8,There is a transaction of 194 euros on my card statement that I never made. I have already called 4 times and nobody has called me back. I have never been treated so badly by a bank.,Resolved after investigation,81.59
CMP-000706,2025-05-12,Insurance,Email,Retail,50.0,22.4,8.0,543.93,1.0,2.0,24.0,142.0,-0.02,"The insurance policy was renewed and 544 euros charged although I had cancelled it in writing. I assume it is a mistake, but it needs to be resolved.",Resolved at first contact,0.0
CMP-000707,2025-05-12,Current account,Email,Retail,,5.7,2.0,57.24,0.0,1.0,19.0,129.0,0.28,I was charged 57 euros in fees that were never mentioned when I opened the account. Your staff have been helpful so far; I just need this last point solved.,Resolved at first contact,0.0
CMP-000708,2025-05-12,Current account,Web form,Affluent,37.0,0.1,1.0,135.16,0.0,1.0,6.0,182.0,0.25,I was charged 135 euros in fees that were never mentioned when I opened the account. Thank you in advance for looking into it.,Resolved at first contact,0.0
CMP-000709,2025-05-12,Investments,Email,Retail,27.0,7.4,3.0,1558.51,3.0,4.0,37.0,193.0,-0.68,"My advisor moved my savings into a fund I never approved and the position is now 1,559 euros below what I invested. This is my fourth attempt to get an answer from you. This is not the first time I have had to complain about this. If this is not resolved within a week I will take it to the ombudsman.",Escalated to ombudsman,1614.66
CMP-000710,2025-05-12,Mortgage,Branch,Retail,43.0,0.1,1.0,57.78,0.0,0.0,33.0,,,,Resolved at first contact,0.0
CMP-000711,2025-05-12,Insurance,Mobile app,SME,25.0,0.1,1.0,661.67,2.0,4.0,44.0,192.0,-0.33,"The insurance policy was renewed and 662 euros charged although I had cancelled it in writing. After 4 contacts with the branch and the call centre, nothing has changed. This is not the first time I have had to complain about this. I expect a refund and a clear explanation.",Resolved at first contact,0.0
CMP-000712,2025-05-12,Current account,Phone,Affluent,49.0,10.3,5.0,227.12,0.0,3.0,19.0,,,,Resolved after investigation,76.72
CMP-000713,2025-05-13,Personal loan,Branch,Retail,48.0,10.4,5.0,366.52,0.0,2.0,14.0,,,,Resolved after investigation,141.27
CMP-000714,2025-05-13,Personal loan,Email,Retail,43.0,13.2,6.0,,1.0,3.0,38.0,233.0,-0.71,"I asked to repay my loan early and the fee applied, 647 euros, is far above what the contract says. I have already called 3 times and nobody has called me back. I demand an immediate refund and a written apology.",Escalated to ombudsman,808.95
CMP-000715,2025-05-14,Current account,Mobile app,Retail,35.0,4.6,2.0,262.38,0.0,3.0,11.0,180.0,-0.63,An unauthorised direct debit of 262 euros was taken from my current account on the 8th. I have already called 3 times and nobody has called me back. I have never been treated so badly by a bank.,Resolved at first contact,0.0
CMP-000716,2025-05-14,Current account,Web form,Retail,46.0,14.0,4.0,,1.0,3.0,25.0,174.0,0.09,"I was charged 55 euros in fees that were never mentioned when I opened the account. After 3 contacts with the branch and the call centre, nothing has changed. I assume it is a mistake, but it needs to be resolved.",Resolved at first contact,0.0
CMP-000717,2025-05-14,Current account,Mobile app,Retail,28.0,0.1,2.0,212.17,0.0,2.0,13.0,165.0,-0.03,"I was charged 212 euros in fees that were never mentioned when I opened the account. I assume it is a mistake, but it needs to be resolved.",Resolved after investigation,0.0
CMP-000718,2025-05-14,Insurance,Mobile app,Retail,60.0,16.4,5.0,329.0,1.0,1.0,12.0,123.0,0.15,My claim of 329 euros on the policy linked to my account was rejected without any explanation. I would like this to be checked and corrected.,Resolved at first contact,0.0
CMP-000719,2025-05-15,Credit card,Mobile app,Retail,28.0,2.9,2.0,816.61,3.0,4.0,37.0,267.0,-0.59,"My card was blocked while I was abroad and I had to pay 817 euros in cash with no explanation. After 4 contacts with the branch and the call centre, nothing has changed. This is not the first time I have had to complain about this. This is unacceptable and I am furious.",Escalated to ombudsman,551.56
CMP-000720,2025-05-15,Credit card,Mobile app,Retail,73.0,19.5,8.0,280.09,1.0,3.0,12.0,135.0,-0.35,"My card was charged twice for the same purchase of 280 euros. After 3 contacts with the branch and the call centre, nothing has changed. I am very disappointed with how this has been handled.",Resolved at first contact,0.0
CMP-000721,2025-05-15,Credit card,Phone,SME,44.0,12.1,4.0,2732.4,1.0,2.0,32.0,,,,Resolved at first contact,0.0
CMP-000722,2025-05-15,Investments,Phone,Retail,50.0,19.4,8.0,376.08,0.0,0.0,35.0,,,,Resolved at first contact,0.0
CMP-000723,2025-05-15,Investments,Branch,Retail,42.0,17.2,7.0,1169.85,0.0,3.0,37.0,,,,Resolved after investigation,518.5
CMP-000724,2025-05-15,Current account,Branch,Retail,62.0,15.4,6.0,717.58,2.0,3.0,30.0,,,,Resolved after investigation,243.7
CMP-000725,2025-05-16,Insurance,Email,Retail,37.0,0.1,1.0,409.01,1.0,2.0,11.0,106.0,0.07,The insurance policy was renewed and 409 euros charged although I had cancelled it in writing. I would like this to be checked and corrected.,Resolved after investigation,171.06
CMP-000726,2025-05-17,Credit card,Web form,Retail,23.0,3.5,2.0,125.45,2.0,6.0,19.0,160.0,-0.63,"The cash-advance fee of 125 euros on my card is not the one stated in the terms. After 6 contacts with the branch and the call centre, nothing has changed. This is not the first time I have had to complain about this. I demand an immediate refund and a written apology.",Resolved after investigation,41.9
CMP-000727,2025-05-17,Current account,Email,Retail,43.0,16.1,7.0,381.35,2.0,4.0,18.0,126.0,-0.48,"A transfer of 381 euros I sent on the 12th never reached the beneficiary and nobody can tell me where it is. After 4 contacts with the branch and the call centre, nothing has changed. This is not the first time I have had to complain about this. I am very disappointed with how this has been handled.",Resolved after investigation,0.0
CMP-000728,2025-05-19,Insurance,Mobile app,Affluent,65.0,9.4,5.0,99.11,0.0,0.0,23.0,69.0,0.04,The insurance policy was renewed and 99 euros charged although I had cancelled it in writing. I would like this to be checked and corrected.,Resolved at first contact,0.0
CMP-000729,2025-05-19,Mortgage,Phone,Private,46.0,4.5,5.0,11774.37,4.0,5.0,67.0,352.0,-1.0,"An insurance premium of 11,774 euros was added to my mortgage instalment without my consent. This is my fifth attempt to get an answer from you. This is not the first time I have had to complain about this. The problem dates back more than a month and is still open. This is unacceptable and I am furious.",Escalated to ombudsman,10978.63
CMP-000730,2025-05-19,Investments,Mobile app,Retail,24.0,0.1,1.0,1606.34,0.0,4.0,36.0,253.0,-0.72,"The costs of the investment product were never explained to me and I have paid 1,606 euros in charges. After 4 contacts with the branch and the call centre, nothing has changed. If this is not resolved within a week I will take it to the ombudsman.",Resolved after investigation,300.13
CMP-000731,2025-05-19,Current account,Email,Affluent,30.0,0.1,2.0,76.57,1.0,3.0,30.0,140.0,-0.04,"I was charged 77 euros in fees that were never mentioned when I opened the account. After 3 contacts with the branch and the call centre, nothing has changed. Please let me know what happened and how it will be fixed.",Resolved at first contact,0.0
CMP-000732,2025-05-19,Investments,Branch,Private,,6.4,6.0,747.82,0.0,1.0,18.0,186.0,-0.25,I asked to sell my fund units on the 13th; the order was executed days later at a loss of 748 euros. I expect a refund and a clear explanation.,Resolved at first contact,0.0
CMP-000733,2025-05-19,Current account,Branch,Retail,60.0,16.4,5.0,97.97,0.0,2.0,30.0,,,,Resolved at first contact,0.0
CMP-000734,2025-05-19,Credit card,Email,Retail,35.0,8.9,4.0,257.9,1.0,2.0,13.0,208.0,-0.2,My card was blocked while I was abroad and I had to pay 258 euros in cash with no explanation. Please let me know what happened and how it will be fixed.,Resolved at first contact,0.0
CMP-000735,2025-05-19,Insurance,Phone,Affluent,42.0,5.2,4.0,555.65,0.0,3.0,18.0,,,,Resolved after investigation,0.0
CMP-000736,2025-05-20,Current account,Phone,Retail,47.0,3.3,1.0,42.82,0.0,0.0,3.0,,,,Resolved at first contact,0.0
CMP-000737,2025-05-20,Mortgage,Phone,SME,40.0,6.8,3.0,7341.15,1.0,4.0,46.0,133.0,-0.36,"The interest rate applied to my mortgage does not match the offer I signed, and I have overpaid 7,341 euros. This is my fourth attempt to get an answer from you. The problem dates back more than a month and is still open. I am very disappointed with how this has been handled.",Resolved after investigation,0.0
CMP-000738,2025-05-20,Current account,Branch,Retail,47.0,6.3,3.0,773.85,1.0,4.0,23.0,,,,Resolved at first contact,0.0
CMP-000739,2025-05-20,Current account,Phone,Affluent,52.0,16.9,8.0,307.02,1.0,2.0,14.0,,,,Resolved at first contact,0.0
CMP-000740,2025-05-20,Mortgage,Email,Retail,34.0,12.2,5.0,2875.57,1.0,4.0,39.0,148.0,-1.0,"An insurance premium of 2,876 euros was added to my mortgage instalment without my consent. This is my fourth attempt to get an answer from you. I demand an immediate refund and a written apology.",Escalated to ombudsman,2292.77
CMP-000741,2025-05-20,Credit card,Email,Retail,52.0,8.7,3.0,,0.0,2.0,22.0,111.0,-0.38,My card was blocked while I was abroad and I had to pay 146 euros in cash with no explanation. I expect a refund and a clear explanation.,Resolved at first contact,0.0
CMP-000742,2025-05-21,Credit card,Web form,Retail,46.0,15.9,6.0,581.84,1.0,4.0,28.0,219.0,-0.89,The cash-advance fee of 582 euros on my card is not the one stated in the terms. This is my fourth attempt to get an answer from you. I demand an immediate refund and a written apology.,Resolved after investigation,159.07
CMP-000743,2025-05-21,Credit card,Phone,Retail,52.0,15.3,5.0,395.44,3.0,5.0,43.0,238.0,-0.53,My card was blocked while I was abroad and I had to pay 395 euros in cash with no explanation. I have already called 5 times and nobody has called me back. This is not the first time I have had to complain about this. I am very disappointed with how this has been handled.,Escalated to ombudsman,321.45
CMP-000744,2025-05-21,Current account,Branch,Retail,48.0,3.6,2.0,42.84,1.0,1.0,16.0,,,,Resolved at first contact,0.0
CMP-000745,2025-05-22,Investments,Email,Retail,38.0,4.4,3.0,322.44,1.0,2.0,39.0,169.0,-0.11,The costs of the investment product were never explained to me and I have paid 322 euros in charges. Please let me know what happened and how it will be fixed.,Resolved after investigation,108.76
CMP-000746,2025-05-22,Credit card,Branch,Retail,61.0,14.5,6.0,1502.36,2.0,5.0,43.0,266.0,-1.0,"My card was blocked while I was abroad and I had to pay 1,502 euros in cash with no explanation. This is my fifth attempt to get an answer from you. This is not the first time I have had to complain about this. If this is not resolved within a week I will take it to the ombudsman.",Escalated to ombudsman,721.7
CMP-000747,2025-05-22,Investments,Web form,Private,60.0,11.5,6.0,22415.64,1.0,5.0,55.0,191.0,-0.62,"The costs of the investment product were never explained to me and I have paid 22,416 euros in charges. After 5 contacts with the branch and the call centre, nothing has changed. The problem dates back more than a month and is still open. I demand an immediate refund and a written apology.",Escalated to ombudsman,16489.78
CMP-000748,2025-05-22,Credit card,Social media,Retail,50.0,13.4,5.0,69.26,0.0,0.0,5.0,104.0,0.14,My card was charged twice for the same purchase of 69 euros. Please let me know what happened and how it will be fixed.,Resolved after investigation,20.11
CMP-000749,2025-05-22,Mortgage,Phone,SME,,0.1,2.0,11347.53,2.0,5.0,57.0,284.0,-0.7,"An insurance premium of 11,348 euros was added to my mortgage instalment without my consent. I have already called 5 times and nobody has called me back. This is not the first time I have had to complain about this. The problem dates back more than a month and is still open. I demand an immediate refund and a written apology.",Escalated to ombudsman,12733.77
CMP-000750,2025-05-22,Investments,Email,Retail,43.0,12.1,3.0,6607.05,1.0,4.0,33.0,160.0,-0.56,"The costs of the investment product were never explained to me and I have paid 6,607 euros in charges. This is my fourth attempt to get an answer from you. This is unacceptable and I am furious.",Resolved after investigation,1129.29
CMP-000751,2025-05-22,Personal loan,Phone,Retail,24.0,6.0,3.0,184.87,1.0,1.0,0.0,,,,Resolved at first contact,0.0
CMP-000752,2025-05-23,Current account,Phone,Retail,24.0,0.1,2.0,,0.0,1.0,8.0,107.0,0.27,"My current account was blocked for three days without any notice, and a transfer of 97 euros bounced. Your staff have been helpful so far; I just need this last point solved.",Resolved at first contact,0.0
CMP-000753,2025-05-23,Credit card,Phone,unknown,65.0,19.2,7.0,,2.0,4.0,20.0,,,,Resolved after investigation,376.45
CMP-000754,2025-05-23,Current account,Email,SME,40.0,3.1,3.0,90.93,0.0,1.0,14.0,90.0,-0.12,A transfer of 91 euros I sent on the 25th never reached the beneficiary and nobody can tell me where it is. I would like this to be checked and corrected.,Resolved at first contact,0.0
CMP-000755,2025-05-23,Credit card,Phone,SME,67.0,17.9,7.0,40.0,0.0,0.0,2.0,98.0,-0.04,My card was charged twice for the same purchase of 40 euros. Please let me know what happened and how it will be fixed.,Resolved at first contact,0.0
CMP-000756,2025-05-23,Credit card,Web form,SME,47.0,4.9,3.0,5948.88,1.0,5.0,40.0,228.0,-0.73,"The cash-advance fee of 5,949 euros on my card is not the one stated in the terms. This is my fifth attempt to get an answer from you. This is unacceptable and I am furious.",Resolved after investigation,1586.76
CMP-000757,2025-05-23,Investments,Phone,Retail,59.0,20.4,6.0,,3.0,4.0,39.0,,,,Escalated to ombudsman,4765.35
CMP-000758,2025-05-23,Insurance,Phone,Retail,50.0,7.2,4.0,,2.0,5.0,38.0,,,,Escalated to ombudsman,1620.1
CMP-000759,2025-05-26,Insurance,Phone,Affluent,58.0,11.4,5.0,168.01,0.0,1.0,13.0,,,,Resolved at first contact,0.0
CMP-000760,2025-05-26,Credit card,Web form,Retail,51.0,20.3,7.0,1488.42,2.0,5.0,48.0,265.0,-0.99,"There is a transaction of 1,488 euros on my card statement that I never made. I have already called 5 times and nobody has called me back. This is not the first time I have had to complain about this. The problem dates back more than a month and is still open. If this is not resolved within a week I will take it to the ombudsman.",Resolved after investigation,588.59
CMP-000761,2025-05-26,Current account,Mobile app,Retail,26.0,0.1,1.0,272.67,2.0,3.0,27.0,190.0,-0.76,A transfer of 273 euros I sent on the 14th never reached the beneficiary and nobody can tell me where it is. I have already called 3 times and nobody has called me back. This is not the first time I have had to complain about this. This is unacceptable and I am furious.,Resolved after investigation,56.13
CMP-000762,2025-05-26,Insurance,Phone,Retail,41.0,15.0,4.0,2057.49,2.0,3.0,19.0,,,,Resolved after investigation,751.18
CMP-000763,2025-05-26,Credit card,Phone,Retail,71.0,23.9,7.0,859.69,0.0,2.0,4.0,,,,Resolved at first contact,0.0
CMP-000764,2025-05-26,Current account,Phone,Affluent,45.0,1.6,3.0,305.42,2.0,3.0,21.0,,,,Resolved after investigation,133.31
CMP-000765,2025-05-26,Current account,Web form,Retail,41.0,0.1,2.0,32.61,1.0,1.0,6.0,136.0,-0.19,A transfer of 33 euros I sent on the 25th never reached the beneficiary and nobody can tell me where it is. I would like this to be checked and corrected.,Resolved after investigation,11.77
CMP-000766,2025-05-26,Insurance,Branch,Retail,64.0,11.7,4.0,434.68,1.0,2.0,41.0,,,,Resolved at first contact,0.0
CMP-000767,2025-05-26,Insurance,Phone,Affluent,59.0,10.5,4.0,755.05,2.0,4.0,44.0,,,,Resolved at first contact,0.0
CMP-000768,2025-05-27,Mortgage,Web form,Retail,42.0,8.9,4.0,413.72,1.0,1.0,11.0,71.0,-0.58,"The interest rate applied to my mortgage does not match the offer I signed, and I have overpaid 414 euros. I have never been treated so badly by a bank.",Resolved at first contact,0.0
CMP-000769,2025-05-29,Current account,Web form,Retail,34.0,8.8,3.0,184.81,0.0,1.0,10.0,127.0,0.38,I was charged 185 euros in fees that were never mentioned when I opened the account. Thank you in advance for looking into it.,Resolved at first contact,0.0
CMP-000770,2025-05-29,Current account,Email,Affluent,50.0,10.2,5.0,356.45,0.0,3.0,6.0,270.0,-0.57,An unauthorised direct debit of 356 euros was taken from my current account on the 5th. This is my third attempt to get an answer from you. This is unacceptable and I am furious.,Resolved after investigation,66.01
CMP-000771,2025-05-29,Insurance,Web form,Private,48.0,3.1,5.0,,2.0,5.0,14.0,197.0,-0.55,The insurance policy was renewed and 821 euros charged although I had cancelled it in writing. I have already called 5 times and nobody has called me back. This is not the first time I have had to complain about this. I expect a refund and a clear explanation.,Escalated to ombudsman,773.34
CMP-000771,2025-05-29,Insurance,Web form,Private,48.0,3.1,5.0,,2.0,5.0,14.0,197.0,-0.55,The insurance policy was renewed and 821 euros charged although I had cancelled it in writing. I have already called 5 times and nobody has called me back. This is not the first time I have had to complain about this. I expect a refund and a clear explanation.,Escalated to ombudsman,773.34
CMP-000772,2025-05-29,Investments,Phone,Retail,27.0,0.1,1.0,1842.1,1.0,2.0,44.0,206.0,-0.5,"My advisor moved my savings into a fund I never approved and the position is now 1,842 euros below what I invested. I expect a refund and a clear explanation.",Escalated to ombudsman,782.44
CMP-000773,2025-05-29,Credit card,Email,Retail,35.0,0.1,1.0,131.43,0.0,2.0,30.0,178.0,-0.54,My card was blocked while I was abroad and I had to pay 131 euros in cash with no explanation. This has caused me a lot of stress and wasted time.,Resolved after investigation,36.71
CMP-000774,2025-05-29,Personal loan,Web form,Retail,62.0,19.1,7.0,522.42,1.0,2.0,21.0,202.0,-0.22,"I asked to repay my loan early and the fee applied, 522 euros, is far above what the contract says. This has caused me a lot of stress and wasted time.",Escalated to ombudsman,601.76
CMP-000775,2025-05-29,Credit card,Branch,Retail,30.0,0.1,1.0,74.6,0.0,0.0,25.0,,,,Resolved at first contact,0.0
CMP-000776,2025-05-29,Personal loan,Phone,SME,,8.9,2.0,883.66,1.0,0.0,10.0,,,,Resolved after investigation,240.68
CMP-000777,2025-05-30,Current account,Phone,Retail,39.0,6.8,4.0,,2.0,3.0,25.0,167.0,-0.2,"An unauthorised direct debit of 912 euros was taken from my current account on the 16th. This is my third attempt to get an answer from you. This is not the first time I have had to complain about this. I assume it is a mistake, but it needs to be resolved.",Resolved at first contact,0.0
CMP-000778,2025-05-31,Credit card,Email,Retail,43.0,14.9,6.0,942.96,2.0,4.0,44.0,236.0,-0.91,There is a transaction of 943 euros on my card statement that I never made. I have already called 4 times and nobody has called me back. This is not the first time I have had to complain about this. I have never been treated so badly by a bank.,Escalated to ombudsman,558.67
CMP-000779,2025-06-01,Current account,Mobile app,Retail,26.0,0.1,2.0,495.76,1.0,3.0,39.0,231.0,-0.68,"I was charged 496 euros in fees that were never mentioned when I opened the account. After 3 contacts with the branch and the call centre, nothing has changed. This is unacceptable and I am furious.",Resolved at first contact,0.0
CMP-000780,2025-06-01,Insurance,Email,Private,76.0,17.7,8.0,483.83,1.0,2.0,26.0,171.0,-0.48,The insurance policy was renewed and 484 euros charged although I had cancelled it in writing. This has caused me a lot of stress and wasted time.,Escalated to ombudsman,727.89
CMP-000781,2025-06-01,Credit card,Email,Affluent,53.0,12.3,5.0,658.81,1.0,4.0,10.0,188.0,-0.35,There is a transaction of 659 euros on my card statement that I never made. This is my fourth attempt to get an answer from you. I expect a refund and a clear explanation.,Resolved after investigation,71.81
CMP-000782,2025-06-02,Credit card,Branch,Retail,59.0,21.4,8.0,66.73,0.0,1.0,0.0,,,,Resolved at first contact,0.0
CMP-000783,2025-06-02,Mortgage,Branch,Retail,40.0,10.6,5.0,2371.95,2.0,1.0,56.0,251.0,-0.66,"My request to renegotiate the mortgage has been pending for weeks and the delay has cost me 2,372 euros. This is not the first time I have had to complain about this. The problem dates back more than a month and is still open. I demand an immediate refund and a written apology.",Escalated to ombudsman,2871.17
CMP-000784,2025-06-02,Current account,Email,Private,51.0,13.0,7.0,1207.67,1.0,4.0,27.0,220.0,-0.62,"A transfer of 1,208 euros I sent on the 5th never reached the beneficiary and nobody can tell me where it is. After 4 contacts with the branch and the call centre, nothing has changed. I demand an immediate refund and a written apology.",Resolved after investigation,0.0
CMP-000785,2025-06-02,Current account,Web form,Retail,41.0,7.2,3.0,520.68,2.0,1.0,30.0,233.0,-0.56,I was charged 521 euros in fees that were never mentioned when I opened the account. This is not the first time I have had to complain about this. If this is not resolved within a week I will take it to the ombudsman.,Resolved after investigation,226.44
CMP-000786,2025-06-02,Personal loan,Branch,Retail,35.0,10.3,4.0,322.2,1.0,3.0,26.0,,,,Resolved at first contact,0.0
CMP-000787,2025-06-02,Mortgage,Social media,Private,32.0,0.1,3.0,5061.19,1.0,2.0,49.0,178.0,-0.56,"An insurance premium of 5,061 euros was added to my mortgage instalment without my consent. The problem dates back more than a month and is still open. I have never been treated so badly by a bank.",Escalated to ombudsman,1947.12
CMP-000788,2025-06-02,Credit card,Phone,SME,45.0,7.5,3.0,145.82,2.0,2.0,9.0,,,,Resolved at first contact,0.0
CMP-000789,2025-06-02,Credit card,Web form,Retail,76.0,23.6,8.0,1512.89,1.0,4.0,18.0,142.0,-0.19,"My card was charged twice for the same purchase of 1,513 euros. I have already called 4 times and nobody has called me back. I would like this to be checked and corrected.",Resolved after investigation,732.91
CMP-000790,2025-06-02,Current account,Phone,Retail,32.0,0.4,2.0,45.28,0.0,0.0,11.0,108.0,0.39,"My current account was blocked for three days without any notice, and a transfer of 45 euros bounced. Thank you in advance for looking into it.",Resolved at first contact,0.0
CMP-000791,2025-06-02,Current account,Phone,Retail,46.0,5.3,3.0,535.84,1.0,3.0,27.0,,,,Resolved at first contact,0.0
CMP-000792,2025-06-02,Investments,Email,Affluent,,12.8,6.0,672.45,0.0,2.0,39.0,95.0,0.03,My advisor moved my savings into a fund I never approved and the position is now 672 euros below what I invested. Please let me know what happened and how it will be fixed.,Resolved at first contact,29.91
CMP-000793,2025-06-02,Insurance,Phone,Affluent,,0.5,2.0,244.63,2.0,2.0,27.0,,,,Resolved after investigation,63.49
CMP-000794,2025-06-02,Credit card,Mobile app,Affluent,58.0,6.9,4.0,712.15,1.0,3.0,18.0,149.0,0.13,My card was charged twice for the same purchase of 712 euros. This is my third attempt to get an answer from you. Please let me know what happened and how it will be fixed.,Resolved at first contact,0.0
CMP-000795,2025-06-02,Investments,Mobile app,Retail,59.0,12.4,5.0,1190.65,1.0,2.0,33.0,175.0,-0.55,"I asked to sell my fund units on the 27th; the order was executed days later at a loss of 1,191 euros. This has caused me a lot of stress and wasted time.",Resolved after investigation,395.36
CMP-000796,2025-06-02,Mortgage,Phone,Retail,50.0,16.4,7.0,583.94,0.0,2.0,31.0,239.0,-0.36,My request to renegotiate the mortgage has been pending for weeks and the delay has cost me 584 euros. I am very disappointed with how this has been handled.,Resolved at first contact,0.0
CMP-000797,2025-06-02,Current account,Phone,Retail,46.0,14.0,4.0,432.91,1.0,3.0,22.0,178.0,-0.22,I was charged 433 euros in fees that were never mentioned when I opened the account. I have already called 3 times and nobody has called me back. I expect a refund and a clear explanation.,Resolved after investigation,161.82
CMP-000798,2025-06-03,Investments,Phone,Retail,51.0,5.7,3.0,504.09,0.0,2.0,16.0,,,,Resolved after investigation,184.38
CMP-000799,2025-06-03,Credit card,Phone,Retail,56.0,5.4,3.0,67.75,0.0,2.0,23.0,228.0,-0.4,My card was charged twice for the same purchase of 68 euros. I am very disappointed with how this has been handled.,Resolved at first contact,0.0
CMP-000800,2025-06-03,Current account,Email,Retail,37.0,12.8,5.0,91.06,1.0,2.0,22.0,162.0,-0.35,I was charged 91 euros in fees that were never mentioned when I opened the account. I am very disappointed with how this has been handled.,Resolved at first contact,0.0
CMP-000801,2025-06-03,Credit card,Phone,SME,58.0,16.7,6.0,1599.98,1.0,4.0,45.0,,,,Resolved after investigation,0.0
CMP-000802,2025-06-04,Credit card,Mobile app,SME,64.0,16.6,5.0,432.31,0.0,2.0,35.0,154.0,0.05,"The cash-advance fee of 432 euros on my card is not the one stated in the terms. I assume it is a mistake, but it needs to be resolved.",Resolved at first contact,0.0
CMP-000803,2025-06-04,Current account,Email,Retail,44.0,6.9,5.0,194.64,1.0,3.0,22.0,158.0,-0.39,"I was charged 195 euros in fees that were never mentioned when I opened the account. After 3 contacts with the branch and the call centre, nothing has changed. This has caused me a lot of stress and wasted time.",Resolved after investigation,64.75
CMP-000804,2025-06-04,Mortgage,Branch,Retail,38.0,2.6,1.0,462.38,2.0,3.0,50.0,262.0,-0.69,An insurance premium of 462 euros was added to my mortgage instalment without my consent. This is my third attempt to get an answer from you. This is not the first time I have had to complain about this. The problem dates back more than a month and is still open. I demand an immediate refund and a written apology.,Escalated to ombudsman,584.68
CMP-000805,2025-06-04,Credit card,Web form,Retail,35.0,8.3,3.0,199.66,1.0,2.0,9.0,142.0,-0.21,There is a transaction of 200 euros on my card statement that I never made. I am very disappointed with how this has been handled.,Resolved at first contact,0.0
CMP-000806,2025-06-04,Mortgage,Email,Retail,38.0,3.5,3.0,838.01,1.0,2.0,38.0,112.0,0.02,My request to renegotiate the mortgage has been pending for weeks and the delay has cost me 838 euros. Please let me know what happened and how it will be fixed.,Resolved at first contact,0.0
CMP-000807,2025-06-05,Current account,Email,Affluent,43.0,5.7,3.0,257.35,1.0,3.0,20.0,116.0,-0.45,"My current account was blocked for three days without any notice, and a transfer of 257 euros bounced. This is my third attempt to get an answer from you. I expect a refund and a clear explanation.",Resolved at first contact,0.0
CMP-000808,2025-06-05,Personal loan,Phone,SME,,17.0,6.0,2101.55,0.0,1.0,12.0,,,,Resolved at first contact,0.0
CMP-000809,2025-06-06,Insurance,Phone,Retail,39.0,6.6,2.0,2796.28,1.0,3.0,24.0,243.0,-0.39,"The insurance policy was renewed and 2,796 euros charged although I had cancelled it in writing. This is my third attempt to get an answer from you. I expect a refund and a clear explanation.",Escalated to ombudsman,2063.12
CMP-000810,2025-06-06,Personal loan,Email,Retail,47.0,7.9,4.0,420.86,1.0,1.0,23.0,166.0,0.05,"I asked to repay my loan early and the fee applied, 421 euros, is far above what the contract says. I would like this to be checked and corrected.",Resolved at first contact,0.0
CMP-000811,2025-06-07,Current account,Phone,SME,66.0,17.7,6.0,435.65,1.0,0.0,15.0,127.0,-0.26,I was charged 436 euros in fees that were never mentioned when I opened the account. I am very disappointed with how this has been handled.,Resolved after investigation,58.55
CMP-000812,2025-06-07,Current account,Email,Retail,59.0,20.8,6.0,151.89,2.0,3.0,17.0,149.0,-0.41,I was charged 152 euros in fees that were never mentioned when I opened the account. I have already called 3 times and nobody has called me back. This is not the first time I have had to complain about this. I am very disappointed with how this has been handled.,Resolved at first contact,0.0
CMP-000813,2025-06-07,Insurance,Phone,SME,47.0,0.1,1.0,1471.08,2.0,2.0,31.0,,,,Resolved after investigation,483.05
CMP-000814,2025-06-08,Credit card,Email,Retail,60.0,17.8,6.0,206.92,0.0,3.0,18.0,151.0,-0.19,My card was charged twice for the same purchase of 207 euros. This is my third attempt to get an answer from you. Please let me know what happened and how it will be fixed.,Resolved at first contact,0.0
CMP-000815,2025-06-09,Investments,Email,Retail,46.0,12.4,5.0,3479.58,1.0,3.0,20.0,161.0,-0.1,"The costs of the investment product were never explained to me and I have paid 3,480 euros in charges. This is my third attempt to get an answer from you. Please let me know what happened and how it will be fixed.",Resolved at first contact,0.0
CMP-000816,2025-06-09,Current account,Web form,SME,36.0,8.8,3.0,3888.88,2.0,4.0,33.0,267.0,-0.48,"I was charged 3,889 euros in fees that were never mentioned when I opened the account. This is my fourth attempt to get an answer from you. This is not the first time I have had to complain about this. I expect a refund and a clear explanation.",Escalated to ombudsman,3718.94
CMP-000817,2025-06-09,Current account,Phone,Retail,60.0,7.7,2.0,391.57,1.0,4.0,34.0,186.0,-0.67,"I was charged 392 euros in fees that were never mentioned when I opened the account. After 4 contacts with the branch and the call centre, nothing has changed. I have never been treated so badly by a bank.",Resolved after investigation,70.41
CMP-000818,2025-06-09,Mortgage,Email,Retail,44.0,7.9,4.0,2509.93,1.0,4.0,48.0,260.0,-0.57,"The interest rate applied to my mortgage does not match the offer I signed, and I have overpaid 2,510 euros. I have already called 4 times and nobody has called me back. The problem dates back more than a month and is still open. I have never been treated so badly by a bank.",Escalated to ombudsman,2460.25
CMP-000819,2025-06-09,Investments,Email,SME,45.0,7.0,3.0,2726.44,0.0,2.0,33.0,169.0,0.05,"My advisor moved my savings into a fund I never approved and the position is now 2,726 euros below what I invested. Please let me know what happened and how it will be fixed.",Resolved at first contact,0.0
CMP-000820,2025-06-09,Current account,Web form,Retail,44.0,10.4,4.0,28.75,0.0,2.0,1.0,112.0,0.02,"I was charged 29 euros in fees that were never mentioned when I opened the account. I assume it is a mistake, but it needs to be resolved.",Resolved at first contact,0.0
CMP-000821,2025-06-09,Current account,Phone,Affluent,42.0,4.8,4.0,252.05,1.0,3.0,26.0,265.0,-0.31,A transfer of 252 euros I sent on the 24th never reached the beneficiary and nobody can tell me where it is. This is my third attempt to get an answer from you. I am very disappointed with how this has been handled.,Resolved after investigation,83.19
CMP-000822,2025-06-09,Current account,Email,Retail,18.0,0.0,1.0,292.72,2.0,2.0,22.0,115.0,-0.42,I was charged 293 euros in fees that were never mentioned when I opened the account. This is not the first time I have had to complain about this. I am very disappointed with how this has been handled.,Resolved at first contact,0.0
CMP-000823,2025-06-09,Mortgage,Mobile app,Retail,27.0,0.1,2.0,318.72,1.0,4.0,42.0,258.0,-0.73,"The interest rate applied to my mortgage does not match the offer I signed, and I have overpaid 319 euros. After 4 contacts with the branch and the call centre, nothing has changed. This is unacceptable and I am furious.",Resolved after investigation,109.28
CMP-000824,2025-06-09,Mortgage,Web form,Retail,33.0,13.3,7.0,285.38,0.0,2.0,28.0,131.0,0.11,"The interest rate applied to my mortgage does not match the offer I signed, and I have overpaid 285 euros. I would like this to be checked and corrected.",Resolved at first contact,0.0
CMP-000825,2025-06-09,Current account,Email,Private,46.0,5.8,5.0,1051.37,1.0,3.0,41.0,157.0,-0.11,"My current account was blocked for three days without any notice, and a transfer of 1,051 euros bounced. I have already called 3 times and nobody has called me back. I assume it is a mistake, but it needs to be resolved.",Resolved after investigation,447.03
CMP-000826,2025-06-10,Current account,Phone,Retail,54.0,14.4,5.0,96.44,0.0,2.0,12.0,,,,Resolved at first contact,0.0
CMP-000827,2025-06-10,Current account,Phone,Retail,21.0,0.1,1.0,396.99,0.0,3.0,26.0,,,,Resolved at first contact,0.0
CMP-000828,2025-06-10,Investments,Email,Retail,40.0,2.1,2.0,615.05,0.0,2.0,34.0,119.0,0.01,I asked to sell my fund units on the 15th; the order was executed days later at a loss of 615 euros. I would like this to be checked and corrected.,Resolved at first contact,0.0
CMP-000829,2025-06-10,Current account,Phone,Affluent,,11.3,5.0,750.44,1.0,3.0,30.0,208.0,-0.42,An unauthorised direct debit of 750 euros was taken from my current account on the 18th. This is my third attempt to get an answer from you. I am very disappointed with how this has been handled.,Resolved after investigation,282.81
CMP-000829,2025-06-10,Current account,Phone,Affluent,,11.3,5.0,750.44,1.0,3.0,30.0,208.0,-0.42,An unauthorised direct debit of 750 euros was taken from my current account on the 18th. This is my third attempt to get an answer from you. I am very disappointed with how this has been handled.,Resolved after investigation,282.81
CMP-000830,2025-06-10,Credit card,Phone,Retail,55.0,10.5,4.0,60.18,0.0,0.0,9.0,110.0,-0.17,"My card was charged twice for the same purchase of 60 euros. I assume it is a mistake, but it needs to be resolved.",Resolved at first contact,0.0
CMP-000831,2025-06-10,Mortgage,Social media,Retail,45.0,8.9,3.0,643.25,1.0,3.0,58.0,280.0,-0.81,"The interest rate applied to my mortgage does not match the offer I signed, and I have overpaid 643 euros. After 3 contacts with the branch and the call centre, nothing has changed. The problem dates back more than a month and is still open. If this is not resolved within a week I will take it to the ombudsman.",Escalated to ombudsman,711.61
CMP-000832,2025-06-10,Credit card,Phone,Retail,66.0,6.7,3.0,400.45,0.0,2.0,32.0,148.0,-0.16,"There is a transaction of 400 euros on my card statement that I never made. I assume it is a mistake, but it needs to be resolved.",Resolved at first contact,0.0
CMP-000833,2025-06-10,Current account,Email,Retail,56.0,11.4,4.0,427.09,1.0,4.0,58.0,211.0,-0.83,"I was charged 427 euros in fees that were never mentioned when I opened the account. After 4 contacts with the branch and the call centre, nothing has changed. The problem dates back more than a month and is still open. I demand an immediate refund and a written apology.",Resolved after investigation,171.74
CMP-000834,2025-06-11,Insurance,Phone,Retail,70.0,16.0,5.0,81.85,0.0,1.0,2.0,,,,Resolved after investigation,34.79
CMP-000835,2025-06-11,Credit card,Phone,Private,47.0,0.6,4.0,269.08,1.0,0.0,23.0,159.0,-0.16,"My card was blocked while I was abroad and I had to pay 269 euros in cash with no explanation. I assume it is a mistake, but it needs to be resolved.",Resolved at first contact,0.0
CMP-000836,2025-06-11,Investments,Email,Retail,43.0,9.7,3.0,4368.26,2.0,3.0,38.0,183.0,-0.51,"My advisor moved my savings into a fund I never approved and the position is now 4,368 euros below what I invested. I have already called 3 times and nobody has called me back. This is not the first time I have had to complain about this. I expect a refund and a clear explanation.",Resolved after investigation,1852.84
CMP-000837,2025-06-11,Current account,Phone,unknown,60.0,14.6,4.0,170.26,0.0,3.0,32.0,133.0,-0.1,I was charged 170 euros in fees that were never mentioned when I opened the account. I have already called 3 times and nobody has called me back. I would like this to be checked and corrected.,Resolved at first contact,0.0
CMP-000838,2025-06-11,Insurance,Branch,Retail,74.0,16.8,7.0,324.55,1.0,2.0,18.0,108.0,-0.28,The insurance policy was renewed and 325 euros charged although I had cancelled it in writing. This has caused me a lot of stress and wasted time.,Resolved at first contact,0.0
CMP-000839,2025-06-11,Credit card,Mobile app,Private,48.0,6.6,6.0,1036.19,1.0,1.0,33.0,139.0,-0.51,"My card was blocked while I was abroad and I had to pay 1,036 euros in cash with no explanation. I expect a refund and a clear explanation.",Resolved at first contact,0.0
CMP-000840,2025-06-12,Insurance,Email,Retail,56.0,18.8,5.0,602.11,1.0,3.0,6.0,108.0,-0.01,My claim of 602 euros on the policy linked to my account was rejected without any explanation. I have already called 3 times and nobody has called me back. Please let me know what happened and how it will be fixed.,Resolved at first contact,0.0
CMP-000841,2025-06-12,Investments,Mobile app,Private,35.0,1.5,4.0,685.84,0.0,4.0,29.0,39.0,0.07,My advisor moved my savings into a fund I never approved and the position is now 686 euros below what I invested. This is my fourth attempt to get an answer from you. I would like this to be checked and corrected.,Resolved at first contact,0.0
CMP-000842,2025-06-12,Mortgage,Phone,Retail,92.0,30.5,8.0,,1.0,3.0,27.0,,,,Resolved at first contact,0.0
CMP-000843,2025-06-12,Mortgage,Mobile app,unknown,60.0,13.8,5.0,686.07,0.0,2.0,52.0,145.0,-0.28,My request to renegotiate the mortgage has been pending for weeks and the delay has cost me 686 euros. The problem dates back more than a month and is still open. I expect a refund and a clear explanation.,Resolved at first contact,0.0
CMP-000844,2025-06-12,Credit card,Email,Affluent,48.0,8.0,4.0,213.81,0.0,0.0,9.0,73.0,0.58,"There is a transaction of 214 euros on my card statement that I never made. I have always been happy with the bank, so I am sure this can be sorted out quickly.",Resolved at first contact,0.0
CMP-000845,2025-06-12,Personal loan,Phone,Affluent,68.0,23.5,8.0,256.32,0.0,1.0,0.0,,,,Resolved at first contact,0.0
CMP-000846,2025-06-13,Personal loan,Social media,Retail,18.0,0.0,1.0,264.52,2.0,2.0,46.0,192.0,-0.14,"I asked to repay my loan early and the fee applied, 265 euros, is far above what the contract says. This is not the first time I have had to complain about this. The problem dates back more than a month and is still open. I would like this to be checked and corrected.",Escalated to ombudsman,330.84
CMP-000847,2025-06-13,Insurance,Social media,Retail,48.0,4.1,3.0,1378.4,1.0,3.0,25.0,223.0,-0.25,"The insurance policy was renewed and 1,378 euros charged although I had cancelled it in writing. This is my third attempt to get an answer from you. This has caused me a lot of stress and wasted time.",Escalated to ombudsman,918.69
CMP-000848,2025-06-13,Mortgage,Email,Affluent,53.0,8.2,5.0,1300.49,0.0,2.0,22.0,139.0,0.32,"An insurance premium of 1,300 euros was added to my mortgage instalment without my consent. Thank you in advance for looking into it.",Resolved at first contact,0.0
CMP-000849,2025-06-13,Personal loan,Email,Retail,55.0,6.6,2.0,86.03,0.0,2.0,15.0,143.0,-0.13,"I asked to repay my loan early and the fee applied, 86 euros, is far above what the contract says. Please let me know what happened and how it will be fixed.",Resolved after investigation,27.35
CMP-000850,2025-06-13,Insurance,Phone,SME,,3.6,2.0,,1.0,2.0,19.0,152.0,-0.32,My claim of 391 euros on the policy linked to my account was rejected without any explanation. I expect a refund and a clear explanation.,Resolved after investigation,0.0
CMP-000851,2025-06-13,Investments,Mobile app,Affluent,54.0,6.2,3.0,1538.79,0.0,2.0,47.0,137.0,-0.46,"My advisor moved my savings into a fund I never approved and the position is now 1,539 euros below what I invested. The problem dates back more than a month and is still open. I expect a refund and a clear explanation.",Resolved at first contact,0.0
CMP-000852,2025-06-13,Investments,Web form,Retail,56.0,20.2,6.0,1725.82,2.0,4.0,34.0,190.0,-0.39,"The costs of the investment product were never explained to me and I have paid 1,726 euros in charges. This is my fourth attempt to get an answer from you. This is not the first time I have had to complain about this. I am very disappointed with how this has been handled.",Escalated to ombudsman,2217.84
CMP-000853,2025-06-14,Current account,Web form,Retail,54.0,19.7,7.0,1051.16,3.0,4.0,28.0,133.0,-0.09,"I was charged 1,051 euros in fees that were never mentioned when I opened the account. This is my fourth attempt to get an answer from you. This is not the first time I have had to complain about this. I would like this to be checked and corrected.",Resolved after investigation,502.63
CMP-000854,2025-06-14,Credit card,Web form,Private,38.0,1.6,3.0,1734.41,0.0,4.0,18.0,113.0,-0.55,"The cash-advance fee of 1,734 euros on my card is not the one stated in the terms. This is my fourth attempt to get an answer from you. I expect a refund and a clear explanation.",Resolved after investigation,635.36
CMP-000855,2025-06-16,Credit card,Email,Retail,52.0,10.6,6.0,349.48,0.0,2.0,24.0,101.0,0.2,"My card was blocked while I was abroad and I had to pay 349 euros in cash with no explanation. I have always been happy with the bank, so I am sure this can be sorted out quickly.",Resolved at first contact,37.38
CMP-000856,2025-06-16,Current account,Phone,Private,25.0,0.1,2.0,1085.11,2.0,3.0,29.0,,,,Resolved at first contact,0.0
CMP-000857,2025-06-16,Current account,Phone,Retail,65.0,18.0,6.0,525.31,1.0,2.0,12.0,130.0,-0.26,I was charged 525 euros in fees that were never mentioned when I opened the account. I expect a refund and a clear explanation.,Resolved at first contact,0.0
CMP-000858,2025-06-16,Mortgage,E-mail,Affluent,56.0,0.1,3.0,330.5,0.0,0.0,14.0,20.0,0.37,"The interest rate applied to my mortgage does not match the offer I signed, and I have overpaid 330 euros. Your staff have been helpful so far; I just need this last point solved.",Resolved at first contact,0.0
CMP-000859,2025-06-16,Credit card,Email,Retail,28.0,0.2,1.0,274.79,1.0,2.0,18.0,188.0,-0.05,The cash-advance fee of 275 euros on my card is not the one stated in the terms. Please let me know what happened and how it will be fixed.,Resolved at first contact,0.0
CMP-000860,2025-06-16,Mortgage,Phone,Retail,69.0,5.4,3.0,471.01,0.0,0.0,32.0,,,,Resolved at first contact,0.0
CMP-000861,2025-06-16,Credit card,Email,SME,57.0,5.0,1.0,229.56,0.0,3.0,20.0,164.0,-0.4,"There is a transaction of 230 euros on my card statement that I never made. After 3 contacts with the branch and the call centre, nothing has changed. I expect a refund and a clear explanation.",Resolved at first contact,0.0
CMP-000862,2025-06-16,Current account,Phone,Affluent,45.0,11.2,6.0,346.63,1.0,4.0,24.0,,,,Resolved after investigation,47.6
CMP-000863,2025-06-16,Credit card,Phone,Private,57.0,5.5,5.0,1032.68,1.0,4.0,37.0,144.0,-0.29,"There is a transaction of 1,033 euros on my card statement that I never made. This is my fourth attempt to get an answer from you. This has caused me a lot of stress and wasted time.",Resolved after investigation,242.53
CMP-000864,2025-06-16,Mortgage,Email,Retail,,8.8,4.0,4568.36,1.0,3.0,49.0,151.0,-0.01,"My request to renegotiate the mortgage has been pending for weeks and the delay has cost me 4,568 euros. This is my third attempt to get an answer from you. The problem dates back more than a month and is still open. I assume it is a mistake, but it needs to be resolved.",Resolved after investigation,2033.91
CMP-000865,2025-06-17,Investments,Mobile app,Retail,57.0,16.1,6.0,1739.38,1.0,0.0,27.0,136.0,0.1,"The costs of the investment product were never explained to me and I have paid 1,739 euros in charges. I would like this to be checked and corrected.",Resolved at first contact,0.0
CMP-000866,2025-06-17,Personal loan,Phone,Retail,37.0,7.8,4.0,781.29,1.0,2.0,16.0,,,,Resolved after investigation,324.17
CMP-000867,2025-06-17,Personal loan,Branch,Affluent,52.0,12.9,5.0,129.7,1.0,3.0,19.0,115.0,-0.18,"I asked to repay my loan early and the fee applied, 130 euros, is far above what the contract says. I have already called 3 times and nobody has called me back. I would like this to be checked and corrected.",Resolved at first contact,0.0
CMP-000868,2025-06-17,Mortgage,Web form,Retail,49.0,19.8,7.0,,1.0,4.0,49.0,172.0,-0.26,"My request to renegotiate the mortgage has been pending for weeks and the delay has cost me 1,575 euros. This is my fourth attempt to get an answer from you. The problem dates back more than a month and is still open. This has caused me a lot of stress and wasted time.",Resolved after investigation,596.57
CMP-000869,2025-06-18,Credit card,Branch,Private,52.0,13.8,8.0,1536.24,1.0,3.0,32.0,,,,Resolved after investigation,691.16
CMP-000870,2025-06-18,Credit card,Web form,Retail,18.0,0.0,1.0,281.28,1.0,3.0,23.0,174.0,-0.32,The cash-advance fee of 281 euros on my card is not the one stated in the terms. I have already called 3 times and nobody has called me back. This has caused me a lot of stress and wasted time.,Resolved after investigation,79.04
CMP-000871,2025-06-18,Insurance,Branch,Affluent,76.0,22.3,8.0,255.14,0.0,1.0,8.0,,,,Resolved at first contact,0.0
CMP-000872,2025-06-19,Insurance,Phone,Private,42.0,4.8,4.0,1181.53,2.0,3.0,21.0,250.0,-0.75,"My claim of 1,182 euros on the policy linked to my account was rejected without any explanation. This is my third attempt to get an answer from you. This is not the first time I have had to complain about this. I have never been treated so badly by a bank.",Resolved after investigation,390.71
CMP-000873,2025-06-19,Credit card,Web form,Retail,,2.8,2.0,278.1,1.0,1.0,15.0,187.0,-0.57,My card was blocked while I was abroad and I had to pay 278 euros in cash with no explanation. If this is not resolved within a week I will take it to the ombudsman.,Resolved at first contact,0.0
CMP-000874,2025-06-19,Credit card,Mobile app,Affluent,42.0,5.7,3.0,448.4,1.0,3.0,34.0,161.0,-0.12,"The cash-advance fee of 448 euros on my card is not the one stated in the terms. After 3 contacts with the branch and the call centre, nothing has changed. Please let me know what happened and how it will be fixed.",Resolved after investigation,183.62
CMP-000875,2025-06-19,Insurance,Email,SME,73.0,10.5,4.0,1045.75,1.0,1.0,17.0,162.0,0.26,"My claim of 1,046 euros on the policy linked to my account was rejected without any explanation. Your staff have been helpful so far; I just need this last point solved.",Resolved after investigation,371.67
CMP-000876,2025-06-19,Investments,email,Affluent,59.0,7.3,4.0,1998.48,1.0,2.0,33.0,141.0,0.18,"I asked to sell my fund units on the 4th; the order was executed days later at a loss of 1,998 euros. Please let me know what happened and how it will be fixed.",Resolved at first contact,0.0
CMP-000877,2025-06-19,Mortgage,Phone,Retail,42.0,6.7,3.0,378.36,0.0,2.0,33.0,,,,Resolved after investigation,78.23
CMP-000878,2025-06-19,Credit card,Phone,Retail,49.0,7.3,3.0,,3.0,6.0,39.0,259.0,-0.54,"The cash-advance fee of 3,497 euros on my card is not the one stated in the terms. I have already called 6 times and nobody has called me back. This is not the first time I have had to complain about this. I am very disappointed with how this has been handled.",Escalated to ombudsman,1896.63
CMP-000879,2025-06-20,Current account,Email,Retail,49.0,0.4,1.0,488.14,1.0,2.0,25.0,223.0,-0.37,"My current account was blocked for three days without any notice, and a transfer of 488 euros bounced. This has caused me a lot of stress and wasted time.",Resolved at first contact,0.0
CMP-000880,2025-06-20,Current account,Mobile app,Retail,34.0,0.1,1.0,33.83,0.0,1.0,30.0,164.0,-0.03,I was charged 34 euros in fees that were never mentioned when I opened the account. I would like this to be checked and corrected.,Resolved at first contact,0.0
CMP-000881,2025-06-20,Personal loan,Email,Affluent,64.0,21.1,8.0,,2.0,5.0,40.0,211.0,-0.58,"My loan application was rejected after 24 days and the 16,855 euros I paid for the appraisal were not refunded. After 5 contacts with the branch and the call centre, nothing has changed. This is not the first time I have had to complain about this. This is unacceptable and I am furious.",Escalated to ombudsman,5611.53
CMP-000882,2025-06-20,Personal loan,Email,Retail,58.0,18.0,5.0,391.3,1.0,1.0,39.0,104.0,-0.15,"I asked to repay my loan early and the fee applied, 391 euros, is far above what the contract says. I assume it is a mistake, but it needs to be resolved.",Resolved at first contact,0.0
CMP-000883,2025-06-20,Investments,Phone,Retail,32.0,3.9,3.0,981.72,1.0,3.0,38.0,177.0,-0.75,The costs of the investment product were never explained to me and I have paid 982 euros in charges. I have already called 3 times and nobody has called me back. I have never been treated so badly by a bank.,Resolved after investigation,290.86
CMP-000884,2025-06-21,Insurance,Phone,Affluent,40.0,9.2,5.0,24.89,0.0,2.0,8.0,49.0,-0.04,The insurance policy was renewed and 25 euros charged although I had cancelled it in writing. I would like this to be checked and corrected.,Resolved at first contact,0.0
CMP-000885,2025-06-22,Mortgage,Mobile app,Affluent,57.0,15.1,7.0,1767.82,1.0,2.0,46.0,197.0,-0.18,"An insurance premium of 1,768 euros was added to my mortgage instalment without my consent. The problem dates back more than a month and is still open. I would like this to be checked and corrected.",Resolved after investigation,828.48
CMP-000886,2025-06-23,Mortgage,Email,Affluent,55.0,8.1,5.0,3326.72,0.0,1.0,35.0,128.0,0.25,"An insurance premium of 3,327 euros was added to my mortgage instalment without my consent. Your staff have been helpful so far; I just need this last point solved.",Resolved after investigation,542.3
CMP-000887,2025-06-23,Mortgage,Email,Retail,34.0,0.6,1.0,1721.08,3.0,3.0,60.0,209.0,-0.2,"An insurance premium of 1,721 euros was added to my mortgage instalment without my consent. After 3 contacts with the branch and the call centre, nothing has changed. This is not the first time I have had to complain about this. The problem dates back more than a month and is still open. I assume it is a mistake, but it needs to be resolved.",Resolved after investigation,415.95
CMP-000888,2025-06-23,Current account,Email,Retail,51.0,8.7,3.0,43.55,1.0,0.0,14.0,218.0,-0.1,"I was charged 44 euros in fees that were never mentioned when I opened the account. I assume it is a mistake, but it needs to be resolved.",Resolved after investigation,9.6
CMP-000889,2025-06-23,Credit card,Branch,Retail,47.0,12.8,5.0,354.58,1.0,2.0,23.0,,,,Resolved at first contact,0.0
CMP-000890,2025-06-23,Mortgage,Phone,Retail,,9.9,3.0,201.79,1.0,2.0,39.0,,,,Resolved at first contact,0.0
CMP-000891,2025-06-23,Mortgage,Phone,SME,65.0,25.3,8.0,1578.17,0.0,2.0,46.0,12400.0,,,Resolved after investigation,344.64
CMP-000892,2025-06-23,Current account,Email,Retail,47.0,0.1,2.0,126.08,0.0,0.0,11.0,218.0,-0.27,"My current account was blocked for three days without any notice, and a transfer of 126 euros bounced. I expect a refund and a clear explanation.",Resolved at first contact,0.0
CMP-000893,2025-06-23,Mortgage,Branch,Retail,72.0,22.4,8.0,1729.89,2.0,4.0,44.0,,,,Escalated to ombudsman,1842.14
CMP-000894,2025-06-23,Credit card,Email,Retail,51.0,0.1,2.0,397.9,1.0,4.0,43.0,200.0,-0.51,My card was charged twice for the same purchase of 398 euros. I have already called 4 times and nobody has called me back. I expect a refund and a clear explanation.,Resolved after investigation,74.54
CMP-000895,2025-06-23,Current account,Mobile app,Retail,44.0,3.6,2.0,181.75,0.0,1.0,25.0,152.0,-0.38,A transfer of 182 euros I sent on the 15th never reached the beneficiary and nobody can tell me where it is. This has caused me a lot of stress and wasted time.,Resolved at first contact,0.0
CMP-000896,2025-06-24,Investments,Branch,Retail,43.0,1.0,2.0,,3.0,4.0,47.0,,,,Resolved after investigation,4406.1
CMP-000897,2025-06-24,Credit card,Email,SME,49.0,3.1,3.0,309.52,1.0,3.0,23.0,102.0,-0.05,"My card was charged twice for the same purchase of 310 euros. I have already called 3 times and nobody has called me back. I assume it is a mistake, but it needs to be resolved.",Resolved after investigation,50.48
CMP-000898,2025-06-24,Personal loan,Email,Retail,45.0,11.0,3.0,1110.41,2.0,4.0,40.0,150.0,-0.74,"I asked to repay my loan early and the fee applied, 1,110 euros, is far above what the contract says. I have already called 4 times and nobody has called me back. This is not the first time I have had to complain about this. This is unacceptable and I am furious.",Escalated to ombudsman,778.67
CMP-000899,2025-06-24,Mortgage,Mobile app,Retail,18.0,0.0,2.0,793.72,2.0,4.0,63.0,221.0,-0.45,"The interest rate applied to my mortgage does not match the offer I signed, and I have overpaid 794 euros. After 4 contacts with the branch and the call centre, nothing has changed. This is not the first time I have had to complain about this. The problem dates back more than a month and is still open. This has caused me a lot of stress and wasted time.",Resolved after investigation,209.78
CMP-000900,2025-06-24,Credit card,Email,unknown,39.0,0.6,1.0,245.03,0.0,0.0,7.0,154.0,0.3,My card was charged twice for the same purchase of 245 euros. Your staff have been helpful so far; I just need this last point solved.,Resolved at first contact,0.0
CMP-000901,2025-06-24,Current account,Mobile app,Affluent,,6.6,5.0,579.73,1.0,4.0,34.0,,,,Resolved after investigation,227.05
CMP-000902,2025-06-24,Personal loan,Phone,Affluent,36.0,6.3,3.0,123.4,0.0,2.0,17.0,,,,Resolved at first contact,0.0
CMP-000903,2025-06-25,Personal loan,Web form,Retail,25.0,7.0,3.0,36.24,0.0,0.0,0.0,104.0,0.11,My loan application was rejected after 18 days and the 36 euros I paid for the appraisal were not refunded. Please let me know what happened and how it will be fixed.,Resolved at first contact,0.0
CMP-000904,2025-06-25,Credit card,Web form,Retail,55.0,12.4,4.0,946.55,2.0,3.0,18.0,173.0,-0.33,"My card was blocked while I was abroad and I had to pay 947 euros in cash with no explanation. After 3 contacts with the branch and the call centre, nothing has changed. This is not the first time I have had to complain about this. This has caused me a lot of stress and wasted time.",Resolved after investigation,123.54
CMP-000905,2025-06-26,Current account,Phone,Retail,55.0,5.8,3.0,,2.0,4.0,59.0,,,,Escalated to ombudsman,2533.38
CMP-000906,2025-06-26,Investments,Branch,Retail,42.0,0.1,1.0,244.2,0.0,1.0,7.0,,,,Resolved at first contact,0.0
CMP-000907,2025-06-26,Mortgage,Social media,Retail,43.0,9.0,4.0,943.82,1.0,3.0,29.0,122.0,-0.35,"My request to renegotiate the mortgage has been pending for weeks and the delay has cost me 944 euros. After 3 contacts with the branch and the call centre, nothing has changed. This has caused me a lot of stress and wasted time.",Escalated to ombudsman,582.8
CMP-000908,2025-06-26,Personal loan,Phone,Affluent,54.0,18.3,7.0,,0.0,1.0,22.0,,,,Resolved after investigation,509.97
CMP-000909,2025-06-26,Insurance,Web form,Retail,42.0,15.1,7.0,1693.8,1.0,3.0,25.0,199.0,-0.63,"The insurance policy was renewed and 1,694 euros charged although I had cancelled it in writing. This is my third attempt to get an answer from you. If this is not resolved within a week I will take it to the ombudsman.",Resolved after investigation,288.32
CMP-000910,2025-06-26,Insurance,Web form,Affluent,54.0,6.0,4.0,568.68,1.0,4.0,20.0,167.0,-0.28,My claim of 569 euros on the policy linked to my account was rejected without any explanation. I have already called 4 times and nobody has called me back. I expect a refund and a clear explanation.,Resolved after investigation,97.21
CMP-000911,2025-06-26,Personal loan,Mobile app,Private,49.0,14.9,8.0,1904.25,0.0,1.0,11.0,134.0,0.05,"The instalment taken for my loan is 1,904 euros higher than the amount agreed in the contract. I would like this to be checked and corrected.",Resolved at first contact,0.0
CMP-000912,2025-06-27,Current account,Branch,SME,60.0,17.7,7.0,948.4,1.0,3.0,27.0,186.0,-0.86,A transfer of 948 euros I sent on the 12th never reached the beneficiary and nobody can tell me where it is. I have already called 3 times and nobody has called me back. If this is not resolved within a week I will take it to the ombudsman.,Resolved after investigation,471.19
CMP-000913,2025-06-27,Personal loan,Phone,SME,45.0,10.4,4.0,269.09,0.0,3.0,15.0,132.0,0.29,My loan application was rejected after 6 days and the 269 euros I paid for the appraisal were not refunded. I have already called 3 times and nobody has called me back. Your staff have been helpful so far; I just need this last point solved.,Resolved at first contact,0.0
CMP-000914,2025-06-27,Mortgage,Mobile app,Retail,40.0,14.3,5.0,2417.99,2.0,1.0,34.0,217.0,-0.32,"The interest rate applied to my mortgage does not match the offer I signed, and I have overpaid 2,418 euros. This is not the first time I have had to complain about this. This has caused me a lot of stress and wasted time.",Resolved at first contact,0.0
CMP-000915,2025-06-27,Credit card,Social media,Retail,28.0,0.1,2.0,24.11,0.0,0.0,10.0,146.0,0.06,"My card was blocked while I was abroad and I had to pay 24 euros in cash with no explanation. I assume it is a mistake, but it needs to be resolved.",Resolved at first contact,0.0
CMP-000916,2025-06-27,Current account,Email,Retail,57.0,10.3,4.0,88.04,0.0,1.0,19.0,116.0,0.13,"My current account was blocked for three days without any notice, and a transfer of 88 euros bounced. I would like this to be checked and corrected.",Resolved at first contact,0.0
CMP-000917,2025-06-27,Credit card,Web form,Retail,42.0,4.5,2.0,348.41,2.0,3.0,20.0,174.0,-0.5,My card was charged twice for the same purchase of 348 euros. I have already called 3 times and nobody has called me back. This is not the first time I have had to complain about this. I am very disappointed with how this has been handled.,Resolved after investigation,144.4
CMP-000918,2025-06-27,Current account,Phone,Affluent,51.0,10.7,5.0,361.14,2.0,3.0,25.0,,,,Resolved after investigation,0.0
CMP-000919,2025-06-27,Personal loan,Phone,SME,44.0,5.4,3.0,,0.0,1.0,17.0,,,,Resolved after investigation,155.08
CMP-000920,2025-06-28,Credit card,Email,Retail,20.0,0.1,2.0,,1.0,3.0,11.0,233.0,-0.26,"My card was charged twice for the same purchase of 172 euros. After 3 contacts with the branch and the call centre, nothing has changed. I am very disappointed with how this has been handled.",Resolved at first contact,0.0
CMP-000921,2025-06-28,Current account,Mobile app,Retail,31.0,1.8,2.0,333.13,1.0,1.0,19.0,172.0,-0.2,A transfer of 333 euros I sent on the 25th never reached the beneficiary and nobody can tell me where it is. Please let me know what happened and how it will be fixed.,Resolved at first contact,0.0
CMP-000922,2025-06-29,Investments,Phone,Retail,18.0,0.0,1.0,387.61,0.0,2.0,33.0,,,,Resolved at first contact,0.0
CMP-000923,2025-06-29,Credit card,Email,Affluent,45.0,4.0,2.0,186.96,0.0,2.0,7.0,137.0,0.15,"My card was blocked while I was abroad and I had to pay 187 euros in cash with no explanation. I assume it is a mistake, but it needs to be resolved.",Resolved at first contact,0.0
CMP-000924,2025-06-30,Credit card,Email,Retail,22.0,1.8,1.0,290.18,0.0,2.0,7.0,111.0,0.13,There is a transaction of 290 euros on my card statement that I never made. Please let me know what happened and how it will be fixed.,Resolved at first contact,0.0
CMP-000925,2025-06-30,Credit card,Email,Affluent,52.0,9.8,4.0,,0.0,2.0,27.0,122.0,-0.09,"The cash-advance fee of 1,158 euros on my card is not the one stated in the terms. Please let me know what happened and how it will be fixed.",Resolved at first contact,0.0
CMP-000926,2025-06-30,Credit card,Phone,Retail,37.0,4.0,2.0,451.16,1.0,3.0,20.0,,,,Resolved after investigation,161.15
CMP-000927,2025-06-30,Current account,Web form,Retail,45.0,13.6,5.0,46.17,0.0,2.0,23.0,144.0,-0.24,I was charged 46 euros in fees that were never mentioned when I opened the account. I am very disappointed with how this has been handled.,Resolved at first contact,0.0
CMP-000928,2025-06-30,Current account,Social media,Retail,44.0,6.0,3.0,2047.47,3.0,5.0,50.0,277.0,-0.69,"An unauthorised direct debit of 2,047 euros was taken from my current account on the 18th. I have already called 5 times and nobody has called me back. This is not the first time I have had to complain about this. The problem dates back more than a month and is still open. I have never been treated so badly by a bank.",Resolved after investigation,820.75
CMP-000929,2025-06-30,Insurance,Mobile app,Retail,36.0,8.5,3.0,734.29,2.0,3.0,13.0,159.0,-0.23,My claim of 734 euros on the policy linked to my account was rejected without any explanation. This is my third attempt to get an answer from you. This is not the first time I have had to complain about this. I am very disappointed with how this has been handled.,Resolved at first contact,0.0
CMP-000930,2025-06-30,Credit card,Phone,Affluent,71.0,5.3,3.0,771.58,1.0,2.0,28.0,,,,Resolved at first contact,0.0
CMP-000931,2025-06-30,Current account,Email,Retail,41.0,13.8,7.0,354.69,2.0,2.0,14.0,108.0,0.01,An unauthorised direct debit of 355 euros was taken from my current account on the 6th. This is not the first time I have had to complain about this. Please let me know what happened and how it will be fixed.,Resolved at first contact,0.0
CMP-000932,2025-06-30,Credit card,Phone,Retail,68.0,4.3,2.0,750.05,1.0,4.0,18.0,210.0,-0.29,"The cash-advance fee of 750 euros on my card is not the one stated in the terms. After 4 contacts with the branch and the call centre, nothing has changed. This has caused me a lot of stress and wasted time.",Resolved at first contact,0.0
CMP-000933,2025-06-30,Personal loan,Phone,unknown,35.0,0.9,1.0,710.57,1.0,2.0,45.0,184.0,-0.38,My loan application was rejected after 27 days and the 711 euros I paid for the appraisal were not refunded. This has caused me a lot of stress and wasted time.,Resolved after investigation,254.6
CMP-000934,2025-06-30,Current account,Branch,Retail,56.0,12.6,5.0,1355.25,4.0,4.0,53.0,,,,Escalated to ombudsman,953.25
CMP-000935,2025-06-30,Credit card,Email,Retail,51.0,9.4,4.0,210.5,2.0,2.0,36.0,269.0,-0.56,The cash-advance fee of 210 euros on my card is not the one stated in the terms. This is not the first time I have had to complain about this. This is unacceptable and I am furious.,Resolved at first contact,0.0
CMP-000936,2025-06-30,Credit card,Email,Retail,31.0,4.4,3.0,134.88,3.0,3.0,32.0,218.0,-0.78,"My card was charged twice for the same purchase of 135 euros. After 3 contacts with the branch and the call centre, nothing has changed. This is not the first time I have had to complain about this. I have never been treated so badly by a bank.",Resolved after investigation,39.22
CMP-000937,2025-06-30,Credit card,Email,Retail,62.0,19.2,7.0,38.56,0.0,1.0,16.0,54.0,0.11,The cash-advance fee of 39 euros on my card is not the one stated in the terms. Please let me know what happened and how it will be fixed.,Resolved at first contact,0.0
CMP-000938,2025-07-01,Current account,Mobile app,Retail,53.0,12.3,5.0,17.53,0.0,3.0,9.0,203.0,0.15,"A transfer of 18 euros I sent on the 26th never reached the beneficiary and nobody can tell me where it is. I have already called 3 times and nobody has called me back. I assume it is a mistake, but it needs to be resolved.",Resolved at first contact,0.0
CMP-000939,2025-07-01,Credit card,Phone,Retail,36.0,9.8,5.0,188.97,1.0,3.0,10.0,,,,Resolved at first contact,0.0
CMP-000940,2025-07-01,Current account,Web form,Retail,32.0,0.1,1.0,442.34,1.0,5.0,26.0,203.0,-0.59,A transfer of 442 euros I sent on the 16th never reached the beneficiary and nobody can tell me where it is. This is my fifth attempt to get an answer from you. I have never been treated so badly by a bank.,Resolved after investigation,121.4
CMP-000941,2025-07-01,Credit card,Phone,Affluent,60.0,11.2,4.0,253.02,0.0,0.0,28.0,101.0,-0.15,The cash-advance fee of 253 euros on my card is not the one stated in the terms. Please let me know what happened and how it will be fixed.,Resolved at first contact,0.0
CMP-000942,2025-07-02,Insurance,Branch,SME,62.0,15.4,5.0,703.22,2.0,3.0,11.0,160.0,-0.15,My claim of 703 euros on the policy linked to my account was rejected without any explanation. I have already called 3 times and nobody has called me back. This is not the first time I have had to complain about this. Please let me know what happened and how it will be fixed.,Resolved after investigation,132.58
CMP-000943,2025-07-02,Investments,Email,Retail,55.0,13.9,6.0,125.89,0.0,1.0,28.0,132.0,-0.24,My advisor moved my savings into a fund I never approved and the position is now 126 euros below what I invested. I am very disappointed with how this has been handled.,Resolved at first contact,0.0
CMP-000944,2025-07-02,Investments,Web form,Retail,47.0,11.1,3.0,370.57,0.0,3.0,28.0,181.0,0.04,I asked to sell my fund units on the 4th; the order was executed days later at a loss of 371 euros. This is my third attempt to get an answer from you. Please let me know what happened and how it will be fixed.,Resolved after investigation,119.04
CMP-000945,2025-07-02,Current account,Phone,Retail,57.0,12.1,6.0,117.12,1.0,2.0,14.0,141.0,-0.16,A transfer of 117 euros I sent on the 15th never reached the beneficiary and nobody can tell me where it is. Please let me know what happened and how it will be fixed.,Resolved at first contact,0.0
CMP-000946,2025-07-02,Current account,Mobile app,Affluent,61.0,8.1,5.0,2310.36,3.0,6.0,58.0,258.0,-0.99,"I was charged 2,310 euros in fees that were never mentioned when I opened the account. This is my sixth attempt to get an answer from you. This is not the first time I have had to complain about this. The problem dates back more than a month and is still open. This is unacceptable and I am furious.",Escalated to ombudsman,2532.14
CMP-000947,2025-07-03,Credit card,Email,Retail,50.0,16.9,7.0,194.2,0.0,1.0,25.0,131.0,-0.38,There is a transaction of 194 euros on my card statement that I never made. I am very disappointed with how this has been handled.,Resolved at first contact,0.0
CMP-000948,2025-07-03,Current account,Phone,Retail,56.0,15.3,6.0,536.32,1.0,2.0,9.0,,,,Resolved at first contact,0.0
CMP-000949,2025-07-03,Personal loan,Mobile app,Retail,30.0,0.1,1.0,143.59,0.0,1.0,29.0,116.0,0.1,"My loan application was rejected after 17 days and the 144 euros I paid for the appraisal were not refunded. I assume it is a mistake, but it needs to be resolved.",Resolved at first contact,0.0
CMP-000950,2025-07-03,Personal loan,Phone,Retail,69.0,20.0,6.0,338.86,0.0,0.0,19.0,,,,Resolved at first contact,0.0
CMP-000951,2025-07-04,Personal loan,Social media,Retail,42.0,9.9,4.0,1978.47,1.0,1.0,39.0,216.0,-0.55,"My loan application was rejected after 26 days and the 1,978 euros I paid for the appraisal were not refunded. I am very disappointed with how this has been handled.",Resolved after investigation,970.39
CMP-000952,2025-07-04,Credit card,Phone,Retail,65.0,12.1,5.0,294.62,0.0,1.0,14.0,,,,Resolved at first contact,0.0
CMP-000953,2025-07-04,Credit card,Social media,unknown,,8.0,4.0,432.05,2.0,2.0,38.0,197.0,-0.81,My card was blocked while I was abroad and I had to pay 432 euros in cash with no explanation. This is not the first time I have had to complain about this. If this is not resolved within a week I will take it to the ombudsman.,Escalated to ombudsman,423.15
CMP-000954,2025-07-04,Personal loan,Web form,Affluent,18.0,0.0,3.0,681.22,1.0,3.0,42.0,186.0,-0.28,"I asked to repay my loan early and the fee applied, 681 euros, is far above what the contract says. This is my third attempt to get an answer from you. I expect a refund and a clear explanation.",Resolved after investigation,206.66
CMP-000955,2025-07-05,Mortgage,Phone,Retail,40.0,5.4,4.0,1665.41,1.0,1.0,33.0,130.0,0.1,"My request to renegotiate the mortgage has been pending for weeks and the delay has cost me 1,665 euros. I assume it is a mistake, but it needs to be resolved.",Resolved at first contact,0.0
CMP-000956,2025-07-05,Investments,Phone,Affluent,63.0,16.1,6.0,,1.0,2.0,36.0,,,,Resolved after investigation,2188.6
CMP-000957,2025-07-07,Current account,Email,Retail,38.0,13.3,5.0,137.26,1.0,2.0,10.0,200.0,-0.54,A transfer of 137 euros I sent on the 9th never reached the beneficiary and nobody can tell me where it is. This has caused me a lot of stress and wasted time.,Resolved at first contact,0.0
CMP-000958,2025-07-07,Personal loan,Web form,Retail,30.0,8.2,3.0,660.75,1.0,5.0,33.0,310.0,-0.28,"I asked to repay my loan early and the fee applied, 661 euros, is far above what the contract says. This is my fifth attempt to get an answer from you. I am very disappointed with how this has been handled.",Resolved after investigation,107.13
CMP-000959,2025-07-07,Current account,Email,Retail,44.0,10.2,4.0,212.92,2.0,4.0,32.0,266.0,-0.56,I was charged 213 euros in fees that were never mentioned when I opened the account. I have already called 4 times and nobody has called me back. This is not the first time I have had to complain about this. I have never been treated so badly by a bank.,Escalated to ombudsman,299.63
CMP-000960,2025-07-07,Credit card,Phone,Retail,66.0,18.0,6.0,,0.0,2.0,18.0,,,,Resolved after investigation,187.58
CMP-000961,2025-07-07,Current account,Branch,Retail,66.0,20.5,6.0,239.82,1.0,2.0,31.0,181.0,-0.35,An unauthorised direct debit of 240 euros was taken from my current account on the 16th. This has caused me a lot of stress and wasted time.,Resolved after investigation,57.32
CMP-000962,2025-07-07,Current account,Mobile app,Retail,55.0,6.5,4.0,179.74,0.0,1.0,41.0,,,,Resolved at first contact,0.0
CMP-000963,2025-07-07,Personal loan,Email,Retail,46.0,10.8,4.0,619.79,1.0,0.0,22.0,132.0,-0.57,The instalment taken for my loan is 620 euros higher than the amount agreed in the contract. This is unacceptable and I am furious.,Resolved at first contact,0.0
CMP-000964,2025-07-07,Mortgage,Phone,SME,44.0,13.8,4.0,2509.06,0.0,2.0,19.0,143.0,-0.25,"The interest rate applied to my mortgage does not match the offer I signed, and I have overpaid 2,509 euros. I am very disappointed with how this has been handled.",Resolved after investigation,1180.47
CMP-000965,2025-07-07,Credit card,Email,Affluent,38.0,0.1,1.0,1952.72,2.0,6.0,31.0,289.0,-0.9,"The cash-advance fee of 1,953 euros on my card is not the one stated in the terms. I have already called 6 times and nobody has called me back. This is not the first time I have had to complain about this. I have never been treated so badly by a bank.",Escalated to ombudsman,1721.93
CMP-000966,2025-07-07,Credit card,Mobile app,Retail,18.0,0.0,1.0,113.17,1.0,3.0,18.0,223.0,-0.32,"The cash-advance fee of 113 euros on my card is not the one stated in the terms. After 3 contacts with the branch and the call centre, nothing has changed. I am very disappointed with how this has been handled.",Resolved at first contact,0.0
CMP-000967,2025-07-07,Credit card,Phone,Affluent,53.0,4.7,3.0,205.46,2.0,2.0,25.0,,,,Resolved at first contact,0.0
CMP-000968,2025-07-07,Insurance,Phone,Retail,74.0,18.1,7.0,,0.0,2.0,38.0,,,,Resolved after investigation,0.0
CMP-000969,2025-07-07,Current account,Email,Retail,79.0,9.1,4.0,329.78,1.0,2.0,30.0,167.0,-0.45,A transfer of 330 euros I sent on the 11th never reached the beneficiary and nobody can tell me where it is. I am very disappointed with how this has been handled.,Resolved after investigation,144.29
CMP-000970,2025-07-07,Investments,Web form,Retail,37.0,12.8,5.0,701.18,1.0,2.0,46.0,,,,Resolved after investigation,80.36
CMP-000971,2025-07-08,Personal loan,Phone,Retail,66.0,10.3,4.0,516.76,1.0,0.0,26.0,,,,Resolved at first contact,0.0
CMP-000972,2025-07-08,Current account,Phone,Retail,30.0,3.5,2.0,1706.54,2.0,3.0,26.0,,,,Resolved after investigation,347.57
CMP-000973,2025-07-08,Mortgage,Branch,Affluent,68.0,14.5,7.0,,1.0,2.0,21.0,127.0,0.46,"The interest rate applied to my mortgage does not match the offer I signed, and I have overpaid 1,166 euros. Your staff have been helpful so far; I just need this last point solved.",Resolved at first contact,0.0
CMP-000974,2025-07-08,Personal loan,Email,Affluent,46.0,0.1,2.0,500.17,0.0,1.0,30.0,,,,Resolved at first contact,0.0
CMP-000975,2025-07-08,Current account,Email,Retail,53.0,12.9,5.0,269.62,0.0,0.0,10.0,185.0,-0.16,"My current account was blocked for three days without any notice, and a transfer of 270 euros bounced. I would like this to be checked and corrected.",Resolved at first contact,0.0
CMP-000976,2025-07-08,Current account,Web form,SME,27.0,4.7,2.0,286.8,2.0,5.0,46.0,173.0,-0.66,A transfer of 287 euros I sent on the 26th never reached the beneficiary and nobody can tell me where it is. This is my fifth attempt to get an answer from you. This is not the first time I have had to complain about this. The problem dates back more than a month and is still open. I demand an immediate refund and a written apology.,Escalated to ombudsman,410.7
CMP-000977,2025-07-08,Personal loan,Branch,Retail,42.0,10.6,4.0,470.29,0.0,1.0,11.0,107.0,0.16,"I asked to repay my loan early and the fee applied, 470 euros, is far above what the contract says. I assume it is a mistake, but it needs to be resolved.",Resolved at first contact,40.81
CMP-000978,2025-07-08,Mortgage,Mobile app,Retail,41.0,17.2,6.0,3112.26,2.0,4.0,28.0,212.0,-0.67,"An insurance premium of 3,112 euros was added to my mortgage instalment without my consent. This is my fourth attempt to get an answer from you. This is not the first time I have had to complain about this. This is unacceptable and I am furious.",Escalated to ombudsman,2929.78
CMP-000979,2025-07-09,Insurance,Mobile app,Retail,48.0,14.4,5.0,701.03,1.0,2.0,18.0,137.0,0.01,"The insurance policy was renewed and 701 euros charged although I had cancelled it in writing. I assume it is a mistake, but it needs to be resolved.",Resolved at first contact,0.0
CMP-000980,2025-07-09,Credit card,Branch,Retail,36.0,1.1,2.0,919.41,0.0,3.0,23.0,149.0,0.04,There is a transaction of 919 euros on my card statement that I never made. I have already called 3 times and nobody has called me back. I would like this to be checked and corrected.,Resolved after investigation,124.76
CMP-000981,2025-07-09,Mortgage,Email,Retail,42.0,14.6,6.0,1932.4,0.0,1.0,33.0,163.0,-0.63,"The interest rate applied to my mortgage does not match the offer I signed, and I have overpaid 1,932 euros. I demand an immediate refund and a written apology.",Resolved after investigation,359.84
CMP-000982,2025-07-09,Mortgage,Mobile app,Retail,29.0,2.9,3.0,86.28,0.0,2.0,33.0,166.0,-0.22,"The interest rate applied to my mortgage does not match the offer I signed, and I have overpaid 86 euros. This has caused me a lot of stress and wasted time.",Resolved at first contact,0.0
CMP-000983,2025-07-10,Credit card,Phone,Retail,62.0,19.0,5.0,133.6,0.0,1.0,21.0,144.0,-0.19,There is a transaction of 134 euros on my card statement that I never made. Please let me know what happened and how it will be fixed.,Resolved at first contact,0.0
CMP-000984,2025-07-10,Investments,Mobile app,Affluent,44.0,0.7,4.0,969.7,2.0,2.0,35.0,189.0,-0.03,"I asked to sell my fund units on the 11th; the order was executed days later at a loss of 970 euros. This is not the first time I have had to complain about this. I assume it is a mistake, but it needs to be resolved.",Resolved at first contact,0.0
CMP-000985,2025-07-10,Mortgage,Web form,Retail,41.0,9.1,6.0,3302.89,1.0,2.0,45.0,224.0,-0.04,"An insurance premium of 3,303 euros was added to my mortgage instalment without my consent. Please let me know what happened and how it will be fixed.",Resolved at first contact,0.0
CMP-000986,2025-07-10,Credit card,Phone,Private,56.0,21.2,8.0,391.59,0.0,1.0,8.0,,,,Resolved at first contact,46.33
CMP-000987,2025-07-10,Credit card,Mobile app,Retail,42.0,4.3,3.0,208.23,2.0,3.0,23.0,185.0,-0.42,My card was blocked while I was abroad and I had to pay 208 euros in cash with no explanation. I have already called 3 times and nobody has called me back. This is not the first time I have had to complain about this. This has caused me a lot of stress and wasted time.,Resolved at first contact,0.0
CMP-000988,2025-07-11,Current account,Email,Retail,61.0,12.2,4.0,118.71,0.0,1.0,2.0,,,,Resolved at first contact,0.0
CMP-000989,2025-07-11,Investments,Phone,Retail,57.0,13.5,5.0,839.42,1.0,2.0,31.0,169.0,-0.24,My advisor moved my savings into a fund I never approved and the position is now 839 euros below what I invested. I expect a refund and a clear explanation.,Resolved at first contact,0.0
CMP-000990,2025-07-11,Current account,Email,Retail,46.0,5.6,3.0,113.47,2.0,3.0,30.0,135.0,-0.62,A transfer of 113 euros I sent on the 19th never reached the beneficiary and nobody can tell me where it is. This is my third attempt to get an answer from you. This is not the first time I have had to complain about this. I have never been treated so badly by a bank.,Resolved after investigation,50.33
CMP-000991,2025-07-11,Current account,Mobile app,SME,64.0,17.0,6.0,1265.03,1.0,3.0,43.0,260.0,-0.9,"I was charged 1,265 euros in fees that were never mentioned when I opened the account. I have already called 3 times and nobody has called me back. If this is not resolved within a week I will take it to the ombudsman.",Resolved after investigation,508.68
CMP-000992,2025-07-11,Investments,Email,Retail,48.0,3.9,2.0,611.44,1.0,4.0,41.0,191.0,-0.41,I asked to sell my fund units on the 11th; the order was executed days later at a loss of 611 euros. This is my fourth attempt to get an answer from you. I am very disappointed with how this has been handled.,Resolved at first contact,0.0
CMP-000993,2025-07-11,Credit card,Web form,Retail,18.0,0.0,2.0,468.7,2.0,3.0,27.0,307.0,-0.41,"The cash-advance fee of 469 euros on my card is not the one stated in the terms. After 3 contacts with the branch and the call centre, nothing has changed. This is not the first time I have had to complain about this. I am very disappointed with how this has been handled.",Escalated to ombudsman,560.88
CMP-000994,2025-07-12,Credit card,Mobile app,Retail,31.0,0.1,2.0,410.32,2.0,6.0,33.0,223.0,-0.05,"My card was charged twice for the same purchase of 410 euros. I have already called 6 times and nobody has called me back. This is not the first time I have had to complain about this. I assume it is a mistake, but it needs to be resolved.",Resolved after investigation,75.25
CMP-000995,2025-07-12,Current account,Phone,Affluent,46.0,17.7,7.0,340.52,1.0,1.0,24.0,157.0,-0.32,I was charged 341 euros in fees that were never mentioned when I opened the account. I am very disappointed with how this has been handled.,Resolved at first contact,0.0
CMP-000996,2025-07-13,Current account,Email,Retail,41.0,13.1,5.0,,1.0,3.0,23.0,199.0,-0.59,A transfer of 370 euros I sent on the 11th never reached the beneficiary and nobody can tell me where it is. This is my third attempt to get an answer from you. If this is not resolved within a week I will take it to the ombudsman.,Resolved at first contact,0.0
CMP-000997,2025-07-13,Credit card,Email,Retail,45.0,0.1,2.0,716.87,2.0,2.0,27.0,207.0,-0.49,My card was blocked while I was abroad and I had to pay 717 euros in cash with no explanation. This is not the first time I have had to complain about this. This has caused me a lot of stress and wasted time.,Resolved after investigation,125.23
CMP-000998,2025-07-14,Current account,Mobile app,Retail,38.0,13.0,5.0,80.8,0.0,0.0,3.0,75.0,-0.14,"My current account was blocked for three days without any notice, and a transfer of 81 euros bounced. I would like this to be checked and corrected.",Resolved at first contact,0.0
CMP-000999,2025-07-14,Current account,Mobile app,Affluent,52.0,12.7,7.0,78.19,0.0,2.0,10.0,71.0,0.14,"My current account was blocked for three days without any notice, and a transfer of 78 euros bounced. I assume it is a mistake, but it needs to be resolved.",Resolved at first contact,0.0
CMP-001000,2025-07-14,Credit card,Email,Retail,28.0,1.1,2.0,551.49,1.0,2.0,33.0,200.0,-0.43,The cash-advance fee of 551 euros on my card is not the one stated in the terms. I am very disappointed with how this has been handled.,Resolved after investigation,112.92
CMP-001001,2025-07-14,Insurance,Phone,Retail,23.0,0.1,1.0,217.6,2.0,3.0,21.0,,,,Resolved after investigation,25.83
CMP-001002,2025-07-14,Investments,Email,Affluent,45.0,10.3,6.0,,0.0,3.0,26.0,148.0,-0.26,"The costs of the investment product were never explained to me and I have paid 1,953 euros in charges. This is my third attempt to get an answer from you. This has caused me a lot of stress and wasted time.",Resolved after investigation,0.0
CMP-001003,2025-07-14,Mortgage,Email,Affluent,54.0,12.8,7.0,827.65,1.0,4.0,49.0,157.0,-0.21,"The interest rate applied to my mortgage does not match the offer I signed, and I have overpaid 828 euros. This is my fourth attempt to get an answer from you. The problem dates back more than a month and is still open. I expect a refund and a clear explanation.",Resolved after investigation,0.0
CMP-001004,2025-07-14,Mortgage,Email,Retail,51.0,5.4,2.0,199.54,0.0,3.0,38.0,115.0,-0.1,"My request to renegotiate the mortgage has been pending for weeks and the delay has cost me 200 euros. After 3 contacts with the branch and the call centre, nothing has changed. Please let me know what happened and how it will be fixed.",Resolved after investigation,33.25
CMP-001005,2025-07-14,Insurance,Phone,Retail,72.0,12.8,5.0,479.54,0.0,2.0,20.0,123.0,0.03,The insurance policy was renewed and 480 euros charged although I had cancelled it in writing. Please let me know what happened and how it will be fixed.,Resolved at first contact,0.0
CMP-001006,2025-07-14,Current account,Email,Retail,57.0,12.7,4.0,93.02,0.0,1.0,8.0,123.0,-0.03,"My current account was blocked for three days without any notice, and a transfer of 93 euros bounced. I assume it is a mistake, but it needs to be resolved.",Resolved at first contact,0.0
CMP-001007,2025-07-14,Credit card,Email,Private,,8.0,6.0,,1.0,4.0,38.0,254.0,-0.24,"There is a transaction of 2,021 euros on my card statement that I never made. After 4 contacts with the branch and the call centre, nothing has changed. I expect a refund and a clear explanation.",Resolved after investigation,282.31
CMP-001008,2025-07-14,Current account,Web form,Retail,57.0,12.0,5.0,,2.0,3.0,15.0,143.0,-0.45,"I was charged 1,832 euros in fees that were never mentioned when I opened the account. This is my third attempt to get an answer from you. This is not the first time I have had to complain about this. I am very disappointed with how this has been handled.",Resolved at first contact,0.0
CMP-001009,2025-07-15,Credit card,Mobile app,Affluent,,0.1,2.0,555.73,2.0,4.0,24.0,156.0,-0.68,"There is a transaction of 556 euros on my card statement that I never made. After 4 contacts with the branch and the call centre, nothing has changed. This is not the first time I have had to complain about this. This is unacceptable and I am furious.",Resolved after investigation,240.54
CMP-001010,2025-07-15,Investments,Email,Retail,58.0,11.0,4.0,,0.0,3.0,33.0,,,,Resolved at first contact,0.0
CMP-001011,2025-07-15,Current account,Phone,Retail,51.0,13.8,5.0,268.45,1.0,2.0,26.0,,,,Resolved after investigation,104.45
CMP-001012,2025-07-16,Investments,Phone,Retail,36.0,10.9,4.0,260.36,1.0,0.0,30.0,225.0,0.05,"I asked to sell my fund units on the 5th; the order was executed days later at a loss of 260 euros. I assume it is a mistake, but it needs to be resolved.",Resolved after investigation,92.04
CMP-001013,2025-07-16,Current account,Email,Affluent,46.0,0.1,2.0,524.91,2.0,4.0,34.0,177.0,-0.11,"My current account was blocked for three days without any notice, and a transfer of 525 euros bounced. This is my fourth attempt to get an answer from you. This is not the first time I have had to complain about this. Please let me know what happened and how it will be fixed.",Resolved after investigation,207.64
CMP-001014,2025-07-16,Credit card,Email,Retail,45.0,9.4,3.0,554.15,2.0,5.0,32.0,169.0,-0.16,The cash-advance fee of 554 euros on my card is not the one stated in the terms. This is my fifth attempt to get an answer from you. This is not the first time I have had to complain about this. I would like this to be checked and corrected.,Escalated to ombudsman,687.84
CMP-001015,2025-07-16,Mortgage,Phone,Retail,48.0,8.9,3.0,591.6,1.0,2.0,43.0,,,,Resolved after investigation,184.76
CMP-001016,2025-07-17,Current account,Email,Private,54.0,11.3,7.0,582.92,0.0,2.0,33.0,168.0,-0.49,I was charged 583 euros in fees that were never mentioned when I opened the account. I am very disappointed with how this has been handled.,Resolved at first contact,0.0
CMP-001017,2025-07-17,Credit card,Phone,Retail,41.0,12.3,5.0,417.05,1.0,1.0,19.0,167.0,-0.23,The cash-advance fee of 417 euros on my card is not the one stated in the terms. This has caused me a lot of stress and wasted time.,Resolved after investigation,110.75
CMP-001018,2025-07-17,Investments,Email,Retail,54.0,22.6,8.0,,2.0,7.0,52.0,219.0,-0.56,"I asked to sell my fund units on the 16th; the order was executed days later at a loss of 6,320 euros. After 7 contacts with the branch and the call centre, nothing has changed. This is not the first time I have had to complain about this. The problem dates back more than a month and is still open. I demand an immediate refund and a written apology.",Resolved after investigation,0.0
CMP-001019,2025-07-17,Current account,Phone,Retail,56.0,9.2,5.0,187.87,0.0,2.0,24.0,,,,Resolved at first contact,0.0
CMP-001020,2025-07-17,Personal loan,Branch,Retail,74.0,17.7,6.0,175.84,0.0,2.0,34.0,,,,Resolved at first contact,0.0
CMP-001021,2025-07-18,Personal loan,Email,Retail,18.0,0.0,2.0,382.39,1.0,3.0,27.0,161.0,-0.37,The instalment taken for my loan is 382 euros higher than the amount agreed in the contract. This is my third attempt to get an answer from you. I expect a refund and a clear explanation.,Resolved after investigation,127.65
CMP-001022,2025-07-18,Current account,Mobile app,Affluent,51.0,0.1,2.0,1342.38,1.0,3.0,27.0,136.0,-0.09,"An unauthorised direct debit of 1,342 euros was taken from my current account on the 17th. This is my third attempt to get an answer from you. Please let me know what happened and how it will be fixed.",Resolved at first contact,0.0
CMP-001023,2025-07-18,Credit card,Email,Retail,75.0,24.2,8.0,157.15,1.0,3.0,37.0,171.0,-0.43,My card was blocked while I was abroad and I had to pay 157 euros in cash with no explanation. This is my third attempt to get an answer from you. I expect a refund and a clear explanation.,Resolved after investigation,37.99
CMP-001024,2025-07-18,Insurance,Email,Affluent,47.0,7.3,5.0,1152.25,2.0,4.0,28.0,228.0,-0.69,"My claim of 1,152 euros on the policy linked to my account was rejected without any explanation. After 4 contacts with the branch and the call centre, nothing has changed. This is not the first time I have had to complain about this. I demand an immediate refund and a written apology.",Escalated to ombudsman,1024.47
CMP-001025,2025-07-19,Insurance,Phone,Retail,46.0,10.9,6.0,2759.33,3.0,5.0,30.0,247.0,-0.34,"The insurance policy was renewed and 2,759 euros charged although I had cancelled it in writing. After 5 contacts with the branch and the call centre, nothing has changed. This is not the first time I have had to complain about this. This has caused me a lot of stress and wasted time.",Escalated to ombudsman,3279.21
CMP-001026,2025-07-20,Current account,Web form,Retail,24.0,0.1,1.0,94.58,1.0,3.0,19.0,205.0,-0.3,A transfer of 95 euros I sent on the 6th never reached the beneficiary and nobody can tell me where it is. I have already called 3 times and nobody has called me back. I expect a refund and a clear explanation.,Resolved at first contact,0.0
CMP-001027,2025-07-20,Current account,Email,SME,45.0,7.8,4.0,1109.83,1.0,3.0,15.0,212.0,-0.38,"My current account was blocked for three days without any notice, and a transfer of 1,110 euros bounced. After 3 contacts with the branch and the call centre, nothing has changed. I am very disappointed with how this has been handled.",Resolved after investigation,327.08
CMP-001028,2025-07-20,Credit card,Phone,Retail,49.0,16.1,7.0,577.79,1.0,3.0,40.0,,,,Escalated to ombudsman,377.98
CMP-001029,2025-07-21,Credit card,Mobile app,Retail,51.0,12.0,4.0,284.12,0.0,3.0,27.0,249.0,-0.25,My card was charged twice for the same purchase of 284 euros. This is my third attempt to get an answer from you. I am very disappointed with how this has been handled.,Resolved at first contact,0.0
CMP-001030,2025-07-21,Current account,Phone,Affluent,44.0,0.1,3.0,177.34,1.0,2.0,18.0,,,,Resolved at first contact,27.88
CMP-001031,2025-07-21,Current account,Web form,SME,48.0,17.4,6.0,,1.0,2.0,41.0,186.0,-0.06,"A transfer of 2,105 euros I sent on the 17th never reached the beneficiary and nobody can tell me where it is. I would like this to be checked and corrected.",Escalated to ombudsman,2616.24
CMP-001032,2025-07-21,Investments,Branch,Affluent,36.0,6.6,4.0,3185.04,0.0,2.0,33.0,185.0,-0.5,"My advisor moved my savings into a fund I never approved and the position is now 3,185 euros below what I invested. This has caused me a lot of stress and wasted time.",Resolved after investigation,1188.08
CMP-001033,2025-07-21,Credit card,Mobile app,Affluent,27.0,0.1,1.0,210.27,1.0,4.0,24.0,200.0,-0.16,"The cash-advance fee of 210 euros on my card is not the one stated in the terms. After 4 contacts with the branch and the call centre, nothing has changed. Please let me know what happened and how it will be fixed.",Resolved after investigation,49.02
CMP-001034,2025-07-21,Current account,Phone,Private,,18.2,8.0,435.39,1.0,2.0,16.0,,,,Resolved after investigation,0.0
CMP-001035,2025-07-21,Current account,Mobile app,Affluent,41.0,9.6,4.0,733.48,2.0,5.0,32.0,,,,Resolved after investigation,282.84
CMP-001036,2025-07-21,Investments,Email,SME,29.0,0.1,1.0,,1.0,4.0,35.0,276.0,-0.62,"My advisor moved my savings into a fund I never approved and the position is now 10,254 euros below what I invested. I have already called 4 times and nobody has called me back. This is unacceptable and I am furious.",Escalated to ombudsman,7799.05
CMP-001037,2025-07-21,Credit card,Mobile app,Retail,20.0,0.1,1.0,226.03,0.0,3.0,25.0,213.0,-0.45,"The cash-advance fee of 226 euros on my card is not the one stated in the terms. After 3 contacts with the branch and the call centre, nothing has changed. This has caused me a lot of stress and wasted time.",Resolved at first contact,0.0
CMP-001038,2025-07-22,Current account,Mobile app,Affluent,61.0,5.4,4.0,460.39,1.0,3.0,32.0,,,,Resolved after investigation,113.56
CMP-001039,2025-07-23,Current account,Phone,Retail,48.0,9.1,4.0,195.0,0.0,2.0,22.0,135.0,-0.04,"An unauthorised direct debit of 195 euros was taken from my current account on the 19th. I assume it is a mistake, but it needs to be resolved.",Resolved at first contact,0.0
CMP-001040,2025-07-23,Current account,Phone,Retail,44.0,6.9,3.0,,0.0,3.0,13.0,231.0,0.02,A transfer of 98 euros I sent on the 16th never reached the beneficiary and nobody can tell me where it is. This is my third attempt to get an answer from you. Please let me know what happened and how it will be fixed.,Resolved after investigation,19.0
CMP-001041,2025-07-23,Credit card,Mobile app,Private,50.0,0.1,3.0,393.13,2.0,2.0,30.0,135.0,-0.56,The cash-advance fee of 393 euros on my card is not the one stated in the terms. This is not the first time I have had to complain about this. I demand an immediate refund and a written apology.,Resolved after investigation,0.0
CMP-001042,2025-07-24,Investments,Branch,SME,62.0,17.4,7.0,,0.0,2.0,27.0,132.0,-0.59,"The costs of the investment product were never explained to me and I have paid 5,120 euros in charges. I have never been treated so badly by a bank.",Resolved at first contact,0.0
CMP-001043,2025-07-24,Personal loan,Branch,Affluent,39.0,12.3,5.0,497.49,0.0,1.0,15.0,120.0,-0.06,"I asked to repay my loan early and the fee applied, 497 euros, is far above what the contract says. I would like this to be checked and corrected.",Resolved at first contact,0.0
CMP-001044,2025-07-24,Personal loan,Phone,Retail,56.0,10.2,3.0,917.24,1.0,3.0,14.0,139.0,-0.52,"The instalment taken for my loan is 917 euros higher than the amount agreed in the contract. After 3 contacts with the branch and the call centre, nothing has changed. This has caused me a lot of stress and wasted time.",Resolved after investigation,443.34
CMP-001045,2025-07-24,Credit card,Phone,Retail,41.0,12.4,5.0,197.17,1.0,3.0,27.0,166.0,-0.48,My card was blocked while I was abroad and I had to pay 197 euros in cash with no explanation. I have already called 3 times and nobody has called me back. I expect a refund and a clear explanation.,Resolved after investigation,47.01
CMP-001046,2025-07-24,Current account,Phone,Retail,44.0,0.1,1.0,400.81,1.0,3.0,33.0,,,,Resolved after investigation,0.0
CMP-001047,2025-07-25,Current account,Phone,Retail,25.0,1.1,1.0,425.43,0.0,4.0,17.0,251.0,-0.1,I was charged 425 euros in fees that were never mentioned when I opened the account. I have already called 4 times and nobody has called me back. Please let me know what happened and how it will be fixed.,Resolved at first contact,0.0
CMP-001048,2025-07-25,Current account,Email,Retail,45.0,4.2,4.0,20.34,0.0,0.0,0.0,41.0,0.38,"I was charged 20 euros in fees that were never mentioned when I opened the account. I have always been happy with the bank, so I am sure this can be sorted out quickly.",Resolved at first contact,0.0
CMP-001049,2025-07-25,Investments,Email,Retail,39.0,11.3,4.0,184.81,0.0,3.0,18.0,159.0,-0.43,"The costs of the investment product were never explained to me and I have paid 185 euros in charges. After 3 contacts with the branch and the call centre, nothing has changed. I expect a refund and a clear explanation.",Resolved at first contact,0.0
CMP-001050,2025-07-27,Credit card,Web form,Affluent,42.0,8.1,3.0,790.04,1.0,2.0,22.0,223.0,-0.35,The cash-advance fee of 790 euros on my card is not the one stated in the terms. I am very disappointed with how this has been handled.,Resolved after investigation,382.85
CMP-001051,2025-07-28,Credit card,Mobile app,Retail,50.0,18.6,7.0,223.93,0.0,3.0,10.0,175.0,-0.13,"The cash-advance fee of 224 euros on my card is not the one stated in the terms. After 3 contacts with the branch and the call centre, nothing has changed. I assume it is a mistake, but it needs to be resolved.",Resolved at first contact,0.0
CMP-001052,2025-07-28,Mortgage,Branch,Retail,48.0,1.6,1.0,673.94,1.0,4.0,32.0,,,,Resolved after investigation,126.78
CMP-001053,2025-07-28,Mortgage,Phone,Affluent,47.0,15.5,6.0,1083.07,1.0,2.0,32.0,106.0,0.05,"An insurance premium of 1,083 euros was added to my mortgage instalment without my consent. I assume it is a mistake, but it needs to be resolved.",Resolved at first contact,0.0
CMP-001054,2025-07-28,Investments,Web form,Retail,50.0,21.9,8.0,,0.0,1.0,27.0,114.0,-0.31,"My advisor moved my savings into a fund I never approved and the position is now 1,721 euros below what I invested. This has caused me a lot of stress and wasted time.",Escalated to ombudsman,2020.56
CMP-001055,2025-07-28,Insurance,Web form,Retail,52.0,14.5,6.0,430.18,1.0,3.0,28.0,167.0,-0.38,"The insurance policy was renewed and 430 euros charged although I had cancelled it in writing. After 3 contacts with the branch and the call centre, nothing has changed. I am very disappointed with how this has been handled.",Resolved after investigation,92.13
CMP-001056,2025-07-28,Credit card,Email,SME,45.0,11.4,4.0,352.66,1.0,1.0,8.0,84.0,0.33,"My card was charged twice for the same purchase of 353 euros. I have always been happy with the bank, so I am sure this can be sorted out quickly.",Resolved at first contact,0.0
CMP-001057,2025-07-28,Credit card,Email,Retail,36.0,2.3,1.0,,1.0,2.0,44.0,242.0,-0.54,There is a transaction of 213 euros on my card statement that I never made. This has caused me a lot of stress and wasted time.,Resolved after investigation,85.02
CMP-001058,2025-07-28,Current account,Phone,Retail,32.0,5.0,1.0,695.98,1.0,2.0,32.0,,,,Resolved after investigation,322.9
CMP-001059,2025-07-28,Current account,Phone,Retail,64.0,15.6,5.0,315.95,1.0,2.0,29.0,166.0,-0.47,I was charged 316 euros in fees that were never mentioned when I opened the account. I expect a refund and a clear explanation.,Resolved at first contact,0.0
CMP-001060,2025-07-29,Current account,Phone,Retail,45.0,11.7,5.0,520.9,2.0,4.0,38.0,,,,Resolved after investigation,122.68
CMP-001061,2025-07-29,Mortgage,Phone,Affluent,53.0,8.8,5.0,1081.63,1.0,3.0,30.0,,,,Resolved after investigation,215.34
CMP-001062,2025-07-29,Investments,Phone,Affluent,39.0,0.1,3.0,624.72,1.0,3.0,40.0,172.0,-0.59,I asked to sell my fund units on the 17th; the order was executed days later at a loss of 625 euros. I have already called 3 times and nobody has called me back. I demand an immediate refund and a written apology.,Escalated to ombudsman,846.01
CMP-001063,2025-07-29,Current account,Branch,Retail,67.0,13.8,4.0,250.37,2.0,4.0,23.0,,,,Escalated to ombudsman,479.55
CMP-001064,2025-07-29,Current account,Phone,Affluent,53.0,8.0,5.0,603.97,2.0,4.0,11.0,,,,Resolved at first contact,0.0
CMP-001065,2025-07-29,Insurance,Social media,Retail,57.0,8.0,4.0,404.44,1.0,2.0,14.0,85.0,-0.22,My claim of 404 euros on the policy linked to my account was rejected without any explanation. I expect a refund and a clear explanation.,Resolved after investigation,134.24
CMP-001066,2025-07-29,Credit card,Web form,Retail,49.0,8.2,4.0,124.0,0.0,1.0,16.0,86.0,0.08,"There is a transaction of 124 euros on my card statement that I never made. I assume it is a mistake, but it needs to be resolved.",Resolved at first contact,0.0
CMP-001067,2025-07-29,Credit card,Phone,Retail,49.0,10.5,4.0,1143.46,3.0,4.0,29.0,,,,Resolved after investigation,365.71
CMP-001068,2025-07-30,Investments,Social media,Retail,23.0,5.0,2.0,214.69,0.0,0.0,25.0,123.0,0.17,The costs of the investment product were never explained to me and I have paid 215 euros in charges. Please let me know what happened and how it will be fixed.,Resolved after investigation,76.54
CMP-001069,2025-07-30,Insurance,Phone,SME,63.0,26.8,8.0,1157.85,0.0,3.0,30.0,,,,Resolved after investigation,415.85
CMP-001070,2025-07-30,Credit card,Email,Retail,26.0,8.0,2.0,301.3,0.0,3.0,44.0,183.0,-0.39,My card was charged twice for the same purchase of 301 euros. I have already called 3 times and nobody has called me back. This has caused me a lot of stress and wasted time.,Resolved after investigation,51.35
CMP-001071,2025-07-31,Mortgage,Web form,Retail,38.0,0.2,1.0,467.25,1.0,3.0,20.0,130.0,-0.4,My request to renegotiate the mortgage has been pending for weeks and the delay has cost me 467 euros. This is my third attempt to get an answer from you. This has caused me a lot of stress and wasted time.,Resolved at first contact,0.0
CMP-001072,2025-07-31,Current account,Phone,Affluent,39.0,0.1,1.0,100.7,1.0,2.0,11.0,,,,Resolved at first contact,0.0
CMP-001073,2025-08-01,Mortgage,Phone,Retail,57.0,13.5,6.0,370.18,1.0,0.0,21.0,,,,Resolved at first contact,0.0
CMP-001074,2025-08-01,Credit card,Phone,SME,44.0,0.1,1.0,,2.0,5.0,34.0,233.0,-0.17,"The cash-advance fee of 3,315 euros on my card is not the one stated in the terms. This is my fifth attempt to get an answer from you. This is not the first time I have had to complain about this. I assume it is a mistake, but it needs to be resolved.",Resolved after investigation,1022.03
CMP-001075,2025-08-01,Current account,Email,Retail,63.0,0.2,6.0,1913.81,2.0,1.0,5.0,226.0,0.08,"A transfer of 1,914 euros I sent on the 11th never reached the beneficiary and nobody can tell me where it is. This is not the first time I have had to complain about this. I assume it is a mistake, but it needs to be resolved.",Resolved at first contact,0.0
CMP-001076,2025-08-01,Mortgage,Web form,Affluent,49.0,9.7,5.0,4475.74,2.0,3.0,43.0,160.0,-0.4,"The interest rate applied to my mortgage does not match the offer I signed, and I have overpaid 4,476 euros. I have already called 3 times and nobody has called me back. This is not the first time I have had to complain about this. I am very disappointed with how this has been handled.",Escalated to ombudsman,2564.87
CMP-001077,2025-08-01,Insurance,Mobile app,Retail,29.0,11.0,5.0,1505.96,2.0,3.0,42.0,209.0,-0.59,"The insurance policy was renewed and 1,506 euros charged although I had cancelled it in writing. I have already called 3 times and nobody has called me back. This is not the first time I have had to complain about this. I have never been treated so badly by a bank.",Resolved after investigation,678.69
CMP-001078,2025-08-02,Current account,Email,Retail,58.0,16.2,5.0,68.77,0.0,0.0,17.0,108.0,-0.02,"An unauthorised direct debit of 69 euros was taken from my current account on the 8th. I assume it is a mistake, but it needs to be resolved.",Resolved at first contact,0.0
CMP-001079,2025-08-02,Investments,Email,Retail,48.0,11.0,4.0,,2.0,3.0,53.0,240.0,-0.61,"I asked to sell my fund units on the 12th; the order was executed days later at a loss of 1,757 euros. I have already called 3 times and nobody has called me back. This is not the first time I have had to complain about this. The problem dates back more than a month and is still open. I have never been treated so badly by a bank.",Escalated to ombudsman,1264.01
CMP-001080,2025-08-03,Personal loan,Web form,Retail,40.0,6.1,2.0,808.84,0.0,2.0,41.0,169.0,-0.31,My loan application was rejected after 27 days and the 809 euros I paid for the appraisal were not refunded. This has caused me a lot of stress and wasted time.,Resolved after investigation,334.26
CMP-001081,2025-08-04,Mortgage,Web form,Affluent,54.0,9.3,4.0,960.65,1.0,2.0,34.0,158.0,-0.18,An insurance premium of 961 euros was added to my mortgage instalment without my consent. Please let me know what happened and how it will be fixed.,Resolved at first contact,0.0
CMP-001082,2025-08-04,Credit card,Social media,Retail,53.0,13.0,5.0,1203.0,2.0,4.0,29.0,166.0,-0.44,"There is a transaction of 1,203 euros on my card statement that I never made. This is my fourth attempt to get an answer from you. This is not the first time I have had to complain about this. This has caused me a lot of stress and wasted time.",Resolved after investigation,0.0
CMP-001083,2025-08-04,Current account,Email,Affluent,55.0,11.7,6.0,625.32,1.0,3.0,27.0,182.0,-0.56,"I was charged 625 euros in fees that were never mentioned when I opened the account. After 3 contacts with the branch and the call centre, nothing has changed. I have never been treated so badly by a bank.",Resolved at first contact,6.49
CMP-001084,2025-08-04,Mortgage,Branch,Private,40.0,5.2,4.0,8764.73,1.0,5.0,47.0,,,,Resolved after investigation,2670.81
CMP-001085,2025-08-04,Credit card,Mobile app,Retail,33.0,6.4,3.0,64.79,0.0,0.0,23.0,135.0,-0.22,My card was charged twice for the same purchase of 65 euros. This has caused me a lot of stress and wasted time.,Resolved at first contact,0.0
CMP-001086,2025-08-04,Personal loan,Phone,Retail,53.0,11.6,5.0,561.15,1.0,6.0,33.0,205.0,-0.48,"I asked to repay my loan early and the fee applied, 561 euros, is far above what the contract says. This is my sixth attempt to get an answer from you. I expect a refund and a clear explanation.",Escalated to ombudsman,529.29
CMP-001087,2025-08-04,Current account,Branch,Retail,66.0,12.5,4.0,741.82,1.0,3.0,25.0,135.0,-0.24,I was charged 742 euros in fees that were never mentioned when I opened the account. I have already called 3 times and nobody has called me back. I am very disappointed with how this has been handled.,Resolved at first contact,0.0
CMP-001088,2025-08-05,Credit card,Email,Private,56.0,13.5,6.0,595.8,1.0,3.0,27.0,143.0,-0.08,"My card was blocked while I was abroad and I had to pay 596 euros in cash with no explanation. After 3 contacts with the branch and the call centre, nothing has changed. I would like this to be checked and corrected.",Resolved at first contact,0.0
CMP-001089,2025-08-05,Credit card,Phone,Affluent,63.0,4.7,3.0,1752.42,1.0,2.0,33.0,142.0,-0.27,"My card was charged twice for the same purchase of 1,752 euros. I expect a refund and a clear explanation.",Resolved after investigation,444.08
CMP-001090,2025-08-05,Personal loan,Social media,Retail,70.0,7.4,4.0,67.49,0.0,2.0,14.0,154.0,0.14,My loan application was rejected after 7 days and the 67 euros I paid for the appraisal were not refunded. Please let me know what happened and how it will be fixed.,Resolved after investigation,33.38
CMP-001091,2025-08-05,Insurance,Mobile app,Affluent,43.0,19.3,7.0,3708.28,1.0,3.0,35.0,197.0,-0.59,"The insurance policy was renewed and 3,708 euros charged although I had cancelled it in writing. I have already called 3 times and nobody has called me back. I demand an immediate refund and a written apology.",Resolved after investigation,963.17
CMP-001092,2025-08-05,Insurance,Phone,Retail,48.0,16.9,6.0,178.41,0.0,2.0,12.0,89.0,0.05,"The insurance policy was renewed and 178 euros charged although I had cancelled it in writing. I assume it is a mistake, but it needs to be resolved.",Resolved at first contact,0.0
CMP-001093,2025-08-05,Insurance,Mobile app,Retail,74.0,19.6,8.0,1939.22,2.0,4.0,34.0,251.0,-0.49,"The insurance policy was renewed and 1,939 euros charged although I had cancelled it in writing. I have already called 4 times and nobody has called me back. This is not the first time I have had to complain about this. I expect a refund and a clear explanation.",Escalated to ombudsman,1979.05
CMP-001094,2025-08-06,Investments,Phone,Retail,28.0,3.2,3.0,576.52,2.0,3.0,29.0,136.0,-0.04,I asked to sell my fund units on the 8th; the order was executed days later at a loss of 577 euros. I have already called 3 times and nobody has called me back. This is not the first time I have had to complain about this. Please let me know what happened and how it will be fixed.,Resolved after investigation,182.84
CMP-001095,2025-08-06,Personal loan,Branch,Retail,44.0,9.2,3.0,94.87,0.0,2.0,15.0,,,,Resolved at first contact,0.0
CMP-001096,2025-08-06,Current account,Branch,SME,88.0,21.9,6.0,987.59,0.0,2.0,16.0,,,,Resolved at first contact,0.0
CMP-001097,2025-08-07,Mortgage,Email,Affluent,34.0,6.9,4.0,,1.0,2.0,43.0,207.0,-0.28,"The interest rate applied to my mortgage does not match the offer I signed, and I have overpaid 1,886 euros. I expect a refund and a clear explanation.",Resolved after investigation,926.12
CMP-001098,2025-08-08,Credit card,Social media,Retail,53.0,12.3,5.0,154.76,2.0,3.0,16.0,180.0,-0.0,The cash-advance fee of 155 euros on my card is not the one stated in the terms. I have already called 3 times and nobody has called me back. This is not the first time I have had to complain about this. Please let me know what happened and how it will be fixed.,Escalated to ombudsman,256.77
CMP-001099,2025-08-08,Current account,Phone,SME,,5.1,2.0,1483.29,1.0,4.0,17.0,,,,Resolved after investigation,545.63
CMP-001100,2025-08-08,Current account,Email,Affluent,57.0,8.6,4.0,40.4,0.0,1.0,0.0,43.0,0.44,"A transfer of 40 euros I sent on the 24th never reached the beneficiary and nobody can tell me where it is. I have always been happy with the bank, so I am sure this can be sorted out quickly.",Resolved at first contact,0.0
CMP-001101,2025-08-08,Personal loan,Email,Retail,54.0,7.3,3.0,385.35,2.0,2.0,18.0,164.0,-0.25,My loan application was rejected after 17 days and the 385 euros I paid for the appraisal were not refunded. This is not the first time I have had to complain about this. I am very disappointed with how this has been handled.,Resolved at first contact,0.0
CMP-001102,2025-08-09,Mortgage,Mobile app,Affluent,42.0,1.2,3.0,,2.0,4.0,63.0,267.0,-0.53,"An insurance premium of 4,984 euros was added to my mortgage instalment without my consent. After 4 contacts with the branch and the call centre, nothing has changed. This is not the first time I have had to complain about this. The problem dates back more than a month and is still open. I expect a refund and a clear explanation.",Escalated to ombudsman,2892.1
CMP-001103,2025-08-09,Mortgage,Branch,Private,56.0,13.4,6.0,1542.39,1.0,3.0,43.0,200.0,-0.38,"An insurance premium of 1,542 euros was added to my mortgage instalment without my consent. After 3 contacts with the branch and the call centre, nothing has changed. This has caused me a lot of stress and wasted time.",Resolved after investigation,563.63
CMP-001104,2025-08-09,Personal loan,Web form,Retail,30.0,0.1,1.0,428.94,0.0,3.0,23.0,181.0,-0.1,"I asked to repay my loan early and the fee applied, 429 euros, is far above what the contract says. This is my third attempt to get an answer from you. I would like this to be checked and corrected.",Resolved at first contact,0.0
CMP-001105,2025-08-10,Personal loan,Email,Retail,45.0,9.6,5.0,708.79,1.0,4.0,33.0,188.0,-0.39,"I asked to repay my loan early and the fee applied, 709 euros, is far above what the contract says. I have already called 4 times and nobody has called me back. This has caused me a lot of stress and wasted time.",Resolved after investigation,251.72
CMP-001106,2025-08-11,Mortgage,Mobile app,Retail,64.0,20.9,7.0,629.4,1.0,3.0,41.0,107.0,-0.19,"The interest rate applied to my mortgage does not match the offer I signed, and I have overpaid 629 euros. I have already called 3 times and nobody has called me back. Please let me know what happened and how it will be fixed.",Resolved at first contact,0.0
CMP-001107,2025-08-11,Mortgage,Branch,unknown,44.0,10.9,4.0,570.07,1.0,1.0,31.0,120.0,-0.12,"The interest rate applied to my mortgage does not match the offer I signed, and I have overpaid 570 euros. I would like this to be checked and corrected.",Resolved after investigation,162.83
CMP-001108,2025-08-11,Credit card,Branch,Retail,57.0,13.5,6.0,164.16,1.0,2.0,21.0,,,,Resolved after investigation,39.48
CMP-001109,2025-08-11,Credit card,Branch,Retail,63.0,13.3,5.0,220.33,1.0,4.0,30.0,231.0,-0.72,The cash-advance fee of 220 euros on my card is not the one stated in the terms. I have already called 4 times and nobody has called me back. If this is not resolved within a week I will take it to the ombudsman.,Resolved at first contact,0.0
CMP-001110,2025-08-11,Current account,Phone,Affluent,70.0,14.3,7.0,266.14,1.0,0.0,16.0,179.0,-0.26,An unauthorised direct debit of 266 euros was taken from my current account on the 17th. This has caused me a lot of stress and wasted time.,Resolved at first contact,0.0
CMP-001111,2025-08-11,Insurance,Phone,Retail,55.0,20.7,6.0,1275.2,1.0,1.0,19.0,,,,Resolved after investigation,336.3
CMP-001112,2025-08-11,Current account,Mobile app,Retail,44.0,7.2,3.0,75.12,0.0,0.0,16.0,125.0,0.13,An unauthorised direct debit of 75 euros was taken from my current account on the 4th. I would like this to be checked and corrected.,Resolved at first contact,0.0
CMP-001113,2025-08-11,Investments,Phone,Affluent,67.0,20.0,8.0,762.67,0.0,1.0,8.0,,,,Resolved at first contact,0.0
CMP-001114,2025-08-12,Current account,Mobile app,Affluent,52.0,10.0,5.0,690.26,2.0,1.0,26.0,131.0,-0.1,An unauthorised direct debit of 690 euros was taken from my current account on the 24th. This is not the first time I have had to complain about this. I would like this to be checked and corrected.,Resolved at first contact,0.0
CMP-001115,2025-08-12,Current account,Phone,Retail,36.0,0.1,2.0,1619.69,1.0,4.0,27.0,,,,Resolved after investigation,758.91
CMP-001116,2025-08-12,Personal loan,Branch,Retail,38.0,0.6,2.0,421.74,2.0,4.0,36.0,,,,Resolved after investigation,188.69
CMP-001117,2025-08-13,Investments,Mobile app,Affluent,75.0,12.4,7.0,6381.49,1.0,5.0,59.0,204.0,-0.67,"My advisor moved my savings into a fund I never approved and the position is now 6,381 euros below what I invested. I have already called 5 times and nobody has called me back. The problem dates back more than a month and is still open. This is unacceptable and I am furious.",Escalated to ombudsman,6838.96
CMP-001118,2025-08-13,Insurance,Social media,Retail,41.0,1.8,1.0,124.86,0.0,2.0,6.0,94.0,-0.24,My claim of 125 euros on the policy linked to my account was rejected without any explanation. This has caused me a lot of stress and wasted time.,Resolved at first contact,0.0
CMP-001119,2025-08-13,Credit card,Email,Retail,62.0,20.6,8.0,368.41,0.0,1.0,20.0,186.0,-0.02,The cash-advance fee of 368 euros on my card is not the one stated in the terms. I would like this to be checked and corrected.,Resolved at first contact,0.0
CMP-001120,2025-08-14,Credit card,Mobile app,Private,50.0,16.7,7.0,570.66,1.0,3.0,9.0,222.0,-0.28,My card was charged twice for the same purchase of 571 euros. I have already called 3 times and nobody has called me back. I am very disappointed with how this has been handled.,Resolved at first contact,0.0
CMP-001121,2025-08-14,Personal loan,Phone,Retail,36.0,8.4,3.0,382.88,1.0,4.0,25.0,,,,Resolved after investigation,70.28
CMP-001122,2025-08-14,Investments,Branch,Retail,42.0,9.4,4.0,800.5,1.0,3.0,52.0,,,,Resolved after investigation,181.45
CMP-001123,2025-08-15,Personal loan,Phone,Retail,34.0,8.0,3.0,78.3,0.0,2.0,31.0,103.0,-0.29,My loan application was rejected after 19 days and the 78 euros I paid for the appraisal were not refunded. I am very disappointed with how this has been handled.,Resolved at first contact,0.0
CMP-001124,2025-08-15,Current account,Branch,Affluent,54.0,15.1,7.0,1466.25,2.0,4.0,43.0,,,,Resolved after investigation,448.12
CMP-001125,2025-08-15,Current account,Phone,Retail,35.0,17.0,6.0,201.99,0.0,2.0,30.0,,,,Resolved at first contact,0.0
CMP-001126,2025-08-18,Current account,Phone,Retail,48.0,6.6,4.0,124.83,1.0,3.0,33.0,,,,Resolved after investigation,62.04
CMP-001127,2025-08-18,Credit card,Email,Retail,57.0,8.0,3.0,577.0,1.0,4.0,23.0,171.0,-0.66,"The cash-advance fee of 577 euros on my card is not the one stated in the terms. After 4 contacts with the branch and the call centre, nothing has changed. This is unacceptable and I am furious.",Resolved after investigation,0.0
CMP-001128,2025-08-18,Current account,Email,Retail,49.0,13.2,4.0,395.73,2.0,2.0,36.0,234.0,-0.53,"My current account was blocked for three days without any notice, and a transfer of 396 euros bounced. This is not the first time I have had to complain about this. I am very disappointed with how this has been handled.",Resolved after investigation,47.36
CMP-001129,2025-08-18,Credit card,Phone,Affluent,39.0,6.0,3.0,100.01,1.0,1.0,15.0,,,,Resolved after investigation,47.57
CMP-001130,2025-08-18,Credit card,Email,Retail,,8.8,4.0,35.76,0.0,2.0,20.0,,,,Resolved at first contact,0.0
CMP-001131,2025-08-18,Insurance,Phone,Retail,20.0,0.1,2.0,1400.77,1.0,5.0,24.0,,,,Escalated to ombudsman,864.76
CMP-001132,2025-08-18,Current account,Phone,Retail,40.0,1.9,3.0,201.26,0.0,2.0,18.0,,,,Resolved at first contact,0.0
CMP-001133,2025-08-19,Personal loan,Phone,Retail,54.0,12.7,5.0,751.62,1.0,3.0,24.0,170.0,-0.32,My loan application was rejected after 15 days and the 752 euros I paid for the appraisal were not refunded. I have already called 3 times and nobody has called me back. This has caused me a lot of stress and wasted time.,Resolved after investigation,274.38
CMP-001134,2025-08-19,Insurance,Branch,Retail,,9.3,4.0,555.21,0.0,2.0,30.0,206.0,-0.67,The insurance policy was renewed and 555 euros charged although I had cancelled it in writing. I have never been treated so badly by a bank.,Resolved after investigation,59.94
CMP-001135,2025-08-19,Personal loan,Phone,Retail,55.0,16.9,6.0,486.04,0.0,2.0,17.0,,,,Resolved at first contact,0.0
CMP-001136,2025-08-19,Current account,Branch,Affluent,85.0,17.4,8.0,132.87,1.0,1.0,39.0,192.0,-0.38,"My current account was blocked for three days without any notice, and a transfer of 133 euros bounced. I am very disappointed with how this has been handled.",Resolved after investigation,53.04
CMP-001137,2025-08-19,Personal loan,Branch,Affluent,60.0,9.4,5.0,1969.12,1.0,2.0,24.0,,,,Resolved after investigation,0.0
CMP-001138,2025-08-19,Investments,Phone,Retail,41.0,16.7,6.0,319.7,1.0,0.0,20.0,,,,Resolved at first contact,0.0
CMP-001139,2025-08-19,Mortgage,Social media,Retail,30.0,1.4,1.0,75.84,0.0,0.0,24.0,60.0,0.37,An insurance premium of 76 euros was added to my mortgage instalment without my consent. Thank you in advance for looking into it.,Resolved at first contact,0.0
CMP-001140,2025-08-19,Mortgage,Email,Retail,,18.4,6.0,95.93,0.0,0.0,23.0,62.0,0.0,"The interest rate applied to my mortgage does not match the offer I signed, and I have overpaid 96 euros. I assume it is a mistake, but it needs to be resolved.",Resolved at first contact,0.0
CMP-001141,2025-08-19,Credit card,Email,SME,,2.3,2.0,193.88,1.0,2.0,25.0,104.0,0.25,My card was charged twice for the same purchase of 194 euros. Your staff have been helpful so far; I just need this last point solved.,Resolved after investigation,62.49
CMP-001142,2025-08-20,Credit card,Branch,Retail,29.0,4.9,3.0,,1.0,2.0,13.0,,,,Resolved at first contact,0.0
CMP-001143,2025-08-20,Current account,Phone,Retail,27.0,2.4,2.0,80.89,0.0,0.0,12.0,,,,Resolved at first contact,46.38
CMP-001144,2025-08-20,Personal loan,Phone,Retail,30.0,0.1,1.0,97.48,1.0,2.0,12.0,,,,Resolved at first contact,0.0
CMP-001145,2025-08-20,Investments,Mobile app,Retail,57.0,13.4,5.0,,0.0,5.0,34.0,137.0,-0.4,"The costs of the investment product were never explained to me and I have paid 576 euros in charges. After 5 contacts with the branch and the call centre, nothing has changed. I expect a refund and a clear explanation.",Resolved after investigation,72.77
CMP-001146,2025-08-20,Current account,Email,Retail,26.0,5.7,3.0,227.69,1.0,3.0,27.0,222.0,-0.26,"My current account was blocked for three days without any notice, and a transfer of 228 euros bounced. This is my third attempt to get an answer from you. I am very disappointed with how this has been handled.",Resolved at first contact,0.0
CMP-001147,2025-08-21,Insurance,Email,SME,54.0,6.3,3.0,792.07,0.0,2.0,1.0,83.0,-0.08,My claim of 792 euros on the policy linked to my account was rejected without any explanation. Please let me know what happened and how it will be fixed.,Resolved at first contact,0.0
CMP-001148,2025-08-21,Credit card,Social media,Affluent,29.0,0.1,2.0,254.4,1.0,3.0,35.0,174.0,-0.54,My card was blocked while I was abroad and I had to pay 254 euros in cash with no explanation. This is my third attempt to get an answer from you. This has caused me a lot of stress and wasted time.,Resolved after investigation,38.16
CMP-001149,2025-08-21,Current account,Phone,Retail,61.0,13.8,5.0,465.44,2.0,4.0,41.0,,,,Resolved after investigation,67.42
CMP-001150,2025-08-21,Credit card,Mobile app,Retail,47.0,12.8,5.0,172.69,0.0,0.0,16.0,100.0,-0.37,My card was charged twice for the same purchase of 173 euros. I am very disappointed with how this has been handled.,Resolved at first contact,0.0
CMP-001151,2025-08-21,Current account,Mobile app,Retail,50.0,3.0,1.0,155.75,1.0,2.0,22.0,109.0,-0.16,"An unauthorised direct debit of 156 euros was taken from my current account on the 27th. I assume it is a mistake, but it needs to be resolved.",Resolved at first contact,0.0
CMP-001152,2025-08-22,Credit card,Branch,Retail,63.0,5.4,2.0,410.03,1.0,3.0,25.0,151.0,-0.41,"The cash-advance fee of 410 euros on my card is not the one stated in the terms. After 3 contacts with the branch and the call centre, nothing has changed. This has caused me a lot of stress and wasted time.",Resolved at first contact,0.0
CMP-001153,2025-08-22,Insurance,Branch,Retail,53.0,5.5,3.0,819.67,1.0,3.0,29.0,153.0,-0.18,My claim of 820 euros on the policy linked to my account was rejected without any explanation. This is my third attempt to get an answer from you. Please let me know what happened and how it will be fixed.,Resolved at first contact,0.0
CMP-001154,2025-08-22,Current account,Phone,Retail,38.0,1.6,2.0,141.93,0.0,1.0,10.0,164.0,0.15,"An unauthorised direct debit of 142 euros was taken from my current account on the 14th. I assume it is a mistake, but it needs to be resolved.",Resolved at first contact,0.0
CMP-001155,2025-08-22,Current account,Email,Affluent,44.0,6.0,5.0,,2.0,4.0,45.0,171.0,-0.53,"An unauthorised direct debit of 1,421 euros was taken from my current account on the 4th. This is my fourth attempt to get an answer from you. This is not the first time I have had to complain about this. This has caused me a lot of stress and wasted time.",Resolved after investigation,436.77
CMP-001156,2025-08-23,Investments,Phone,Retail,53.0,20.0,7.0,377.94,0.0,0.0,17.0,83.0,0.02,"The costs of the investment product were never explained to me and I have paid 378 euros in charges. I assume it is a mistake, but it needs to be resolved.",Resolved after investigation,159.68
CMP-001157,2025-08-24,Current account,Email,Retail,63.0,5.0,3.0,121.26,1.0,1.0,28.0,110.0,-0.4,An unauthorised direct debit of 121 euros was taken from my current account on the 11th. I expect a refund and a clear explanation.,Resolved at first contact,0.0
CMP-001158,2025-08-25,Credit card,Phone ,SME,29.0,7.5,3.0,3019.13,2.0,2.0,23.0,,,,Resolved at first contact,0.0
CMP-001159,2025-08-25,Current account,Web form,Retail,46.0,10.8,5.0,479.69,1.0,2.0,35.0,162.0,-0.5,I was charged 480 euros in fees that were never mentioned when I opened the account. I am very disappointed with how this has been handled.,Resolved at first contact,0.0
CMP-001160,2025-08-25,Credit card,Branch,Retail,37.0,12.9,3.0,489.42,1.0,3.0,18.0,197.0,-0.39,My card was blocked while I was abroad and I had to pay 489 euros in cash with no explanation. I have already called 3 times and nobody has called me back. I am very disappointed with how this has been handled.,Resolved after investigation,225.6
CMP-001161,2025-08-25,Credit card,Branch,Retail,42.0,11.4,4.0,942.64,1.0,3.0,25.0,,,,Resolved after investigation,176.22
CMP-001162,2025-08-25,Current account,Mobile app,SME,59.0,20.8,6.0,523.44,0.0,0.0,29.0,117.0,-0.32,A transfer of 523 euros I sent on the 18th never reached the beneficiary and nobody can tell me where it is. This has caused me a lot of stress and wasted time.,Resolved at first contact,0.0
CMP-001163,2025-08-25,Current account,Mobile app,Retail,49.0,9.8,3.0,336.39,1.0,2.0,21.0,143.0,-0.54,An unauthorised direct debit of 336 euros was taken from my current account on the 25th. I am very disappointed with how this has been handled.,Resolved at first contact,0.0
CMP-001164,2025-08-25,Credit card,Phone,Affluent,46.0,1.4,3.0,46.31,0.0,1.0,5.0,,,,Resolved at first contact,0.0
CMP-001165,2025-08-25,Personal loan,Phone,unknown,64.0,13.4,6.0,2696.49,2.0,3.0,35.0,,,,Escalated to ombudsman,2375.78
CMP-001166,2025-08-25,Personal loan,Web form,Private,50.0,1.7,3.0,1839.73,0.0,2.0,21.0,149.0,-0.24,"The instalment taken for my loan is 1,840 euros higher than the amount agreed in the contract. I expect a refund and a clear explanation.",Resolved after investigation,734.71
CMP-001167,2025-08-26,Personal loan,Web form,Retail,35.0,4.7,3.0,100.25,0.0,1.0,30.0,138.0,-0.04,"I asked to repay my loan early and the fee applied, 100 euros, is far above what the contract says. Please let me know what happened and how it will be fixed.",Resolved after investigation,30.26
CMP-001168,2025-08-26,Credit card,Phone,Retail,35.0,3.8,4.0,779.5,1.0,2.0,29.0,,,,Escalated to ombudsman,557.58
CMP-001169,2025-08-26,Personal loan,Social media,Retail,41.0,1.8,2.0,3844.7,2.0,5.0,42.0,,,,Escalated to ombudsman,3965.52
CMP-001170,2025-08-26,Investments,Email,Retail,40.0,12.1,4.0,2998.9,2.0,6.0,33.0,268.0,-0.8,"I asked to sell my fund units on the 14th; the order was executed days later at a loss of 2,999 euros. After 6 contacts with the branch and the call centre, nothing has changed. This is not the first time I have had to complain about this. If this is not resolved within a week I will take it to the ombudsman.",Escalated to ombudsman,2502.31
CMP-001171,2025-08-26,Mortgage,Email,Retail,53.0,5.9,3.0,903.86,0.0,4.0,37.0,210.0,-0.19,"An insurance premium of 904 euros was added to my mortgage instalment without my consent. After 4 contacts with the branch and the call centre, nothing has changed. I assume it is a mistake, but it needs to be resolved.",Resolved after investigation,225.04
CMP-001172,2025-08-27,Investments,Email,unknown,36.0,9.6,4.0,2838.16,0.0,3.0,27.0,222.0,-0.32,"My advisor moved my savings into a fund I never approved and the position is now 2,838 euros below what I invested. After 3 contacts with the branch and the call centre, nothing has changed. This has caused me a lot of stress and wasted time.",Escalated to ombudsman,3070.78
CMP-001173,2025-08-27,Insurance,Email,Retail,18.0,0.0,1.0,344.33,1.0,3.0,14.0,232.0,-0.21,"The insurance policy was renewed and 344 euros charged although I had cancelled it in writing. After 3 contacts with the branch and the call centre, nothing has changed. I am very disappointed with how this has been handled.",Resolved after investigation,122.74
CMP-001174,2025-08-27,Mortgage,Phone,Retail,,11.0,5.0,1390.4,1.0,3.0,49.0,170.0,0.01,"The interest rate applied to my mortgage does not match the offer I signed, and I have overpaid 1,390 euros. After 3 contacts with the branch and the call centre, nothing has changed. The problem dates back more than a month and is still open. Please let me know what happened and how it will be fixed.",Resolved at first contact,0.0
CMP-001175,2025-08-28,Insurance,Mobile app,SME,59.0,13.0,5.0,3628.21,2.0,3.0,18.0,183.0,-0.03,"The insurance policy was renewed and 3,628 euros charged although I had cancelled it in writing. After 3 contacts with the branch and the call centre, nothing has changed. This is not the first time I have had to complain about this. I would like this to be checked and corrected.",Resolved at first contact,0.0
CMP-001176,2025-08-28,Current account,Phone,Retail,52.0,17.7,5.0,187.5,2.0,2.0,31.0,148.0,-0.51,An unauthorised direct debit of 188 euros was taken from my current account on the 25th. This is not the first time I have had to complain about this. This has caused me a lot of stress and wasted time.,Escalated to ombudsman,259.64
CMP-001177,2025-08-28,Investments,Branch,Retail,55.0,14.6,4.0,564.64,1.0,1.0,30.0,120.0,-0.03,I asked to sell my fund units on the 24th; the order was executed days later at a loss of 565 euros. Please let me know what happened and how it will be fixed.,Resolved at first contact,0.0
CMP-001178,2025-08-28,Current account,Email,Retail,43.0,4.2,2.0,61.47,0.0,1.0,3.0,89.0,0.02,A transfer of 61 euros I sent on the 17th never reached the beneficiary and nobody can tell me where it is. Please let me know what happened and how it will be fixed.,Resolved at first contact,0.0
CMP-001179,2025-08-29,Mortgage,Branch,SME,66.0,16.7,6.0,5014.82,2.0,1.0,43.0,,,,Resolved after investigation,539.2
CMP-001180,2025-08-29,Mortgage,Social media,Retail,34.0,0.1,1.0,830.11,1.0,3.0,32.0,252.0,-0.25,My request to renegotiate the mortgage has been pending for weeks and the delay has cost me 830 euros. This is my third attempt to get an answer from you. I am very disappointed with how this has been handled.,Resolved after investigation,385.34
CMP-001181,2025-08-29,Current account,Phone,SME,62.0,18.5,6.0,110.0,0.0,0.0,1.0,120.0,-0.17,"My current account was blocked for three days without any notice, and a transfer of 110 euros bounced. I would like this to be checked and corrected.",Resolved at first contact,0.0
CMP-001182,2025-08-30,Current account,Mobile app,Affluent,59.0,5.5,3.0,1450.39,1.0,2.0,40.0,245.0,-0.71,"I was charged 1,450 euros in fees that were never mentioned when I opened the account. I demand an immediate refund and a written apology.",Resolved after investigation,613.58
CMP-001183,2025-08-31,Current account,Web form,Affluent,57.0,9.4,4.0,,1.0,3.0,9.0,139.0,-0.25,"My current account was blocked for three days without any notice, and a transfer of 30 euros bounced. This is my third attempt to get an answer from you. This has caused me a lot of stress and wasted time.",Resolved at first contact,0.0
CMP-001184,2025-09-01,Credit card,Branch,Retail,55.0,8.8,3.0,,1.0,2.0,24.0,186.0,-0.07,There is a transaction of 342 euros on my card statement that I never made. Please let me know what happened and how it will be fixed.,Resolved at first contact,0.0
CMP-001185,2025-09-01,Current account,Web form,Retail,43.0,7.4,3.0,292.06,2.0,5.0,49.0,255.0,-0.57,"My current account was blocked for three days without any notice, and a transfer of 292 euros bounced. After 5 contacts with the branch and the call centre, nothing has changed. This is not the first time I have had to complain about this. The problem dates back more than a month and is still open. I demand an immediate refund and a written apology.",Escalated to ombudsman,518.08
CMP-001186,2025-09-01,Mortgage,Mobile app,Retail,37.0,3.1,1.0,227.9,1.0,2.0,51.0,242.0,-0.13,"The interest rate applied to my mortgage does not match the offer I signed, and I have overpaid 228 euros. The problem dates back more than a month and is still open. I assume it is a mistake, but it needs to be resolved.",Resolved at first contact,0.0
CMP-001187,2025-09-01,Investments,Email,Retail,58.0,15.7,7.0,619.09,0.0,2.0,20.0,42.0,-0.18,"The costs of the investment product were never explained to me and I have paid 619 euros in charges. I assume it is a mistake, but it needs to be resolved.",Resolved at first contact,21.85
CMP-001188,2025-09-01,Current account,Social media,SME,23.0,2.6,2.0,2669.27,2.0,4.0,46.0,208.0,-0.45,"My current account was blocked for three days without any notice, and a transfer of 2,669 euros bounced. I have already called 4 times and nobody has called me back. This is not the first time I have had to complain about this. The problem dates back more than a month and is still open. This has caused me a lot of stress and wasted time.",Escalated to ombudsman,1564.78
CMP-001189,2025-09-01,Personal loan,Mobile app,Retail,60.0,11.9,4.0,,1.0,3.0,21.0,173.0,-0.27,"I asked to repay my loan early and the fee applied, 306 euros, is far above what the contract says. After 3 contacts with the branch and the call centre, nothing has changed. This has caused me a lot of stress and wasted time.",Resolved at first contact,0.0
CMP-001190,2025-09-01,Mortgage,Mobile app,Retail,24.0,6.0,2.0,,3.0,7.0,74.0,233.0,-0.86,"An insurance premium of 12,389 euros was added to my mortgage instalment without my consent. This is my seventh attempt to get an answer from you. This is not the first time I have had to complain about this. The problem dates back more than a month and is still open. This is unacceptable and I am furious.",Escalated to ombudsman,6770.24
CMP-001191,2025-09-01,Current account,Phone,SME,51.0,0.1,1.0,3561.89,1.0,3.0,29.0,,,,Resolved after investigation,399.07
CMP-001192,2025-09-01,Mortgage,Phone,Retail,54.0,4.1,2.0,729.17,0.0,3.0,46.0,,,,Resolved at first contact,0.0
CMP-001193,2025-09-01,Current account,Email,Retail,30.0,12.0,5.0,125.6,0.0,1.0,47.0,266.0,-0.76,An unauthorised direct debit of 126 euros was taken from my current account on the 19th. The problem dates back more than a month and is still open. I have never been treated so badly by a bank.,Resolved after investigation,123.47
CMP-001194,2025-09-01,Current account,Branch,Retail,43.0,4.0,3.0,1810.81,2.0,4.0,39.0,,,,Resolved at first contact,0.0
CMP-001195,2025-09-01,Credit card,Phone,Retail,52.0,6.9,3.0,182.79,0.0,5.0,28.0,177.0,-0.22,My card was blocked while I was abroad and I had to pay 183 euros in cash with no explanation. This is my fifth attempt to get an answer from you. I expect a refund and a clear explanation.,Resolved after investigation,45.82
CMP-001196,2025-09-02,Current account,Phone,Retail,63.0,16.8,5.0,109.71,1.0,3.0,20.0,143.0,-0.11,I was charged 110 euros in fees that were never mentioned when I opened the account. I have already called 3 times and nobody has called me back. Please let me know what happened and how it will be fixed.,Resolved at first contact,0.0
CMP-001197,2025-09-02,Mortgage,Web form,Private,51.0,11.1,6.0,3707.33,0.0,3.0,42.0,202.0,-0.19,"The interest rate applied to my mortgage does not match the offer I signed, and I have overpaid 3,707 euros. This is my third attempt to get an answer from you. Please let me know what happened and how it will be fixed.",Resolved after investigation,661.72
CMP-001198,2025-09-02,Personal loan,Email,Retail,47.0,9.8,4.0,847.43,1.0,3.0,43.0,250.0,-0.25,"I asked to repay my loan early and the fee applied, 847 euros, is far above what the contract says. After 3 contacts with the branch and the call centre, nothing has changed. I am very disappointed with how this has been handled.",Resolved after investigation,388.04
CMP-001199,2025-09-02,Insurance,Email,SME,55.0,11.5,5.0,2057.16,1.0,3.0,20.0,184.0,-0.61,"My claim of 2,057 euros on the policy linked to my account was rejected without any explanation. This is my third attempt to get an answer from you. This is unacceptable and I am furious.",Resolved at first contact,24.96
CMP-001200,2025-09-03,Personal loan,Social media,Retail,54.0,3.0,2.0,950.06,1.0,4.0,37.0,141.0,-0.24,"The instalment taken for my loan is 950 euros higher than the amount agreed in the contract. After 4 contacts with the branch and the call centre, nothing has changed. I expect a refund and a clear explanation.",Escalated to ombudsman,605.11
CMP-001201,2025-09-03,Mortgage,Phone,Retail,41.0,7.1,5.0,,2.0,2.0,57.0,,,,Resolved after investigation,0.0
CMP-001202,2025-09-03,Investments,Phone,Affluent,59.0,8.0,4.0,1836.1,1.0,3.0,33.0,153.0,-0.4,"My advisor moved my savings into a fund I never approved and the position is now 1,836 euros below what I invested. I have already called 3 times and nobody has called me back. I am very disappointed with how this has been handled.",Escalated to ombudsman,1715.21
CMP-001203,2025-09-03,Current account,Phone,SME,50.0,11.5,4.0,276.22,1.0,4.0,23.0,143.0,-0.47,"An unauthorised direct debit of 276 euros was taken from my current account on the 24th. After 4 contacts with the branch and the call centre, nothing has changed. I am very disappointed with how this has been handled.",Resolved at first contact,0.0
CMP-001204,2025-09-03,Investments,Branch,Affluent,41.0,0.1,1.0,976.98,1.0,4.0,26.0,,,,Resolved at first contact,0.0
CMP-001205,2025-09-03,Mortgage,Phone,Retail,38.0,10.4,4.0,1961.77,2.0,5.0,45.0,274.0,-0.21,"The interest rate applied to my mortgage does not match the offer I signed, and I have overpaid 1,962 euros. After 5 contacts with the branch and the call centre, nothing has changed. This is not the first time I have had to complain about this. I am very disappointed with how this has been handled.",Escalated to ombudsman,2081.18
CMP-001206,2025-09-04,Current account,Phone,Retail,58.0,22.5,8.0,991.24,1.0,4.0,28.0,,,,Resolved after investigation,351.35
CMP-001207,2025-09-04,Current account,Phone,Affluent,38.0,5.0,4.0,162.87,1.0,4.0,37.0,287.0,-0.08,A transfer of 163 euros I sent on the 9th never reached the beneficiary and nobody can tell me where it is. This is my fourth attempt to get an answer from you. Please let me know what happened and how it will be fixed.,Resolved after investigation,21.43
CMP-001208,2025-09-04,Mortgage,Email,Retail,26.0,0.1,1.0,354.39,0.0,5.0,42.0,208.0,-0.41,"The interest rate applied to my mortgage does not match the offer I signed, and I have overpaid 354 euros. This is my fifth attempt to get an answer from you. I am very disappointed with how this has been handled.",Resolved after investigation,107.88
CMP-001209,2025-09-04,Insurance,Mobile app,Retail,30.0,0.1,2.0,229.06,1.0,2.0,21.0,122.0,-0.3,My claim of 229 euros on the policy linked to my account was rejected without any explanation. I am very disappointed with how this has been handled.,Resolved at first contact,0.0
CMP-001210,2025-09-04,Credit card,Web form,SME,49.0,9.6,4.0,2345.2,1.0,3.0,32.0,209.0,-0.48,"My card was blocked while I was abroad and I had to pay 2,345 euros in cash with no explanation. I have already called 3 times and nobody has called me back. This has caused me a lot of stress and wasted time.",Resolved after investigation,418.96
CMP-001211,2025-09-04,Credit card,Email,Affluent,42.0,0.1,1.0,82.82,0.0,2.0,21.0,152.0,-0.21,My card was charged twice for the same purchase of 83 euros. I am very disappointed with how this has been handled.,Resolved after investigation,0.0
CMP-001212,2025-09-04,Personal loan,Phone,Retail,42.0,8.6,3.0,398.96,0.0,1.0,16.0,128.0,0.0,"I asked to repay my loan early and the fee applied, 399 euros, is far above what the contract says. I would like this to be checked and corrected.",Resolved at first contact,0.0
CMP-001213,2025-09-05,Current account,Branch,Retail,56.0,9.6,4.0,693.33,0.0,3.0,38.0,,,,Resolved at first contact,0.0
CMP-001214,2025-09-05,Credit card,Mobile app,Retail,60.0,15.1,5.0,85.21,0.0,0.0,0.0,20.0,0.09,"My card was charged twice for the same purchase of 85 euros. I assume it is a mistake, but it needs to be resolved.",Resolved at first contact,0.0
CMP-001215,2025-09-05,Insurance,Branch,SME,69.0,23.0,8.0,1421.88,1.0,2.0,41.0,,,,Resolved at first contact,0.0
CMP-001216,2025-09-05,Insurance,Email,Retail,42.0,10.3,4.0,298.89,1.0,2.0,27.0,191.0,-0.37,The insurance policy was renewed and 299 euros charged although I had cancelled it in writing. I expect a refund and a clear explanation.,Resolved after investigation,0.0
CMP-001217,2025-09-05,Insurance,Phone,Retail,48.0,14.6,6.0,180.71,1.0,1.0,0.0,,,,Resolved at first contact,0.0
CMP-001218,2025-09-05,Current account,Phone,Affluent,44.0,8.9,4.0,2544.03,2.0,4.0,26.0,163.0,-0.07,"My current account was blocked for three days without any notice, and a transfer of 2,544 euros bounced. This is my fourth attempt to get an answer from you. This is not the first time I have had to complain about this. I would like this to be checked and corrected.",Resolved after investigation,0.0
CMP-001219,2025-09-06,Current account,Web form,Retail,34.0,5.6,2.0,248.62,1.0,3.0,29.0,153.0,-0.1,"My current account was blocked for three days without any notice, and a transfer of 249 euros bounced. This is my third attempt to get an answer from you. I would like this to be checked and corrected.",Resolved after investigation,80.78
CMP-001220,2025-09-06,Credit card,Phone,Retail,54.0,11.5,5.0,411.82,1.0,3.0,23.0,141.0,-0.38,My card was charged twice for the same purchase of 412 euros. This is my third attempt to get an answer from you. This has caused me a lot of stress and wasted time.,Resolved at first contact,0.0
CMP-001221,2025-09-07,Current account,Phone,Private,62.0,10.1,6.0,213.28,1.0,1.0,16.0,,,,Resolved at first contact,0.0
CMP-001222,2025-09-07,Mortgage,Branch,Retail,47.0,10.9,3.0,432.74,2.0,2.0,25.0,,,,Resolved at first contact,0.0
CMP-001223,2025-09-07,Personal loan,Phone,Retail,40.0,6.3,3.0,203.25,2.0,3.0,1450.0,,,,Resolved after investigation,86.12
CMP-001224,2025-09-08,Mortgage,Mobile app,Retail,18.0,0.0,3.0,401.94,1.0,2.0,33.0,147.0,-0.25,My request to renegotiate the mortgage has been pending for weeks and the delay has cost me 402 euros. I am very disappointed with how this has been handled.,Resolved at first contact,0.0
CMP-001225,2025-09-08,Mortgage,Phone,Affluent,70.0,24.8,8.0,967.77,0.0,1.0,34.0,,,,Resolved after investigation,138.84
CMP-001226,2025-09-08,Mortgage,Email,Retail,60.0,16.5,5.0,2044.27,2.0,5.0,57.0,220.0,-0.77,"My request to renegotiate the mortgage has been pending for weeks and the delay has cost me 2,044 euros. This is my fifth attempt to get an answer from you. This is not the first time I have had to complain about this. The problem dates back more than a month and is still open. This is unacceptable and I am furious.",Escalated to ombudsman,1686.68
CMP-001227,2025-09-08,Current account,Email,Retail,40.0,14.1,6.0,89.13,1.0,0.0,10.0,56.0,0.11,I was charged 89 euros in fees that were never mentioned when I opened the account. I would like this to be checked and corrected.,Resolved at first contact,0.0
CMP-001228,2025-09-08,Current account,Web form,Retail,45.0,10.2,4.0,58713.0,1.0,3.0,41.0,217.0,-0.1,I was charged 587 euros in fees that were never mentioned when I opened the account. This is my third attempt to get an answer from you. I would like this to be checked and corrected.,Resolved after investigation,206.58
CMP-001229,2025-09-08,Credit card,Social media,Retail,45.0,11.3,4.0,526.43,1.0,4.0,37.0,140.0,-0.24,My card was charged twice for the same purchase of 526 euros. This is my fourth attempt to get an answer from you. This has caused me a lot of stress and wasted time.,Resolved after investigation,80.41
CMP-001230,2025-09-08,Current account,Phone,unknown,67.0,16.8,8.0,110.54,0.0,0.0,19.0,94.0,0.65,"I was charged 111 euros in fees that were never mentioned when I opened the account. I have always been happy with the bank, so I am sure this can be sorted out quickly.",Resolved at first contact,0.0
CMP-001231,2025-09-08,Mortgage,Social media,Retail,29.0,1.4,2.0,1161.06,0.0,3.0,54.0,225.0,-0.73,"My request to renegotiate the mortgage has been pending for weeks and the delay has cost me 1,161 euros. I have already called 3 times and nobody has called me back. The problem dates back more than a month and is still open. I have never been treated so badly by a bank.",Resolved after investigation,172.94
CMP-001232,2025-09-08,Current account,Mobile app,Retail,73.0,19.0,7.0,18.18,0.0,1.0,8.0,,,,Resolved at first contact,0.0
CMP-001233,2025-09-08,Current account,Phone,Private,44.0,4.7,5.0,813.5,1.0,3.0,31.0,237.0,-0.6,I was charged 814 euros in fees that were never mentioned when I opened the account. I have already called 3 times and nobody has called me back. I have never been treated so badly by a bank.,Resolved after investigation,105.69
CMP-001234,2025-09-08,Investments,Web form,Private,47.0,16.0,6.0,870.83,0.0,2.0,18.0,105.0,-0.27,My advisor moved my savings into a fund I never approved and the position is now 871 euros below what I invested. I expect a refund and a clear explanation.,Resolved at first contact,0.0
CMP-001235,2025-09-09,Credit card,Phone,Retail,42.0,7.3,3.0,377.65,0.0,2.0,24.0,,,,Resolved at first contact,0.0
CMP-001236,2025-09-09,Current account,Phone,Affluent,29.0,0.1,1.0,214.58,0.0,1.0,3.0,,,,Resolved at first contact,0.0
CMP-001237,2025-09-09,Credit card,Branch,Retail,70.0,11.8,4.0,241.75,0.0,1.0,31.0,,,,Resolved at first contact,0.0
CMP-001238,2025-09-09,Mortgage,Phone,Retail,53.0,4.4,2.0,506.03,1.0,2.0,31.0,154.0,-0.8,An insurance premium of 506 euros was added to my mortgage instalment without my consent. This is unacceptable and I am furious.,Resolved at first contact,0.0
CMP-001239,2025-09-09,Credit card,Mobile app,Retail,30.0,2.0,1.0,37.09,0.0,0.0,0.0,123.0,0.29,"The cash-advance fee of 37 euros on my card is not the one stated in the terms. I have always been happy with the bank, so I am sure this can be sorted out quickly.",Resolved at first contact,0.0
CMP-001240,2025-09-10,Personal loan,Social media,Affluent,55.0,10.8,5.0,,1.0,3.0,35.0,261.0,-0.74,"I asked to repay my loan early and the fee applied, 2,929 euros, is far above what the contract says. I have already called 3 times and nobody has called me back. If this is not resolved within a week I will take it to the ombudsman.",Resolved after investigation,1038.46
CMP-001241,2025-09-10,Investments,Email,Affluent,82.0,8.0,5.0,8677.08,2.0,3.0,38.0,181.0,-0.54,"I asked to sell my fund units on the 16th; the order was executed days later at a loss of 8,677 euros. I have already called 3 times and nobody has called me back. This is not the first time I have had to complain about this. This has caused me a lot of stress and wasted time.",Resolved after investigation,2782.87
CMP-001242,2025-09-10,Current account,Mobile app,Retail,31.0,9.9,4.0,,1.0,2.0,26.0,153.0,-0.55,I was charged 88 euros in fees that were never mentioned when I opened the account. This has caused me a lot of stress and wasted time.,Resolved at first contact,0.0
CMP-001243,2025-09-10,Personal loan,Phone,Retail,55.0,13.2,5.0,2770.66,3.0,5.0,40.0,,,,Escalated to ombudsman,1768.85
CMP-001244,2025-09-11,Current account,Email,Retail,23.0,0.1,2.0,250.9,0.0,2.0,33.0,121.0,-0.25,A transfer of 251 euros I sent on the 19th never reached the beneficiary and nobody can tell me where it is. I expect a refund and a clear explanation.,Resolved after investigation,49.25
CMP-001245,2025-09-11,Mortgage,Branch,Retail,66.0,21.7,7.0,1269.51,2.0,3.0,30.0,165.0,-0.41,"An insurance premium of 1,270 euros was added to my mortgage instalment without my consent. This is my third attempt to get an answer from you. This is not the first time I have had to complain about this. This has caused me a lot of stress and wasted time.",Resolved after investigation,226.61
CMP-001246,2025-09-11,Credit card,Phone,SME,50.0,12.9,5.0,1125.0,2.0,3.0,21.0,,,,Escalated to ombudsman,745.62
CMP-001247,2025-09-12,Current account,Phone,Retail,53.0,10.0,3.0,57.78,0.0,1.0,15.0,85.0,-0.3,I was charged 58 euros in fees that were never mentioned when I opened the account. I expect a refund and a clear explanation.,Resolved at first contact,0.0
CMP-001248,2025-09-12,Personal loan,Web form,Affluent,72.0,9.8,5.0,996.5,1.0,4.0,32.0,237.0,-0.67,The instalment taken for my loan is 996 euros higher than the amount agreed in the contract. I have already called 4 times and nobody has called me back. If this is not resolved within a week I will take it to the ombudsman.,Resolved at first contact,0.0
CMP-001249,2025-09-12,Current account,Web form,Retail,42.0,2.7,3.0,217.55,1.0,2.0,17.0,150.0,-0.2,"An unauthorised direct debit of 218 euros was taken from my current account on the 9th. I assume it is a mistake, but it needs to be resolved.",Resolved at first contact,0.0
CMP-001250,2025-09-12,Current account,Email,Retail,67.0,14.4,6.0,253.21,2.0,3.0,30.0,70.0,-0.17,"My current account was blocked for three days without any notice, and a transfer of 253 euros bounced. After 3 contacts with the branch and the call centre, nothing has changed. This is not the first time I have had to complain about this. Please let me know what happened and how it will be fixed.",Resolved after investigation,85.19
CMP-001251,2025-09-12,Current account,Phone,SME,60.0,10.4,3.0,288.76,1.0,2.0,17.0,,,,Resolved after investigation,90.67
CMP-001252,2025-09-13,Credit card,Email,Retail,60.0,13.9,5.0,522.46,0.0,0.0,12.0,98.0,0.04,"My card was charged twice for the same purchase of 522 euros. I assume it is a mistake, but it needs to be resolved.",Resolved at first contact,0.0
CMP-001253,2025-09-13,Current account,Web form,Retail,39.0,13.5,4.0,814.9,2.0,4.0,27.0,237.0,-0.6,A transfer of 815 euros I sent on the 16th never reached the beneficiary and nobody can tell me where it is. This is my fourth attempt to get an answer from you. This is not the first time I have had to complain about this. I have never been treated so badly by a bank.,Resolved after investigation,112.13
CMP-001254,2025-09-15,Investments,Branch,Retail,47.0,8.2,2.0,380.85,0.0,1.0,34.0,,,,Resolved at first contact,0.0
CMP-001255,2025-09-15,Personal loan,Web form,Retail,50.0,12.0,4.0,1210.32,0.0,2.0,13.0,190.0,0.02,"I asked to repay my loan early and the fee applied, 1,210 euros, is far above what the contract says. I assume it is a mistake, but it needs to be resolved.",Resolved after investigation,324.86
CMP-001256,2025-09-15,Current account,Branch,Retail,64.0,12.4,4.0,99.27,0.0,3.0,9.0,247.0,-0.21,"I was charged 99 euros in fees that were never mentioned when I opened the account. After 3 contacts with the branch and the call centre, nothing has changed. I am very disappointed with how this has been handled.",Resolved at first contact,0.0
CMP-001257,2025-09-15,Current account,Phone,Affluent,49.0,9.9,5.0,999.67,2.0,4.0,38.0,230.0,-0.79,"An unauthorised direct debit of 1,000 euros was taken from my current account on the 16th. I have already called 4 times and nobody has called me back. This is not the first time I have had to complain about this. I have never been treated so badly by a bank.",Resolved after investigation,281.87
CMP-001258,2025-09-15,Mortgage,Phone,Retail,58.0,9.5,4.0,1980.64,3.0,3.0,41.0,,,,Escalated to ombudsman,2365.93
CMP-001259,2025-09-15,Personal loan,Phone,Retail,46.0,6.1,2.0,534.43,1.0,2.0,10.0,182.0,-0.1,"I asked to repay my loan early and the fee applied, 534 euros, is far above what the contract says. I would like this to be checked and corrected.",Resolved after investigation,161.42
CMP-001260,2025-09-15,Mortgage,Phone,Retail,,15.2,6.0,70.41,0.0,0.0,20.0,,,,Resolved at first contact,0.0
CMP-001261,2025-09-15,Current account,Phone,Retail,35.0,15.0,6.0,333.71,0.0,2.0,5.0,,,,Resolved at first contact,0.0
CMP-001262,2025-09-15,Credit card,Email,Retail,70.0,10.5,4.0,374.75,1.0,1.0,33.0,167.0,-0.16,My card was charged twice for the same purchase of 375 euros. I would like this to be checked and corrected.,Resolved at first contact,0.0
CMP-001263,2025-09-15,Credit card,Branch,Retail,43.0,9.8,4.0,233.0,1.0,2.0,14.0,133.0,-0.14,My card was charged twice for the same purchase of 233 euros. I would like this to be checked and corrected.,Resolved after investigation,98.68
CMP-001264,2025-09-15,Insurance,Email,SME,56.0,12.9,5.0,2605.68,1.0,3.0,31.0,,,,Resolved after investigation,283.34
CMP-001265,2025-09-15,Credit card,Email,Retail,62.0,26.5,8.0,1592.06,2.0,4.0,43.0,276.0,-0.74,"There is a transaction of 1,592 euros on my card statement that I never made. This is my fourth attempt to get an answer from you. This is not the first time I have had to complain about this. If this is not resolved within a week I will take it to the ombudsman.",Resolved after investigation,0.0
CMP-001266,2025-09-15,Mortgage,Branch,Retail,,12.7,6.0,4532.98,2.0,3.0,33.0,216.0,-0.38,"The interest rate applied to my mortgage does not match the offer I signed, and I have overpaid 4,533 euros. After 3 contacts with the branch and the call centre, nothing has changed. This is not the first time I have had to complain about this. I am very disappointed with how this has been handled.",Escalated to ombudsman,3324.93
CMP-001267,2025-09-16,Credit card,Email,Retail,42.0,16.2,5.0,269.67,0.0,3.0,31.0,158.0,-0.47,There is a transaction of 270 euros on my card statement that I never made. I have already called 3 times and nobody has called me back. I expect a refund and a clear explanation.,Resolved at first contact,0.0
CMP-001268,2025-09-16,Current account,Phone,Affluent,39.0,2.9,3.0,56.9,2.0,1.0,29.0,150.0,-0.14,A transfer of 57 euros I sent on the 17th never reached the beneficiary and nobody can tell me where it is. This is not the first time I have had to complain about this. I would like this to be checked and corrected.,Resolved at first contact,0.0
CMP-001269,2025-09-16,Personal loan,Phone,Retail,50.0,10.4,3.0,,1.0,0.0,0.0,117.0,0.32,"My loan application was rejected after 24 days and the 87 euros I paid for the appraisal were not refunded. I have always been happy with the bank, so I am sure this can be sorted out quickly.",Resolved at first contact,0.0
CMP-001270,2025-09-16,Credit card,Mobile app,Retail,21.0,0.1,1.0,91.54,0.0,1.0,19.0,159.0,-0.11,My card was blocked while I was abroad and I had to pay 92 euros in cash with no explanation. I would like this to be checked and corrected.,Resolved at first contact,0.0
CMP-001271,2025-09-16,Current account,Web form,Retail,52.0,6.9,3.0,647.56,2.0,2.0,23.0,186.0,-0.55,"My current account was blocked for three days without any notice, and a transfer of 648 euros bounced. This is not the first time I have had to complain about this. This has caused me a lot of stress and wasted time.",Resolved after investigation,170.69
CMP-001272,2025-09-16,Credit card,Phone,Retail,64.0,11.7,5.0,97.9,0.0,2.0,1.0,,,,Resolved at first contact,0.0
CMP-001273,2025-09-16,Mortgage,Web form,Retail,44.0,10.7,4.0,488.66,1.0,3.0,39.0,135.0,-0.1,An insurance premium of 489 euros was added to my mortgage instalment without my consent. This is my third attempt to get an answer from you. Please let me know what happened and how it will be fixed.,Resolved after investigation,186.7
CMP-001274,2025-09-16,Current account,Mobile app,Retail,42.0,11.1,5.0,,1.0,4.0,23.0,233.0,-0.46,I was charged 897 euros in fees that were never mentioned when I opened the account. I have already called 4 times and nobody has called me back. I am very disappointed with how this has been handled.,Resolved after investigation,236.8
CMP-001275,2025-09-16,Insurance,Phone,Retail,47.0,12.0,5.0,169.72,0.0,1.0,15.0,159.0,-0.45,The insurance policy was renewed and 170 euros charged although I had cancelled it in writing. This has caused me a lot of stress and wasted time.,Resolved at first contact,0.0
CMP-001276,2025-09-17,Credit card,Web form,Private,34.0,3.4,4.0,978.75,1.0,1.0,28.0,171.0,-0.58,My card was charged twice for the same purchase of 979 euros. I have never been treated so badly by a bank.,Resolved after investigation,427.63
CMP-001277,2025-09-17,Personal loan,Mobile app,Affluent,30.0,0.1,2.0,310.71,0.0,2.0,6.0,147.0,0.1,The instalment taken for my loan is 311 euros higher than the amount agreed in the contract. I would like this to be checked and corrected.,Resolved at first contact,0.0
CMP-001278,2025-09-17,Credit card,Web form,unknown,35.0,2.8,2.0,210.74,1.0,1.0,27.0,152.0,-0.23,There is a transaction of 211 euros on my card statement that I never made. I am very disappointed with how this has been handled.,Resolved at first contact,7.86
CMP-001279,2025-09-17,Credit card,Web form,Affluent,57.0,12.9,5.0,473.68,1.0,3.0,23.0,176.0,-0.03,"There is a transaction of 474 euros on my card statement that I never made. After 3 contacts with the branch and the call centre, nothing has changed. Please let me know what happened and how it will be fixed.",Resolved after investigation,97.34
CMP-001280,2025-09-17,Current account,Web form,Retail,65.0,11.7,4.0,156.76,1.0,3.0,25.0,246.0,-0.43,"My current account was blocked for three days without any notice, and a transfer of 157 euros bounced. After 3 contacts with the branch and the call centre, nothing has changed. I expect a refund and a clear explanation.",Resolved at first contact,0.0
CMP-001281,2025-09-18,Mortgage,Phone,Retail,43.0,12.9,5.0,1336.64,2.0,4.0,65.0,253.0,-0.49,"An insurance premium of 1,337 euros was added to my mortgage instalment without my consent. I have already called 4 times and nobody has called me back. This is not the first time I have had to complain about this. The problem dates back more than a month and is still open. I expect a refund and a clear explanation.",Escalated to ombudsman,1312.92
CMP-001282,2025-09-18,Current account,Phone,Affluent,52.0,9.8,4.0,376.77,0.0,1.0,29.0,,,,Resolved at first contact,0.0
CMP-001283,2025-09-18,Current account,Email,Retail,38.0,7.1,3.0,113.73,0.0,2.0,25.0,207.0,-0.32,An unauthorised direct debit of 114 euros was taken from my current account on the 15th. This has caused me a lot of stress and wasted time.,Resolved after investigation,0.0
CMP-001284,2025-09-18,Current account,Email,Retail,42.0,11.4,4.0,441.56,0.0,3.0,22.0,171.0,-0.29,"A transfer of 442 euros I sent on the 25th never reached the beneficiary and nobody can tell me where it is. After 3 contacts with the branch and the call centre, nothing has changed. I expect a refund and a clear explanation.",Resolved at first contact,0.0
CMP-001285,2025-09-18,Current account,Phone,Retail,46.0,12.4,5.0,94.95,0.0,0.0,3.0,,,,Resolved at first contact,0.0
CMP-001286,2025-09-18,Credit card,Mobile app,Affluent,33.0,8.8,3.0,380.6,1.0,4.0,41.0,217.0,-0.05,"There is a transaction of 381 euros on my card statement that I never made. After 4 contacts with the branch and the call centre, nothing has changed. Please let me know what happened and how it will be fixed.",Resolved at first contact,0.0
CMP-001287,2025-09-18,Credit card,Web form,SME,44.0,11.9,5.0,158.69,0.0,2.0,7.0,180.0,-0.5,The cash-advance fee of 159 euros on my card is not the one stated in the terms. I am very disappointed with how this has been handled.,Resolved after investigation,44.76
CMP-001288,2025-09-19,Credit card,Social media,Retail,30.0,0.1,1.0,281.49,2.0,4.0,32.0,233.0,-0.61,"My card was blocked while I was abroad and I had to pay 281 euros in cash with no explanation. After 4 contacts with the branch and the call centre, nothing has changed. This is not the first time I have had to complain about this. If this is not resolved within a week I will take it to the ombudsman.",Escalated to ombudsman,340.1
CMP-001289,2025-09-19,Credit card,Email,Retail,39.0,9.3,3.0,136.1,0.0,1.0,12.0,157.0,-0.09,My card was charged twice for the same purchase of 136 euros. Please let me know what happened and how it will be fixed.,Resolved after investigation,44.31
CMP-001290,2025-09-19,Investments,Social media,Retail,40.0,16.0,7.0,697.41,0.0,1.0,32.0,105.0,-0.15,I asked to sell my fund units on the 8th; the order was executed days later at a loss of 697 euros. Please let me know what happened and how it will be fixed.,Resolved after investigation,297.94
CMP-001291,2025-09-19,Current account,Web form,Retail,38.0,5.9,3.0,977.52,1.0,1.0,31.0,190.0,-0.61,An unauthorised direct debit of 978 euros was taken from my current account on the 7th. This is unacceptable and I am furious.,Resolved after investigation,327.37
CMP-001292,2025-09-19,Current account,Mobile app,Retail,66.0,15.1,7.0,184.03,1.0,1.0,23.0,126.0,-0.1,"A transfer of 184 euros I sent on the 5th never reached the beneficiary and nobody can tell me where it is. I assume it is a mistake, but it needs to be resolved.",Resolved at first contact,0.0
CMP-001293,2025-09-19,Current account,Email,Retail,64.0,15.6,4.0,1115.15,2.0,4.0,41.0,237.0,-1.0,"My current account was blocked for three days without any notice, and a transfer of 1,115 euros bounced. After 4 contacts with the branch and the call centre, nothing has changed. This is not the first time I have had to complain about this. If this is not resolved within a week I will take it to the ombudsman.",Escalated to ombudsman,851.13
CMP-001294,2025-09-20,Mortgage,Phone,SME,71.0,19.0,7.0,2758.49,0.0,3.0,35.0,,,,Resolved after investigation,1341.7
CMP-001295,2025-09-20,Mortgage,Mobile app,Affluent,34.0,0.1,1.0,,2.0,4.0,59.0,231.0,-1.0,"My request to renegotiate the mortgage has been pending for weeks and the delay has cost me 8,392 euros. After 4 contacts with the branch and the call centre, nothing has changed. This is not the first time I have had to complain about this. The problem dates back more than a month and is still open. This is unacceptable and I am furious.",Escalated to ombudsman,5559.85
CMP-001296,2025-09-21,Insurance,Email,Retail,41.0,2.0,1.0,,1.0,2.0,18.0,191.0,-0.05,My claim of 918 euros on the policy linked to my account was rejected without any explanation. Please let me know what happened and how it will be fixed.,Resolved after investigation,339.46
CMP-001297,2025-09-21,Investments,Branch,Retail,50.0,7.6,4.0,4505.91,1.0,1.0,37.0,211.0,-0.14,"The costs of the investment product were never explained to me and I have paid 4,506 euros in charges. Please let me know what happened and how it will be fixed.",Resolved after investigation,889.38
CMP-001298,2025-09-22,Credit card,Email,Retail,43.0,10.3,5.0,216.51,1.0,1.0,25.0,178.0,-0.07,"My card was charged twice for the same purchase of 217 euros. I assume it is a mistake, but it needs to be resolved.",Resolved at first contact,0.0
CMP-001299,2025-09-22,Current account,Mobile app,Affluent,33.0,10.3,5.0,962.44,0.0,3.0,34.0,211.0,-0.26,I was charged 962 euros in fees that were never mentioned when I opened the account. I have already called 3 times and nobody has called me back. This has caused me a lot of stress and wasted time.,Resolved at first contact,0.0
CMP-001300,2025-09-22,Credit card,Web form,Affluent,65.0,24.5,8.0,,1.0,4.0,40.0,201.0,-0.64,"My card was charged twice for the same purchase of 816 euros. After 4 contacts with the branch and the call centre, nothing has changed. This is unacceptable and I am furious.",Escalated to ombudsman,874.65
CMP-001301,2025-09-22,Current account,Phone,Affluent,54.0,7.2,4.0,1624.63,1.0,2.0,17.0,180.0,-0.61,"A transfer of 1,625 euros I sent on the 17th never reached the beneficiary and nobody can tell me where it is. I demand an immediate refund and a written apology.",Resolved after investigation,0.0
CMP-001302,2025-09-22,Current account,Email,SME,60.0,10.3,3.0,77.67,1.0,0.0,5.0,114.0,-0.07,A transfer of 78 euros I sent on the 17th never reached the beneficiary and nobody can tell me where it is. I would like this to be checked and corrected.,Resolved at first contact,0.0
CMP-001303,2025-09-22,Current account,Phone,Retail,34.0,0.3,1.0,783.91,2.0,7.0,44.0,260.0,-0.96,An unauthorised direct debit of 784 euros was taken from my current account on the 17th. This is my seventh attempt to get an answer from you. This is not the first time I have had to complain about this. This is unacceptable and I am furious.,Escalated to ombudsman,984.56
CMP-001304,2025-09-22,Current account,Email,unknown,38.0,11.6,4.0,1189.27,2.0,6.0,30.0,248.0,-0.66,"I was charged 1,189 euros in fees that were never mentioned when I opened the account. After 6 contacts with the branch and the call centre, nothing has changed. This is not the first time I have had to complain about this. This is unacceptable and I am furious.",Resolved after investigation,393.24
CMP-001305,2025-09-22,Current account,Mobile app,Retail,54.0,18.9,7.0,63.43,1.0,0.0,11.0,139.0,-0.16,An unauthorised direct debit of 63 euros was taken from my current account on the 12th. Please let me know what happened and how it will be fixed.,Resolved at first contact,0.0
CMP-001306,2025-09-22,Insurance,Phone,Retail,42.0,8.2,3.0,262.26,0.0,2.0,20.0,197.0,-0.03,My claim of 262 euros on the policy linked to my account was rejected without any explanation. I would like this to be checked and corrected.,Resolved after investigation,0.0
CMP-001307,2025-09-22,Investments,Mobile app,Retail,54.0,15.9,5.0,7123.26,1.0,3.0,26.0,219.0,-0.31,"I asked to sell my fund units on the 6th; the order was executed days later at a loss of 7,123 euros. This is my third attempt to get an answer from you. I am very disappointed with how this has been handled.",Resolved after investigation,3305.72
CMP-001308,2025-09-22,Mortgage,Web form,Retail,71.0,28.4,8.0,858.45,1.0,4.0,30.0,81.0,-0.2,My request to renegotiate the mortgage has been pending for weeks and the delay has cost me 858 euros. I have already called 4 times and nobody has called me back. Please let me know what happened and how it will be fixed.,Resolved after investigation,378.86
CMP-001309,2025-09-22,Mortgage,Phone,Affluent,54.0,1.8,3.0,450.97,1.0,3.0,45.0,,,,Resolved after investigation,83.79
CMP-001310,2025-09-22,Mortgage,Web form,Retail,53.0,15.4,5.0,467.88,1.0,2.0,44.0,188.0,-0.11,"The interest rate applied to my mortgage does not match the offer I signed, and I have overpaid 468 euros. I assume it is a mistake, but it needs to be resolved.",Resolved after investigation,83.49
CMP-001311,2025-09-23,Insurance,Mobile app,Retail,53.0,14.0,6.0,,2.0,4.0,28.0,194.0,-0.38,"The insurance policy was renewed and 442 euros charged although I had cancelled it in writing. After 4 contacts with the branch and the call centre, nothing has changed. This is not the first time I have had to complain about this. I expect a refund and a clear explanation.",Resolved after investigation,173.31
CMP-001312,2025-09-23,Personal loan,Social media,SME,50.0,13.8,5.0,327.54,0.0,1.0,20.0,65.0,0.1,"The instalment taken for my loan is 328 euros higher than the amount agreed in the contract. I assume it is a mistake, but it needs to be resolved.",Resolved at first contact,0.0
CMP-001313,2025-09-23,Insurance,Mobile app,Retail,27.0,8.5,3.0,,3.0,6.0,42.0,197.0,-0.37,The insurance policy was renewed and 926 euros charged although I had cancelled it in writing. This is my sixth attempt to get an answer from you. This is not the first time I have had to complain about this. I am very disappointed with how this has been handled.,Resolved after investigation,315.11
CMP-001314,2025-09-24,Personal loan,Phone,Retail,35.0,13.7,5.0,1950.24,2.0,4.0,38.0,,,,Resolved after investigation,200.36
CMP-001315,2025-09-24,Credit card,E-mail,Retail,52.0,6.8,3.0,215.04,0.0,1.0,22.0,159.0,-0.34,My card was charged twice for the same purchase of 215 euros. I expect a refund and a clear explanation.,Resolved at first contact,0.0
CMP-001316,2025-09-24,Current account,Web form,Retail,49.0,9.9,3.0,48.74,0.0,1.0,10.0,85.0,-0.16,"My current account was blocked for three days without any notice, and a transfer of 49 euros bounced. Please let me know what happened and how it will be fixed.",Resolved at first contact,0.0
CMP-001317,2025-09-24,Current account,Phone,SME,73.0,24.2,7.0,2388.25,2.0,3.0,22.0,,,,Resolved after investigation,591.96
CMP-001318,2025-09-24,Mortgage,Phone,Private,62.0,8.7,6.0,1494.99,1.0,6.0,44.0,154.0,-0.2,"An insurance premium of 1,495 euros was added to my mortgage instalment without my consent. This is my sixth attempt to get an answer from you. Please let me know what happened and how it will be fixed.",Resolved after investigation,304.2
CMP-001319,2025-09-25,Current account,Phone,Retail,57.0,30.3,8.0,179.24,2.0,2.0,37.0,209.0,-0.32,A transfer of 179 euros I sent on the 24th never reached the beneficiary and nobody can tell me where it is. This is not the first time I have had to complain about this. I expect a refund and a clear explanation.,Resolved after investigation,77.84
CMP-001320,2025-09-25,Mortgage,Mobile app,Private,18.0,0.0,5.0,468.68,1.0,3.0,37.0,210.0,-0.61,My request to renegotiate the mortgage has been pending for weeks and the delay has cost me 469 euros. I have already called 3 times and nobody has called me back. This is unacceptable and I am furious.,Resolved after investigation,87.32
CMP-001321,2025-09-25,Current account,Branch,Retail,32.0,2.0,2.0,632.69,2.0,3.0,21.0,,,,Resolved after investigation,0.0
CMP-001322,2025-09-26,Current account,Branch,Retail,42.0,10.3,4.0,164.67,0.0,0.0,14.0,,,,Resolved at first contact,0.0
CMP-001323,2025-09-26,Current account,Mobile app,SME,53.0,11.7,5.0,360.32,0.0,3.0,25.0,167.0,0.17,"An unauthorised direct debit of 360 euros was taken from my current account on the 14th. I have already called 3 times and nobody has called me back. I assume it is a mistake, but it needs to be resolved.",Resolved after investigation,121.9
CMP-001324,2025-09-26,Current account,Email,Retail,44.0,4.6,2.0,359.12,1.0,0.0,8.0,195.0,-0.08,"My current account was blocked for three days without any notice, and a transfer of 359 euros bounced. I would like this to be checked and corrected.",Resolved at first contact,0.0
CMP-001325,2025-09-26,Insurance,Phone,SME,40.0,3.2,2.0,1300.65,1.0,3.0,33.0,,,,Resolved after investigation,310.85
CMP-001326,2025-09-28,Insurance,Phone,Retail,39.0,0.1,1.0,245.31,1.0,2.0,31.0,148.0,-0.75,My claim of 245 euros on the policy linked to my account was rejected without any explanation. I demand an immediate refund and a written apology.,Resolved after investigation,66.7
CMP-001327,2025-09-28,Personal loan,Email,Retail,52.0,5.9,2.0,1083.7,0.0,2.0,18.0,187.0,-0.58,"The instalment taken for my loan is 1,084 euros higher than the amount agreed in the contract. I demand an immediate refund and a written apology.",Resolved at first contact,0.0
CMP-001328,2025-09-29,Current account,Phone,Retail,48.0,18.4,6.0,203.27,1.0,2.0,19.0,,,,Resolved at first contact,0.0
CMP-001329,2025-09-29,Credit card,Phone,Affluent,41.0,0.1,3.0,,1.0,2.0,26.0,123.0,-0.17,My card was charged twice for the same purchase of 196 euros. I would like this to be checked and corrected.,Resolved at first contact,0.0
CMP-001330,2025-09-29,Credit card,Branch,Retail,48.0,10.7,5.0,153.78,1.0,1.0,6.0,22.0,0.03,My card was charged twice for the same purchase of 154 euros. I would like this to be checked and corrected.,Resolved at first contact,0.0
CMP-001331,2025-09-29,Mortgage,Mobile app,Affluent,60.0,4.6,3.0,605.15,0.0,3.0,37.0,189.0,-0.62,"The interest rate applied to my mortgage does not match the offer I signed, and I have overpaid 605 euros. I have already called 3 times and nobody has called me back. I demand an immediate refund and a written apology.",Resolved after investigation,0.0
CMP-001332,2025-09-29,Mortgage,Branch,Retail,45.0,3.8,2.0,3202.79,2.0,4.0,47.0,281.0,-0.38,"My request to renegotiate the mortgage has been pending for weeks and the delay has cost me 3,203 euros. I have already called 4 times and nobody has called me back. This is not the first time I have had to complain about this. The problem dates back more than a month and is still open. I am very disappointed with how this has been handled.",Resolved after investigation,1385.94
CMP-001333,2025-09-29,Investments,Phone,Retail,50.0,9.3,3.0,808.48,0.0,2.0,35.0,,,,Resolved after investigation,336.21
CMP-001334,2025-09-29,Investments,Phone,SME,37.0,0.9,1.0,821.61,0.0,1.0,32.0,,,,Resolved after investigation,202.1
CMP-001335,2025-09-30,Investments,Email,Retail,35.0,4.3,3.0,,2.0,3.0,37.0,185.0,-0.3,"My advisor moved my savings into a fund I never approved and the position is now 1,005 euros below what I invested. I have already called 3 times and nobody has called me back. This is not the first time I have had to complain about this. I expect a refund and a clear explanation.",Escalated to ombudsman,770.48
CMP-001336,2025-09-30,Personal loan,Web form,Retail,33.0,3.0,2.0,268.41,1.0,3.0,15.0,122.0,-0.01,"The instalment taken for my loan is 268 euros higher than the amount agreed in the contract. I have already called 3 times and nobody has called me back. I assume it is a mistake, but it needs to be resolved.",Resolved at first contact,34.99
CMP-001337,2025-10-01,Current account,Branch,Affluent,71.0,17.2,7.0,542.84,1.0,4.0,24.0,,,,Resolved after investigation,119.45
CMP-001338,2025-10-01,Investments,Phone,Retail,,21.3,8.0,247.32,0.0,0.0,17.0,120.0,-0.01,My advisor moved my savings into a fund I never approved and the position is now 247 euros below what I invested. I would like this to be checked and corrected.,Resolved at first contact,0.0
CMP-001339,2025-10-01,Current account,Branch,Retail,46.0,7.4,2.0,,0.0,1.0,14.0,,,,Resolved at first contact,0.0
CMP-001340,2025-10-01,Credit card,Branch,Retail,56.0,19.2,7.0,984.95,0.0,3.0,27.0,,,,Resolved after investigation,148.84
CMP-001341,2025-10-01,Mortgage,Phone,Retail,43.0,8.5,4.0,939.53,1.0,2.0,24.0,170.0,-0.1,My request to renegotiate the mortgage has been pending for weeks and the delay has cost me 940 euros. Please let me know what happened and how it will be fixed.,Resolved after investigation,467.25
CMP-001342,2025-10-01,Personal loan,Branch,Retail,32.0,14.0,5.0,363.86,0.0,3.0,17.0,,,,Resolved at first contact,0.0
CMP-001343,2025-10-02,Insurance,Phone,unknown,41.0,13.2,4.0,,1.0,1.0,32.0,,,,Resolved at first contact,0.0
CMP-001344,2025-10-02,Mortgage,Email,Retail,44.0,2.6,2.0,4725.6,1.0,3.0,54.0,195.0,-0.41,"The interest rate applied to my mortgage does not match the offer I signed, and I have overpaid 4,726 euros. I have already called 3 times and nobody has called me back. The problem dates back more than a month and is still open. This has caused me a lot of stress and wasted time.",Resolved after investigation,2063.96
CMP-001345,2025-10-02,Credit card,Web form,Retail,37.0,11.5,5.0,496.76,1.0,3.0,29.0,200.0,-0.06,"The cash-advance fee of 497 euros on my card is not the one stated in the terms. After 3 contacts with the branch and the call centre, nothing has changed. Please let me know what happened and how it will be fixed.",Resolved after investigation,154.69
CMP-001346,2025-10-03,Current account,Phone,Retail,38.0,5.7,3.0,180.33,0.0,1.0,20.0,,,,Resolved at first contact,0.0
CMP-001347,2025-10-03,Credit card,Email,Retail,,4.5,3.0,744.98,1.0,2.0,13.0,102.0,0.04,"My card was blocked while I was abroad and I had to pay 745 euros in cash with no explanation. I assume it is a mistake, but it needs to be resolved.",Resolved after investigation,166.6
CMP-001348,2025-10-03,Current account,Phone,Affluent,31.0,0.1,3.0,216.02,1.0,1.0,18.0,,,,Escalated to ombudsman,266.0
CMP-001349,2025-10-03,Current account,Phone,Retail,57.0,10.9,4.0,65.13,0.0,2.0,0.0,95.0,0.24,I was charged 65 euros in fees that were never mentioned when I opened the account. Your staff have been helpful so far; I just need this last point solved.,Resolved at first contact,0.0
CMP-001350,2025-10-03,Current account,Branch,Affluent,70.0,13.2,6.0,53.18,1.0,2.0,9.0,151.0,-0.26,A transfer of 53 euros I sent on the 8th never reached the beneficiary and nobody can tell me where it is. This has caused me a lot of stress and wasted time.,Resolved at first contact,0.0
CMP-001351,2025-10-03,Current account,Branch,Retail,66.0,14.9,4.0,464.64,2.0,2.0,32.0,,,,Resolved after investigation,0.0
CMP-001352,2025-10-03,Credit card,Email,Retail,46.0,0.1,1.0,535.34,0.0,3.0,18.0,148.0,0.19,"My card was blocked while I was abroad and I had to pay 535 euros in cash with no explanation. After 3 contacts with the branch and the call centre, nothing has changed. I assume it is a mistake, but it needs to be resolved.",Resolved after investigation,85.4
CMP-001353,2025-10-03,Mortgage,Mobile app,Retail,30.0,0.1,3.0,797.75,1.0,3.0,37.0,144.0,-0.46,My request to renegotiate the mortgage has been pending for weeks and the delay has cost me 798 euros. I have already called 3 times and nobody has called me back. This has caused me a lot of stress and wasted time.,Resolved at first contact,0.0
CMP-001354,2025-10-04,Current account,Email,Retail,53.0,16.6,6.0,606.3,2.0,3.0,45.0,224.0,-0.58,"My current account was blocked for three days without any notice, and a transfer of 606 euros bounced. After 3 contacts with the branch and the call centre, nothing has changed. This is not the first time I have had to complain about this. If this is not resolved within a week I will take it to the ombudsman.",Resolved after investigation,242.21
CMP-001355,2025-10-05,Current account,Mobile app,SME,33.0,10.5,3.0,109.75,0.0,1.0,0.0,120.0,0.24,"An unauthorised direct debit of 110 euros was taken from my current account on the 13th. I have always been happy with the bank, so I am sure this can be sorted out quickly.",Resolved at first contact,0.0
CMP-001356,2025-10-05,Mortgage,Phone,SME,53.0,10.2,4.0,9304.54,0.0,2.0,25.0,,,,Resolved after investigation,3320.67
CMP-001357,2025-10-06,Mortgage,Phone,Retail,39.0,9.8,4.0,286.07,1.0,4.0,37.0,,,,Resolved after investigation,62.5
CMP-001358,2025-10-06,Current account,Email,Retail,,4.0,2.0,75.88,1.0,3.0,10.0,161.0,0.22,"I was charged 76 euros in fees that were never mentioned when I opened the account. I have already called 3 times and nobody has called me back. I have always been happy with the bank, so I am sure this can be sorted out quickly.",Resolved after investigation,20.04
CMP-001359,2025-10-06,Current account,Web form,Retail,46.0,15.0,4.0,268.63,2.0,5.0,18.0,262.0,-0.31,A transfer of 269 euros I sent on the 4th never reached the beneficiary and nobody can tell me where it is. This is my fifth attempt to get an answer from you. This is not the first time I have had to complain about this. I am very disappointed with how this has been handled.,Resolved after investigation,67.21
CMP-001360,2025-10-06,Current account,Branch,Retail,57.0,3.7,1.0,348.69,1.0,2.0,26.0,183.0,-0.11,"A transfer of 349 euros I sent on the 17th never reached the beneficiary and nobody can tell me where it is. I assume it is a mistake, but it needs to be resolved.",Resolved at first contact,0.0
CMP-001361,2025-10-06,Investments,Web form,SME,52.0,11.7,6.0,8308.41,1.0,4.0,36.0,240.0,-0.7,"My advisor moved my savings into a fund I never approved and the position is now 8,308 euros below what I invested. This is my fourth attempt to get an answer from you. I demand an immediate refund and a written apology.",Escalated to ombudsman,9018.97
CMP-001362,2025-10-06,Credit card,Social media,Retail,58.0,12.5,4.0,120.39,0.0,3.0,17.0,161.0,0.21,"My card was blocked while I was abroad and I had to pay 120 euros in cash with no explanation. After 3 contacts with the branch and the call centre, nothing has changed. I have always been happy with the bank, so I am sure this can be sorted out quickly.",Resolved at first contact,0.0
CMP-001363,2025-10-06,Current account,Phone,Affluent,47.0,8.0,4.0,137.4,0.0,3.0,20.0,121.0,0.31,"My current account was blocked for three days without any notice, and a transfer of 137 euros bounced. I have already called 3 times and nobody has called me back. I have always been happy with the bank, so I am sure this can be sorted out quickly.",Resolved at first contact,0.0
CMP-001364,2025-10-06,Credit card,Phone,Affluent,58.0,9.3,4.0,1088.97,2.0,4.0,35.0,,,,Resolved after investigation,383.53
CMP-001365,2025-10-06,Insurance,Social media,Affluent,59.0,0.3,2.0,279.54,0.0,1.0,22.0,73.0,-0.18,My claim of 280 euros on the policy linked to my account was rejected without any explanation. Please let me know what happened and how it will be fixed.,Resolved at first contact,0.0
CMP-001366,2025-10-06,Credit card,Web form,Retail,48.0,10.0,5.0,2165.11,2.0,4.0,28.0,191.0,0.12,"My card was charged twice for the same purchase of 2,165 euros. I have already called 4 times and nobody has called me back. This is not the first time I have had to complain about this. I would like this to be checked and corrected.",Resolved after investigation,385.71
CMP-001367,2025-10-06,Mortgage,Email,Retail,36.0,17.6,7.0,1047.17,1.0,3.0,31.0,228.0,-0.52,"The interest rate applied to my mortgage does not match the offer I signed, and I have overpaid 1,047 euros. After 3 contacts with the branch and the call centre, nothing has changed. I expect a refund and a clear explanation.",Resolved at first contact,0.0
CMP-001368,2025-10-06,Current account,Phone,Retail,36.0,5.2,3.0,213.41,0.0,1.0,8.0,,,,Resolved at first contact,0.0
CMP-001369,2025-10-07,Credit card,Web form,Affluent,41.0,0.1,2.0,633.91,2.0,2.0,33.0,205.0,-0.25,My card was blocked while I was abroad and I had to pay 634 euros in cash with no explanation. This is not the first time I have had to complain about this. I am very disappointed with how this has been handled.,Resolved after investigation,122.66
CMP-001370,2025-10-07,Current account,Email,Affluent,47.0,6.7,5.0,175.42,1.0,1.0,0.0,78.0,0.02,"An unauthorised direct debit of 175 euros was taken from my current account on the 12th. I assume it is a mistake, but it needs to be resolved.",Resolved at first contact,0.0
CMP-001371,2025-10-07,Credit card,Email,Retail,51.0,22.4,7.0,36.13,0.0,1.0,11.0,115.0,0.07,My card was blocked while I was abroad and I had to pay 36 euros in cash with no explanation. I would like this to be checked and corrected.,Resolved at first contact,0.0
CMP-001372,2025-10-07,Current account,Email,Affluent,48.0,0.1,3.0,216.61,1.0,2.0,16.0,200.0,-0.52,An unauthorised direct debit of 217 euros was taken from my current account on the 5th. I am very disappointed with how this has been handled.,Resolved after investigation,87.47
CMP-001373,2025-10-07,Current account,Email,Retail,27.0,0.1,3.0,77.31,0.0,2.0,25.0,177.0,-0.14,A transfer of 77 euros I sent on the 12th never reached the beneficiary and nobody can tell me where it is. I would like this to be checked and corrected.,Resolved at first contact,0.0
CMP-001374,2025-10-07,Investments,Branch,Retail,65.0,7.4,2.0,4589.54,1.0,5.0,50.0,,,,Escalated to ombudsman,5484.65
CMP-001375,2025-10-07,Current account,Web form,Retail,50.0,17.2,7.0,169.21,1.0,3.0,24.0,91.0,-0.12,An unauthorised direct debit of 169 euros was taken from my current account on the 16th. This is my third attempt to get an answer from you. Please let me know what happened and how it will be fixed.,Resolved at first contact,0.0
CMP-001376,2025-10-07,Credit card,Mobile app,Retail,42.0,10.8,4.0,147.87,0.0,2.0,26.0,152.0,-0.1,"My card was blocked while I was abroad and I had to pay 148 euros in cash with no explanation. I assume it is a mistake, but it needs to be resolved.",Resolved at first contact,0.0
CMP-001377,2025-10-07,Insurance,Phone,Affluent,33.0,2.8,3.0,19134.87,2.0,5.0,33.0,,,,Escalated to ombudsman,11965.51
CMP-001378,2025-10-08,Current account,Phone,Retail,55.0,19.5,7.0,44.92,0.0,0.0,26.0,204.0,0.07,"My current account was blocked for three days without any notice, and a transfer of 45 euros bounced. Please let me know what happened and how it will be fixed.",Resolved at first contact,0.0
CMP-001379,2025-10-09,Personal loan,Mobile app,Affluent,40.0,12.7,5.0,1048.57,2.0,2.0,36.0,97.0,-0.18,"My loan application was rejected after 27 days and the 1,049 euros I paid for the appraisal were not refunded. This is not the first time I have had to complain about this. I assume it is a mistake, but it needs to be resolved.",Resolved at first contact,0.0
CMP-001380,2025-10-10,Current account,Web form,Affluent,38.0,0.1,2.0,,2.0,4.0,20.0,162.0,-0.17,"I was charged 144 euros in fees that were never mentioned when I opened the account. This is my fourth attempt to get an answer from you. This is not the first time I have had to complain about this. I assume it is a mistake, but it needs to be resolved.",Resolved at first contact,0.0
CMP-001381,2025-10-10,Credit card,Mobile app,Retail,49.0,6.1,2.0,187.02,2.0,4.0,27.0,175.0,-0.2,There is a transaction of 187 euros on my card statement that I never made. This is my fourth attempt to get an answer from you. This is not the first time I have had to complain about this. Please let me know what happened and how it will be fixed.,Resolved at first contact,0.0
CMP-001382,2025-10-10,Current account,Phone,Retail,47.0,4.5,2.0,279.7,2.0,4.0,45.0,,,,Escalated to ombudsman,464.49
CMP-001383,2025-10-10,Current account,Phone,Retail,55.0,10.0,3.0,796.36,3.0,4.0,21.0,193.0,-0.47,An unauthorised direct debit of 796 euros was taken from my current account on the 18th. This is my fourth attempt to get an answer from you. This is not the first time I have had to complain about this. This has caused me a lot of stress and wasted time.,Resolved after investigation,284.78
CMP-001384,2025-10-10,Investments,Email,Retail,46.0,17.6,5.0,296.26,0.0,1.0,14.0,153.0,0.24,I asked to sell my fund units on the 15th; the order was executed days later at a loss of 296 euros. Thank you in advance for looking into it.,Resolved at first contact,0.0
CMP-001385,2025-10-10,Personal loan,Email,Retail,70.0,17.6,7.0,766.86,0.0,2.0,9.0,127.0,-0.35,The instalment taken for my loan is 767 euros higher than the amount agreed in the contract. I am very disappointed with how this has been handled.,Resolved at first contact,0.0
CMP-001386,2025-10-11,Current account,Phone,Retail,49.0,10.4,4.0,236.71,0.0,2.0,10.0,,,,Resolved at first contact,0.0
CMP-001387,2025-10-12,Current account,Email,Retail,,12.5,5.0,1296.42,3.0,4.0,51.0,289.0,-1.0,"My current account was blocked for three days without any notice, and a transfer of 1,296 euros bounced. I have already called 4 times and nobody has called me back. This is not the first time I have had to complain about this. The problem dates back more than a month and is still open. This is unacceptable and I am furious.",Escalated to ombudsman,817.01
CMP-001388,2025-10-13,Current account,Mobile app,Retail,35.0,0.1,1.0,34.15,0.0,1.0,29.0,24.0,0.61,A transfer of 34 euros I sent on the 14th never reached the beneficiary and nobody can tell me where it is. Thank you in advance for looking into it.,Resolved at first contact,0.0
CMP-001389,2025-10-13,Credit card,Mobile app,Retail,31.0,2.3,2.0,538.24,1.0,3.0,20.0,189.0,-0.26,There is a transaction of 538 euros on my card statement that I never made. This is my third attempt to get an answer from you. This has caused me a lot of stress and wasted time.,Resolved at first contact,0.0
CMP-001390,2025-10-13,Current account,Phone,unknown,62.0,18.4,7.0,890.77,2.0,4.0,29.0,194.0,-0.38,"My current account was blocked for three days without any notice, and a transfer of 891 euros bounced. I have already called 4 times and nobody has called me back. This is not the first time I have had to complain about this. This has caused me a lot of stress and wasted time.",Escalated to ombudsman,899.38
CMP-001391,2025-10-13,Current account,Phone,Retail,46.0,16.7,6.0,1550.5,2.0,3.0,36.0,,,,Resolved after investigation,635.27
CMP-001392,2025-10-13,Credit card,Phone,Retail,38.0,0.1,1.0,90.47,0.0,1.0,4.0,,,,Resolved at first contact,0.0
CMP-001393,2025-10-13,Credit card,Social media,Affluent,39.0,0.8,2.0,192.81,2.0,1.0,29.0,261.0,-0.19,"The cash-advance fee of 193 euros on my card is not the one stated in the terms. This is not the first time I have had to complain about this. I assume it is a mistake, but it needs to be resolved.",Escalated to ombudsman,357.85
CMP-001394,2025-10-13,Personal loan,Email,Retail,41.0,8.3,3.0,915.15,1.0,0.0,20.0,140.0,-0.0,My loan application was rejected after 16 days and the 915 euros I paid for the appraisal were not refunded. I would like this to be checked and corrected.,Resolved at first contact,0.0
CMP-001395,2025-10-13,Current account,Email,SME,64.0,10.3,5.0,838.33,0.0,3.0,34.0,128.0,-0.56,I was charged 838 euros in fees that were never mentioned when I opened the account. This is my third attempt to get an answer from you. I have never been treated so badly by a bank.,Resolved at first contact,0.0
CMP-001396,2025-10-13,Credit card,Mobile app,Retail,49.0,10.2,4.0,1306.08,1.0,3.0,30.0,181.0,-0.31,"The cash-advance fee of 1,306 euros on my card is not the one stated in the terms. I have already called 3 times and nobody has called me back. I expect a refund and a clear explanation.",Resolved at first contact,0.0
CMP-001397,2025-10-13,Insurance,Email,Affluent,61.0,12.0,5.0,1356.65,2.0,2.0,31.0,211.0,-0.28,"My claim of 1,357 euros on the policy linked to my account was rejected without any explanation. This is not the first time I have had to complain about this. This has caused me a lot of stress and wasted time.",Escalated to ombudsman,1422.98
CMP-001398,2025-10-13,Personal loan,Phone,Retail,35.0,1.9,3.0,870.4,0.0,4.0,30.0,213.0,-0.74,The instalment taken for my loan is 870 euros higher than the amount agreed in the contract. I have already called 4 times and nobody has called me back. This is unacceptable and I am furious.,Escalated to ombudsman,1109.56
CMP-001399,2025-10-13,Insurance,Mobile app,Retail,26.0,0.1,1.0,823.89,2.0,2.0,27.0,160.0,-0.57,The insurance policy was renewed and 824 euros charged although I had cancelled it in writing. This is not the first time I have had to complain about this. I demand an immediate refund and a written apology.,Resolved after investigation,324.13
CMP-001400,2025-10-13,Current account,Email,Retail,55.0,0.1,1.0,45.49,2.0,3.0,39.0,56.0,-0.82,"A transfer of 45 euros I sent on the 6th never reached the beneficiary and nobody can tell me where it is. After 3 contacts with the branch and the call centre, nothing has changed. This is not the first time I have had to complain about this. If this is not resolved within a week I will take it to the ombudsman.",Resolved after investigation,204.66
CMP-001401,2025-10-13,Mortgage,Mobile app,Retail,52.0,13.6,5.0,629.29,1.0,4.0,34.0,144.0,-0.13,"My request to renegotiate the mortgage has been pending for weeks and the delay has cost me 629 euros. I have already called 4 times and nobody has called me back. I assume it is a mistake, but it needs to be resolved.",Resolved after investigation,167.58
CMP-001402,2025-10-14,Current account,Email,Affluent,58.0,14.9,7.0,473.22,0.0,4.0,31.0,192.0,-0.22,"My current account was blocked for three days without any notice, and a transfer of 473 euros bounced. I have already called 4 times and nobody has called me back. I expect a refund and a clear explanation.",Resolved at first contact,0.0
CMP-001403,2025-10-14,Mortgage,Branch,Affluent,56.0,9.5,5.0,2148.02,0.0,1.0,26.0,,,,Resolved at first contact,0.0
CMP-001404,2025-10-14,Current account,Web form,SME,57.0,14.0,5.0,124.96,0.0,0.0,13.0,135.0,-0.38,I was charged 125 euros in fees that were never mentioned when I opened the account. I am very disappointed with how this has been handled.,Resolved at first contact,0.0
CMP-001405,2025-10-14,Investments,Phone,Private,39.0,4.4,5.0,,1.0,1.0,33.0,169.0,-0.04,"I asked to sell my fund units on the 7th; the order was executed days later at a loss of 1,110 euros. Please let me know what happened and how it will be fixed.",Escalated to ombudsman,1266.99
CMP-001406,2025-10-14,Investments,Mobile app,Retail,27.0,4.9,3.0,3979.38,2.0,2.0,49.0,304.0,-0.54,"My advisor moved my savings into a fund I never approved and the position is now 3,979 euros below what I invested. This is not the first time I have had to complain about this. The problem dates back more than a month and is still open. This has caused me a lot of stress and wasted time.",Resolved after investigation,1127.57
CMP-001407,2025-10-15,Investments,Phone,Retail,35.0,16.4,6.0,373.75,1.0,3.0,29.0,147.0,-0.2,"My advisor moved my savings into a fund I never approved and the position is now 374 euros below what I invested. After 3 contacts with the branch and the call centre, nothing has changed. Please let me know what happened and how it will be fixed.",Resolved after investigation,124.67
CMP-001408,2025-10-15,Credit card,Email,Retail,28.0,10.0,4.0,275.76,0.0,1.0,23.0,246.0,-0.25,My card was charged twice for the same purchase of 276 euros. I expect a refund and a clear explanation.,Resolved at first contact,0.0
CMP-001409,2025-10-15,Investments,Social media,Retail,42.0,12.5,5.0,4834.38,3.0,5.0,42.0,186.0,-0.84,"The costs of the investment product were never explained to me and I have paid 4,834 euros in charges. I have already called 5 times and nobody has called me back. This is not the first time I have had to complain about this. This is unacceptable and I am furious.",Escalated to ombudsman,5244.64
CMP-001410,2025-10-15,Mortgage,Email,Retail,30.0,10.4,5.0,461.45,2.0,2.0,44.0,201.0,-0.17,"The interest rate applied to my mortgage does not match the offer I signed, and I have overpaid 461 euros. This is not the first time I have had to complain about this. I assume it is a mistake, but it needs to be resolved.",Resolved after investigation,207.71
CMP-001411,2025-10-16,Current account,Email,Retail,52.0,11.2,5.0,119.34,0.0,1.0,3.0,59.0,0.28,I was charged 119 euros in fees that were never mentioned when I opened the account. Thank you in advance for looking into it.,Resolved at first contact,0.0
CMP-001412,2025-10-16,Credit card,Phone,Private,63.0,19.2,8.0,321.63,0.0,1.0,0.0,,,,Resolved at first contact,0.0
CMP-001413,2025-10-16,Credit card,Email,Private,55.0,9.8,7.0,909.58,1.0,2.0,25.0,149.0,-0.38,The cash-advance fee of 910 euros on my card is not the one stated in the terms. I expect a refund and a clear explanation.,Resolved after investigation,449.78
CMP-001414,2025-10-16,Credit card,Mobile app,Retail,32.0,7.8,3.0,223.96,1.0,1.0,16.0,189.0,-0.14,"My card was charged twice for the same purchase of 224 euros. I assume it is a mistake, but it needs to be resolved.",Resolved after investigation,44.75
CMP-001415,2025-10-16,Credit card,Mobile app,Retail,32.0,0.1,1.0,2218.7,2.0,5.0,41.0,246.0,-0.66,"There is a transaction of 2,219 euros on my card statement that I never made. After 5 contacts with the branch and the call centre, nothing has changed. This is not the first time I have had to complain about this. This is unacceptable and I am furious.",Resolved after investigation,954.61
CMP-001416,2025-10-16,Mortgage,Phone,Retail,70.0,20.7,7.0,2396.4,2.0,4.0,58.0,,,,Escalated to ombudsman,1489.06
CMP-001417,2025-10-16,Credit card,Email,Retail,44.0,10.3,4.0,495.71,1.0,3.0,25.0,217.0,-0.41,There is a transaction of 496 euros on my card statement that I never made. I have already called 3 times and nobody has called me back. I expect a refund and a clear explanation.,Resolved after investigation,236.27
CMP-001418,2025-10-17,Personal loan,Email,Retail,28.0,0.1,2.0,700.38,2.0,6.0,27.0,214.0,-0.35,My loan application was rejected after 27 days and the 700 euros I paid for the appraisal were not refunded. I have already called 6 times and nobody has called me back. This is not the first time I have had to complain about this. I am very disappointed with how this has been handled.,Escalated to ombudsman,496.52
CMP-001419,2025-10-17,Mortgage,Email,Retail,55.0,12.2,5.0,431.5,1.0,2.0,34.0,102.0,-0.05,An insurance premium of 432 euros was added to my mortgage instalment without my consent. Please let me know what happened and how it will be fixed.,Resolved at first contact,0.0
CMP-001420,2025-10-17,Credit card,Phone,SME,35.0,5.1,4.0,,1.0,2.0,40.0,159.0,-0.35,"My card was charged twice for the same purchase of 1,075 euros. I am very disappointed with how this has been handled.",Resolved after investigation,229.45
CMP-001421,2025-10-17,Current account,Email,Retail,39.0,8.2,3.0,3934.31,2.0,5.0,39.0,279.0,-1.0,"I was charged 3,934 euros in fees that were never mentioned when I opened the account. I have already called 5 times and nobody has called me back. This is not the first time I have had to complain about this. I demand an immediate refund and a written apology.",Escalated to ombudsman,4064.72
CMP-001422,2025-10-18,Current account,Phone,Affluent,40.0,0.1,2.0,362.69,2.0,4.0,22.0,215.0,-0.34,"My current account was blocked for three days without any notice, and a transfer of 363 euros bounced. I have already called 4 times and nobody has called me back. This is not the first time I have had to complain about this. This has caused me a lot of stress and wasted time.",Resolved after investigation,171.7
CMP-001423,2025-10-18,Credit card,Phone,Private,76.0,16.5,8.0,200.21,0.0,1.0,15.0,144.0,0.11,The cash-advance fee of 200 euros on my card is not the one stated in the terms. I would like this to be checked and corrected.,Resolved at first contact,0.0
CMP-001424,2025-10-20,Current account,Email,Retail,37.0,7.5,3.0,196.58,0.0,2.0,19.0,172.0,-0.18,I was charged 197 euros in fees that were never mentioned when I opened the account. I would like this to be checked and corrected.,Resolved at first contact,0.0
CMP-001425,2025-10-20,Investments,Mobile app,Affluent,31.0,5.6,3.0,210.76,0.0,0.0,11.0,88.0,0.27,I asked to sell my fund units on the 12th; the order was executed days later at a loss of 211 euros. Thank you in advance for looking into it.,Resolved at first contact,0.0
CMP-001426,2025-10-20,Credit card,Phone,Affluent,60.0,7.1,3.0,173.12,0.0,2.0,10.0,,,,Resolved at first contact,0.0
CMP-001427,2025-10-20,Current account,Branch,Retail,67.0,25.4,8.0,,2.0,2.0,22.0,,,,Resolved after investigation,767.22
CMP-001428,2025-10-20,Investments,Email,Retail,46.0,6.4,4.0,1334.92,1.0,2.0,45.0,92.0,-0.27,"My advisor moved my savings into a fund I never approved and the position is now 1,335 euros below what I invested. This has caused me a lot of stress and wasted time.",Resolved after investigation,0.0
CMP-001429,2025-10-20,Credit card,Branch,Affluent,58.0,6.1,4.0,237.19,1.0,1.0,16.0,135.0,-0.12,The cash-advance fee of 237 euros on my card is not the one stated in the terms. I would like this to be checked and corrected.,Resolved at first contact,0.0
CMP-001430,2025-10-20,Current account,Email,Affluent,,18.1,6.0,602.05,0.0,3.0,24.0,164.0,-0.28,I was charged 602 euros in fees that were never mentioned when I opened the account. This is my third attempt to get an answer from you. This has caused me a lot of stress and wasted time.,Resolved after investigation,270.72
CMP-001431,2025-10-20,Mortgage,Phone,Retail,49.0,14.1,6.0,3324.15,2.0,4.0,59.0,,,,Escalated to ombudsman,3710.37
CMP-001432,2025-10-20,Current account,Email,Retail,38.0,1.7,1.0,78.25,1.0,2.0,12.0,139.0,0.28,An unauthorised direct debit of 78 euros was taken from my current account on the 16th. Thank you in advance for looking into it.,Resolved at first contact,0.0
CMP-001433,2025-10-21,Credit card,Web form,Retail,52.0,14.0,4.0,1184.04,1.0,5.0,37.0,231.0,-0.47,"There is a transaction of 1,184 euros on my card statement that I never made. I have already called 5 times and nobody has called me back. I am very disappointed with how this has been handled.",Resolved after investigation,451.49
CMP-001434,2025-10-21,Current account,Branch,Retail,64.0,11.2,5.0,134.5,1.0,1.0,24.0,199.0,-0.06,An unauthorised direct debit of 134 euros was taken from my current account on the 5th. Please let me know what happened and how it will be fixed.,Resolved at first contact,0.0
CMP-001435,2025-10-21,Current account,Mobile app,Retail,40.0,12.6,5.0,282.77,0.0,1.0,5.0,124.0,0.06,"A transfer of 283 euros I sent on the 8th never reached the beneficiary and nobody can tell me where it is. I assume it is a mistake, but it needs to be resolved.",Resolved at first contact,0.0
CMP-001436,2025-10-22,Current account,Email,Retail,69.0,2.9,3.0,40.09,0.0,0.0,30.0,213.0,0.36,I was charged 40 euros in fees that were never mentioned when I opened the account. Thank you in advance for looking into it.,Resolved after investigation,143.82
CMP-001437,2025-10-22,Current account,Email,Retail,62.0,9.0,4.0,916.17,1.0,4.0,32.0,190.0,-0.6,An unauthorised direct debit of 916 euros was taken from my current account on the 24th. This is my fourth attempt to get an answer from you. This is unacceptable and I am furious.,Escalated to ombudsman,668.81
CMP-001438,2025-10-22,Personal loan,Email,Private,67.0,13.9,7.0,1103.5,2.0,0.0,30.0,146.0,-0.48,"My loan application was rejected after 24 days and the 1,104 euros I paid for the appraisal were not refunded. This is not the first time I have had to complain about this. I expect a refund and a clear explanation.",Escalated to ombudsman,1268.65
CMP-001439,2025-10-22,Current account,Phone,Retail,52.0,19.3,7.0,92.44,1.0,1.0,27.0,,,,Resolved at first contact,0.0
CMP-001440,2025-10-22,Current account,Social media,Retail,40.0,2.5,2.0,168.79,1.0,1.0,27.0,237.0,-0.27,A transfer of 169 euros I sent on the 5th never reached the beneficiary and nobody can tell me where it is. This has caused me a lot of stress and wasted time.,Resolved after investigation,0.0
CMP-001441,2025-10-22,Personal loan,Mobile app,Affluent,52.0,15.9,6.0,644.97,0.0,3.0,35.0,137.0,-0.1,"I asked to repay my loan early and the fee applied, 645 euros, is far above what the contract says. This is my third attempt to get an answer from you. Please let me know what happened and how it will be fixed.",Resolved after investigation,269.29
CMP-001442,2025-10-22,Insurance,Mobile app,SME,44.0,5.7,3.0,2513.22,1.0,2.0,14.0,184.0,-0.41,"The insurance policy was renewed and 2,513 euros charged although I had cancelled it in writing. I am very disappointed with how this has been handled.",Resolved after investigation,855.41
CMP-001443,2025-10-23,Insurance,Branch,Retail,54.0,4.6,2.0,1361.48,0.0,6.0,34.0,,,,Resolved after investigation,657.22
CMP-001444,2025-10-23,Credit card,Branch,Retail,57.0,11.7,4.0,148.51,2.0,2.0,20.0,,,,Resolved after investigation,35.0
CMP-001445,2025-10-23,Credit card,Web form,Affluent,31.0,0.1,2.0,2493.72,0.0,2.0,32.0,159.0,-0.48,"There is a transaction of 2,494 euros on my card statement that I never made. I expect a refund and a clear explanation.",Resolved at first contact,0.0
CMP-001446,2025-10-24,Current account,Phone,Retail,58.0,16.9,6.0,142.34,1.0,2.0,14.0,,,,Resolved at first contact,0.0
CMP-001447,2025-10-24,Current account,Email,Retail,52.0,10.2,5.0,262.94,0.0,5.0,35.0,268.0,-0.4,"An unauthorised direct debit of 263 euros was taken from my current account on the 8th. After 5 contacts with the branch and the call centre, nothing has changed. I expect a refund and a clear explanation.",Resolved after investigation,76.22
CMP-001448,2025-10-24,Insurance,Mobile app,Retail,,15.1,5.0,1487.31,2.0,3.0,36.0,233.0,-0.58,"The insurance policy was renewed and 1,487 euros charged although I had cancelled it in writing. I have already called 3 times and nobody has called me back. This is not the first time I have had to complain about this. This is unacceptable and I am furious.",Resolved at first contact,0.0
CMP-001449,2025-10-24,Credit card,Mobile app,Affluent,31.0,5.9,3.0,432.18,1.0,3.0,32.0,143.0,-0.24,"The cash-advance fee of 432 euros on my card is not the one stated in the terms. After 3 contacts with the branch and the call centre, nothing has changed. I expect a refund and a clear explanation.",Resolved at first contact,0.0
CMP-001450,2025-10-24,Current account,Phone,Retail,32.0,0.1,1.0,451.67,1.0,4.0,45.0,,,,Resolved after investigation,107.85
CMP-001451,2025-10-24,Credit card,Email,Retail,33.0,0.8,2.0,218.15,2.0,5.0,33.0,265.0,-0.81,"The cash-advance fee of 218 euros on my card is not the one stated in the terms. After 5 contacts with the branch and the call centre, nothing has changed. This is not the first time I have had to complain about this. I demand an immediate refund and a written apology.",Escalated to ombudsman,428.69
CMP-001452,2025-10-24,Current account,Phone,Retail,,5.4,2.0,1973.34,1.0,4.0,37.0,,,,Resolved after investigation,657.43
CMP-001453,2025-10-24,Mortgage,Phone,SME,45.0,4.5,3.0,,2.0,2.0,40.0,198.0,-0.66,"An insurance premium of 3,530 euros was added to my mortgage instalment without my consent. This is not the first time I have had to complain about this. This is unacceptable and I am furious.",Escalated to ombudsman,3466.35
CMP-001454,2025-10-25,Credit card,Mobile app,Retail,41.0,3.6,2.0,116.87,1.0,1.0,13.0,203.0,-0.07,My card was charged twice for the same purchase of 117 euros. Please let me know what happened and how it will be fixed.,Resolved at first contact,5.29
CMP-001455,2025-10-26,Current account,Mobile app,Retail,23.0,3.5,2.0,11.99,0.0,0.0,7.0,52.0,0.07,"My current account was blocked for three days without any notice, and a transfer of 12 euros bounced. I would like this to be checked and corrected.",Resolved at first contact,0.0
CMP-001456,2025-10-26,Investments,Social media,Retail,33.0,3.8,2.0,298.25,0.0,1.0,35.0,75.0,-0.17,"I asked to sell my fund units on the 14th; the order was executed days later at a loss of 298 euros. I assume it is a mistake, but it needs to be resolved.",Resolved after investigation,91.76
CMP-001457,2025-10-27,Current account,Phone,Retail,,25.2,8.0,32.31,1.0,1.0,13.0,,,,Resolved at first contact,0.0
CMP-001458,2025-10-27,Current account,Phone,Retail,43.0,8.1,2.0,364.38,2.0,3.0,37.0,,,,Resolved after investigation,41.25
CMP-001459,2025-10-27,Current account,Email,Retail,24.0,1.4,2.0,85.27,0.0,2.0,4.0,63.0,-0.17,"My current account was blocked for three days without any notice, and a transfer of 85 euros bounced. I would like this to be checked and corrected.",Resolved at first contact,0.0
CMP-001460,2025-10-27,Mortgage,Web form,Affluent,69.0,15.3,7.0,1809.23,1.0,3.0,32.0,86.0,-0.51,"The interest rate applied to my mortgage does not match the offer I signed, and I have overpaid 1,809 euros. I have already called 3 times and nobody has called me back. I am very disappointed with how this has been handled.",Resolved after investigation,711.99
CMP-001461,2025-10-27,Current account,Mobile app,Retail,55.0,11.6,4.0,501.73,0.0,2.0,34.0,166.0,-0.46,An unauthorised direct debit of 502 euros was taken from my current account on the 18th. I am very disappointed with how this has been handled.,Resolved after investigation,90.17
CMP-001462,2025-10-27,Credit card,Web form,Affluent,29.0,1.3,2.0,243.38,0.0,2.0,24.0,122.0,-0.2,My card was charged twice for the same purchase of 243 euros. I would like this to be checked and corrected.,Resolved at first contact,0.0
CMP-001463,2025-10-27,Credit card,Web form,Retail,46.0,14.0,6.0,600.46,0.0,1.0,20.0,140.0,-0.45,My card was charged twice for the same purchase of 600 euros. I am very disappointed with how this has been handled.,Resolved at first contact,0.0
CMP-001464,2025-10-27,Credit card,Mobile app,Affluent,48.0,5.8,3.0,1090.46,1.0,5.0,23.0,263.0,-0.71,"My card was charged twice for the same purchase of 1,090 euros. After 5 contacts with the branch and the call centre, nothing has changed. If this is not resolved within a week I will take it to the ombudsman.",Resolved at first contact,0.0
CMP-001465,2025-10-27,Investments,Branch,Retail,68.0,17.0,5.0,5203.85,1.0,5.0,38.0,,,,Escalated to ombudsman,3106.32
CMP-001466,2025-10-27,Current account,Email,Private,56.0,9.0,6.0,950.35,1.0,1.0,13.0,115.0,-0.03,"My current account was blocked for three days without any notice, and a transfer of 950 euros bounced. I assume it is a mistake, but it needs to be resolved.",Resolved at first contact,0.0
CMP-001467,2025-10-28,Current account,Email,Retail,42.0,1.7,2.0,156.22,1.0,2.0,13.0,184.0,-0.15,I was charged 156 euros in fees that were never mentioned when I opened the account. Please let me know what happened and how it will be fixed.,Resolved at first contact,0.0
CMP-001468,2025-10-28,Current account,Email,Retail,46.0,10.5,4.0,230.65,2.0,4.0,33.0,252.0,-0.6,"My current account was blocked for three days without any notice, and a transfer of 231 euros bounced. After 4 contacts with the branch and the call centre, nothing has changed. This is not the first time I have had to complain about this. If this is not resolved within a week I will take it to the ombudsman.",Escalated to ombudsman,434.29
CMP-001469,2025-10-28,Credit card,Phone,Affluent,72.0,20.5,7.0,1049.91,1.0,3.0,5.0,,,,Resolved at first contact,0.0
CMP-001470,2025-10-28,Mortgage,Web form,Affluent,45.0,8.2,4.0,456.5,1.0,3.0,39.0,153.0,-0.16,An insurance premium of 456 euros was added to my mortgage instalment without my consent. I have already called 3 times and nobody has called me back. I would like this to be checked and corrected.,Resolved after investigation,205.14
CMP-001471,2025-10-28,Credit card,Phone,unknown,49.0,9.5,5.0,1914.14,1.0,4.0,48.0,252.0,-0.36,"My card was charged twice for the same purchase of 1,914 euros. I have already called 4 times and nobody has called me back. The problem dates back more than a month and is still open. I expect a refund and a clear explanation.",Resolved after investigation,398.82
CMP-001472,2025-10-28,Investments,Branch,Retail,46.0,13.9,5.0,373.94,1.0,1.0,28.0,,,,Resolved at first contact,0.0
CMP-001473,2025-10-28,Current account,Phone,Retail,50.0,14.1,5.0,670.73,0.0,2.0,24.0,,,,Resolved at first contact,0.0
CMP-001474,2025-10-28,Current account,Social media,Affluent,53.0,9.2,5.0,151.42,0.0,2.0,7.0,112.0,0.17,"A transfer of 151 euros I sent on the 9th never reached the beneficiary and nobody can tell me where it is. I assume it is a mistake, but it needs to be resolved.",Resolved at first contact,0.0
CMP-001475,2025-10-28,Personal loan,Mobile app,Retail,46.0,8.5,5.0,,1.0,2.0,20.0,236.0,-0.57,My loan application was rejected after 16 days and the 966 euros I paid for the appraisal were not refunded. I have never been treated so badly by a bank.,Resolved after investigation,217.36
CMP-001476,2025-10-29,Current account,Web form,Retail,54.0,20.1,8.0,149.35,1.0,2.0,11.0,141.0,-0.13,A transfer of 149 euros I sent on the 18th never reached the beneficiary and nobody can tell me where it is. I would like this to be checked and corrected.,Resolved at first contact,0.0
CMP-001477,2025-10-29,Personal loan,Email,Affluent,70.0,20.4,8.0,1853.56,1.0,3.0,24.0,153.0,-0.47,"The instalment taken for my loan is 1,854 euros higher than the amount agreed in the contract. After 3 contacts with the branch and the call centre, nothing has changed. I am very disappointed with how this has been handled.",Resolved after investigation,832.62
CMP-001478,2025-10-29,Credit card,Mobile app,Retail,51.0,11.6,6.0,534.54,1.0,3.0,30.0,257.0,-0.86,My card was blocked while I was abroad and I had to pay 535 euros in cash with no explanation. I have already called 3 times and nobody has called me back. I have never been treated so badly by a bank.,Resolved after investigation,135.26
CMP-001479,2025-10-30,Current account,Web form,Retail,27.0,3.0,3.0,139.22,1.0,2.0,17.0,130.0,-0.0,I was charged 139 euros in fees that were never mentioned when I opened the account. I would like this to be checked and corrected.,Resolved after investigation,0.0
CMP-001480,2025-10-30,Investments,Social media,Retail,43.0,8.4,3.0,364.95,1.0,3.0,36.0,168.0,-0.02,"I asked to sell my fund units on the 13th; the order was executed days later at a loss of 365 euros. I have already called 3 times and nobody has called me back. I assume it is a mistake, but it needs to be resolved.",Escalated to ombudsman,502.86
CMP-001481,2025-10-30,Mortgage,Email,Retail,49.0,16.9,6.0,416.58,0.0,0.0,13.0,135.0,-0.25,An insurance premium of 417 euros was added to my mortgage instalment without my consent. This has caused me a lot of stress and wasted time.,Resolved at first contact,0.0
CMP-001482,2025-10-31,Investments,Web form,Affluent,48.0,12.2,5.0,917.21,0.0,1.0,9.0,61.0,0.34,"My advisor moved my savings into a fund I never approved and the position is now 917 euros below what I invested. I have always been happy with the bank, so I am sure this can be sorted out quickly.",Resolved at first contact,34.02
CMP-001483,2025-10-31,Current account,Mobile app,SME,49.0,0.1,2.0,781.71,1.0,2.0,15.0,189.0,-0.15,"My current account was blocked for three days without any notice, and a transfer of 782 euros bounced. I would like this to be checked and corrected.",Resolved after investigation,380.23
CMP-001484,2025-10-31,Current account,Email,Affluent,40.0,13.5,6.0,536.73,0.0,1.0,36.0,242.0,-0.3,"My current account was blocked for three days without any notice, and a transfer of 537 euros bounced. This has caused me a lot of stress and wasted time.",Resolved after investigation,180.41
CMP-001485,2025-10-31,Mortgage,Phone,Affluent,27.0,0.1,3.0,244.0,0.0,3.0,29.0,,,,Resolved after investigation,103.27
CMP-001486,2025-10-31,Personal loan,Web form,Retail,41.0,7.8,3.0,,2.0,2.0,36.0,159.0,-0.57,The instalment taken for my loan is 575 euros higher than the amount agreed in the contract. This is not the first time I have had to complain about this. This is unacceptable and I am furious.,Resolved after investigation,228.56
CMP-001487,2025-10-31,Current account,Phone,Affluent,60.0,6.9,3.0,510.27,1.0,3.0,37.0,,,,Resolved at first contact,0.0
CMP-001488,2025-11-01,Current account,Web form,SME,68.0,10.0,4.0,893.37,1.0,1.0,31.0,161.0,-0.53,I was charged 893 euros in fees that were never mentioned when I opened the account. This has caused me a lot of stress and wasted time.,Resolved at first contact,0.0
CMP-001489,2025-11-02,Current account,Email,Affluent,48.0,8.0,4.0,2614.91,3.0,6.0,35.0,247.0,-0.75,"An unauthorised direct debit of 2,615 euros was taken from my current account on the 4th. This is my sixth attempt to get an answer from you. This is not the first time I have had to complain about this. If this is not resolved within a week I will take it to the ombudsman.",Escalated to ombudsman,2194.09
CMP-001490,2025-11-02,Insurance,Mobile app,Retail,21.0,3.0,2.0,70.21,0.0,2.0,9.0,196.0,0.03,"The insurance policy was renewed and 70 euros charged although I had cancelled it in writing. I assume it is a mistake, but it needs to be resolved.",Resolved at first contact,0.0
CMP-001491,2025-11-03,Current account,Phone,Retail,57.0,2.5,1.0,421.99,1.0,4.0,16.0,178.0,-0.52,"A transfer of 422 euros I sent on the 14th never reached the beneficiary and nobody can tell me where it is. After 4 contacts with the branch and the call centre, nothing has changed. This has caused me a lot of stress and wasted time.",Resolved after investigation,145.13
CMP-001492,2025-11-03,Mortgage,Email,Affluent,41.0,5.5,3.0,926.38,0.0,2.0,40.0,137.0,-0.16,My request to renegotiate the mortgage has been pending for weeks and the delay has cost me 926 euros. Please let me know what happened and how it will be fixed.,Resolved at first contact,0.0
CMP-001493,2025-11-03,Current account,Phone,Affluent,59.0,19.8,7.0,326.31,1.0,1.0,12.0,,,,Resolved at first contact,0.0
CMP-001494,2025-11-03,Current account,Web form,SME,26.0,0.1,1.0,373.55,1.0,2.0,13.0,163.0,-0.24,An unauthorised direct debit of 374 euros was taken from my current account on the 14th. This has caused me a lot of stress and wasted time.,Resolved after investigation,98.31
CMP-001495,2025-11-03,Investments,Web form,Affluent,53.0,5.5,4.0,1235.52,1.0,2.0,31.0,113.0,-0.13,"The costs of the investment product were never explained to me and I have paid 1,236 euros in charges. Please let me know what happened and how it will be fixed.",Resolved at first contact,0.0
CMP-001496,2025-11-03,Mortgage,Branch,Retail,48.0,7.3,4.0,153.51,0.0,0.0,20.0,,,,Resolved at first contact,0.0
CMP-001497,2025-11-03,Personal loan,Phone,Retail,46.0,18.6,8.0,3279.02,1.0,3.0,18.0,,,,Resolved after investigation,660.35
CMP-001498,2025-11-03,Personal loan,Email,Affluent,51.0,8.2,4.0,1781.65,1.0,3.0,25.0,150.0,0.21,"My loan application was rejected after 4 days and the 1,782 euros I paid for the appraisal were not refunded. This is my third attempt to get an answer from you. Thank you in advance for looking into it.",Resolved after investigation,756.3
CMP-001499,2025-11-03,Mortgage,Branch,Retail,65.0,23.5,7.0,,1.0,3.0,57.0,,,,Escalated to ombudsman,2537.22
CMP-001500,2025-11-03,Mortgage,Email,SME,45.0,6.7,4.0,,2.0,4.0,46.0,216.0,-0.92,"An insurance premium of 8,913 euros was added to my mortgage instalment without my consent. After 4 contacts with the branch and the call centre, nothing has changed. This is not the first time I have had to complain about this. The problem dates back more than a month and is still open. If this is not resolved within a week I will take it to the ombudsman.",Escalated to ombudsman,8582.75
CMP-001501,2025-11-03,Credit card,Email,Retail,80.0,16.0,6.0,578.39,1.0,1.0,37.0,156.0,0.01,"My card was charged twice for the same purchase of 578 euros. I assume it is a mistake, but it needs to be resolved.",Resolved at first contact,0.0
CMP-001502,2025-11-03,Credit card,Branch,Retail,39.0,5.3,3.0,59.57,0.0,3.0,16.0,140.0,0.16,"My card was charged twice for the same purchase of 60 euros. After 3 contacts with the branch and the call centre, nothing has changed. I assume it is a mistake, but it needs to be resolved.",Resolved at first contact,0.0
CMP-001503,2025-11-03,Credit card,Phone,Retail,55.0,15.3,5.0,,2.0,4.0,30.0,,,,Escalated to ombudsman,1236.18
CMP-001504,2025-11-04,Current account,Email,Affluent,40.0,8.8,5.0,1213.35,2.0,5.0,42.0,222.0,-0.57,"A transfer of 1,213 euros I sent on the 18th never reached the beneficiary and nobody can tell me where it is. After 5 contacts with the branch and the call centre, nothing has changed. This is not the first time I have had to complain about this. I have never been treated so badly by a bank.",Escalated to ombudsman,1372.98
CMP-001505,2025-11-04,Current account,Phone,Retail,35.0,0.1,1.0,147.48,1.0,1.0,20.0,,,,Resolved at first contact,0.0
CMP-001506,2025-11-04,Current account,Social media,Retail,44.0,6.8,4.0,236.07,1.0,2.0,29.0,175.0,-0.45,"My current account was blocked for three days without any notice, and a transfer of 236 euros bounced. I expect a refund and a clear explanation.",Resolved after investigation,51.95
CMP-001507,2025-11-04,Current account,Phone,Private,65.0,12.6,7.0,,2.0,3.0,44.0,,,,Resolved after investigation,123.05
CMP-001508,2025-11-05,Credit card,Phone,Retail,55.0,9.5,4.0,168.55,1.0,2.0,28.0,73.0,-0.32,My card was charged twice for the same purchase of 169 euros. I am very disappointed with how this has been handled.,Resolved at first contact,0.0
CMP-001509,2025-11-05,Investments,Phone,Retail,36.0,15.5,6.0,869.45,1.0,3.0,36.0,124.0,0.12,"My advisor moved my savings into a fund I never approved and the position is now 869 euros below what I invested. This is my third attempt to get an answer from you. I assume it is a mistake, but it needs to be resolved.",Resolved at first contact,0.0
CMP-001510,2025-11-05,Credit card,Email,SME,53.0,11.4,5.0,828.1,1.0,2.0,31.0,233.0,-0.27,My card was charged twice for the same purchase of 828 euros. This has caused me a lot of stress and wasted time.,Resolved after investigation,259.79
CMP-001511,2025-11-06,Current account,Web form,Retail,47.0,1.7,1.0,333.84,1.0,2.0,16.0,197.0,-0.25,I was charged 334 euros in fees that were never mentioned when I opened the account. This has caused me a lot of stress and wasted time.,Resolved at first contact,0.0
CMP-001512,2025-11-06,Current account,Mobile app,SME,60.0,13.3,5.0,1166.28,0.0,2.0,15.0,141.0,-0.51,"My current account was blocked for three days without any notice, and a transfer of 1,166 euros bounced. I am very disappointed with how this has been handled.",Resolved at first contact,0.0
CMP-001513,2025-11-06,Current account,Phone,Retail,66.0,14.4,5.0,50.69,0.0,1.0,22.0,116.0,0.37,A transfer of 51 euros I sent on the 15th never reached the beneficiary and nobody can tell me where it is. Thank you in advance for looking into it.,Resolved at first contact,0.0
CMP-001514,2025-11-06,Personal loan,Email,Retail,52.0,5.6,3.0,7.66,0.0,0.0,1.0,98.0,-0.1,The instalment taken for my loan is 8 euros higher than the amount agreed in the contract. Please let me know what happened and how it will be fixed.,Resolved at first contact,0.0
CMP-001515,2025-11-07,Insurance,Phone,Retail,50.0,7.2,3.0,637.75,1.0,5.0,18.0,,,,Resolved after investigation,209.34
CMP-001516,2025-11-07,Current account,Mobile app,Retail,25.0,0.1,1.0,37.38,0.0,1.0,15.0,89.0,-0.18,An unauthorised direct debit of 37 euros was taken from my current account on the 26th. Please let me know what happened and how it will be fixed.,Resolved at first contact,0.0
CMP-001517,2025-11-07,Investments,Email,Retail,61.0,13.7,4.0,,1.0,2.0,34.0,201.0,-0.41,"I asked to sell my fund units on the 25th; the order was executed days later at a loss of 1,833 euros. I am very disappointed with how this has been handled.",Resolved after investigation,337.21
CMP-001518,2025-11-07,Personal loan,Web form,Affluent,51.0,10.8,5.0,1270.78,1.0,2.0,31.0,133.0,-0.09,"The instalment taken for my loan is 1,271 euros higher than the amount agreed in the contract. Please let me know what happened and how it will be fixed.",Resolved after investigation,633.85
CMP-001519,2025-11-07,Current account,Web form,Retail,22.0,0.1,1.0,265.93,1.0,1.0,20.0,143.0,-0.0,An unauthorised direct debit of 266 euros was taken from my current account on the 4th. Please let me know what happened and how it will be fixed.,Resolved at first contact,0.0
CMP-001520,2025-11-07,Mortgage,Mobile app,Retail,50.0,15.0,4.0,,2.0,4.0,30.0,186.0,-0.07,"An insurance premium of 1,109 euros was added to my mortgage instalment without my consent. I have already called 4 times and nobody has called me back. This is not the first time I have had to complain about this. I would like this to be checked and corrected.",Resolved after investigation,154.54
CMP-001521,2025-11-07,Current account,Mobile app,Retail,52.0,6.0,3.0,160.61,1.0,2.0,27.0,117.0,-0.24,A transfer of 161 euros I sent on the 8th never reached the beneficiary and nobody can tell me where it is. I am very disappointed with how this has been handled.,Resolved at first contact,0.0
CMP-001522,2025-11-07,Credit card,Branch,Retail,46.0,0.1,2.0,340.22,1.0,2.0,39.0,,,,Resolved after investigation,169.88
CMP-001523,2025-11-07,Investments,Phone,Affluent,48.0,9.8,5.0,1242.47,1.0,3.0,24.0,,,,Resolved after investigation,148.99
CMP-001524,2025-11-07,Current account,Email,Retail,36.0,2.4,1.0,119.73,1.0,3.0,9.0,141.0,-0.24,I was charged 120 euros in fees that were never mentioned when I opened the account. I have already called 3 times and nobody has called me back. I am very disappointed with how this has been handled.,Resolved at first contact,0.0
CMP-001525,2025-11-09,Current account,Web form,Retail,,1.7,2.0,110.16,1.0,3.0,26.0,159.0,-0.72,A transfer of 110 euros I sent on the 25th never reached the beneficiary and nobody can tell me where it is. I have already called 3 times and nobody has called me back. I have never been treated so badly by a bank.,Escalated to ombudsman,310.67
CMP-001526,2025-11-10,Credit card,Mobile app,Affluent,44.0,12.0,5.0,48.26,0.0,0.0,9.0,44.0,0.23,The cash-advance fee of 48 euros on my card is not the one stated in the terms. Thank you in advance for looking into it.,Resolved at first contact,0.0
CMP-001527,2025-11-10,Credit card,Branch,Retail,52.0,24.9,8.0,698.3,1.0,2.0,0.0,,,,Resolved after investigation,0.0
CMP-001528,2025-11-10,Mortgage,Mobile app,Retail,41.0,5.3,2.0,676.44,1.0,1.0,29.0,106.0,-0.27,An insurance premium of 676 euros was added to my mortgage instalment without my consent. This has caused me a lot of stress and wasted time.,Resolved after investigation,182.96
CMP-001529,2025-11-10,Credit card,Mobile app,Retail,33.0,3.3,1.0,1304.41,2.0,4.0,55.0,219.0,-1.0,"The cash-advance fee of 1,304 euros on my card is not the one stated in the terms. I have already called 4 times and nobody has called me back. This is not the first time I have had to complain about this. The problem dates back more than a month and is still open. I demand an immediate refund and a written apology.",Escalated to ombudsman,1737.43
CMP-001530,2025-11-10,Investments,Phone,Retail,46.0,7.2,2.0,1062.82,1.0,2.0,43.0,220.0,-0.44,"My advisor moved my savings into a fund I never approved and the position is now 1,063 euros below what I invested. This has caused me a lot of stress and wasted time.",Resolved after investigation,428.21
CMP-001531,2025-11-10,Current account,Phone,Retail,,4.6,3.0,33.61,0.0,0.0,2.0,125.0,0.52,A transfer of 34 euros I sent on the 6th never reached the beneficiary and nobody can tell me where it is. Your staff have been helpful so far; I just need this last point solved.,Resolved at first contact,0.0
CMP-001532,2025-11-10,Personal loan,Email,SME,60.0,17.9,6.0,432.89,0.0,1.0,6.0,84.0,-0.21,"I asked to repay my loan early and the fee applied, 433 euros, is far above what the contract says. This has caused me a lot of stress and wasted time.",Resolved after investigation,103.28
CMP-001533,2025-11-10,Credit card,Email,Retail,29.0,5.0,2.0,489.9,1.0,4.0,22.0,195.0,-0.31,"The cash-advance fee of 490 euros on my card is not the one stated in the terms. After 4 contacts with the branch and the call centre, nothing has changed. I expect a refund and a clear explanation.",Escalated to ombudsman,417.54
CMP-001534,2025-11-10,Credit card,Web form,Affluent,44.0,2.6,2.0,557.03,0.0,2.0,45.0,143.0,-0.22,The cash-advance fee of 557 euros on my card is not the one stated in the terms. I am very disappointed with how this has been handled.,Resolved after investigation,102.5
CMP-001535,2025-11-10,Investments,Phone,Retail,35.0,3.6,1.0,2377.83,1.0,2.0,45.0,,,,Escalated to ombudsman,2746.2
CMP-001536,2025-11-11,Investments,Phone,Retail,52.0,7.1,3.0,1503.41,0.0,4.0,33.0,,,,Resolved at first contact,0.0
CMP-001537,2025-11-11,Personal loan,Web form,Private,51.0,8.6,5.0,1151.34,2.0,3.0,39.0,217.0,-0.08,"My loan application was rejected after 8 days and the 1,151 euros I paid for the appraisal were not refunded. I have already called 3 times and nobody has called me back. This is not the first time I have had to complain about this. I would like this to be checked and corrected.",Escalated to ombudsman,983.77
CMP-001538,2025-11-11,Insurance,Mobile app,Retail,49.0,2.4,1.0,915.4,2.0,3.0,23.0,212.0,-0.66,The insurance policy was renewed and 915 euros charged although I had cancelled it in writing. I have already called 3 times and nobody has called me back. This is not the first time I have had to complain about this. If this is not resolved within a week I will take it to the ombudsman.,Resolved after investigation,442.1
CMP-001539,2025-11-11,Mortgage,Web form,Retail,46.0,2.7,2.0,292.97,0.0,1.0,29.0,109.0,0.11,My request to renegotiate the mortgage has been pending for weeks and the delay has cost me 293 euros. Please let me know what happened and how it will be fixed.,Resolved at first contact,0.0
CMP-001540,2025-11-11,Current account,Email,Affluent,54.0,1.1,3.0,520.55,1.0,3.0,13.0,133.0,-0.39,An unauthorised direct debit of 521 euros was taken from my current account on the 17th. This is my third attempt to get an answer from you. This has caused me a lot of stress and wasted time.,Resolved after investigation,251.75
CMP-001541,2025-11-11,Investments,Web form,Retail,60.0,8.2,4.0,258.33,1.0,1.0,29.0,98.0,0.44,My advisor moved my savings into a fund I never approved and the position is now 258 euros below what I invested. Your staff have been helpful so far; I just need this last point solved.,Resolved at first contact,0.0
CMP-001542,2025-11-12,Current account,Email,Retail,,6.2,2.0,272.85,1.0,2.0,36.0,160.0,-0.11,A transfer of 273 euros I sent on the 8th never reached the beneficiary and nobody can tell me where it is. Please let me know what happened and how it will be fixed.,Resolved after investigation,120.64
CMP-001543,2025-11-12,Current account,Phone,Retail,28.0,0.1,1.0,364.63,1.0,3.0,22.0,,,,Resolved after investigation,123.8
CMP-001544,2025-11-12,Credit card,Phone,Retail,35.0,7.5,3.0,221.63,2.0,2.0,27.0,159.0,-0.29,My card was blocked while I was abroad and I had to pay 222 euros in cash with no explanation. This is not the first time I have had to complain about this. I expect a refund and a clear explanation.,Resolved after investigation,93.53
CMP-001545,2025-11-13,Mortgage,Email,Retail,34.0,3.5,1.0,,1.0,3.0,40.0,257.0,-0.04,"My request to renegotiate the mortgage has been pending for weeks and the delay has cost me 581 euros. After 3 contacts with the branch and the call centre, nothing has changed. I would like this to be checked and corrected.",Resolved after investigation,198.61
CMP-001546,2025-11-13,Credit card,Mobile app,Retail,52.0,3.5,2.0,130.91,1.0,3.0,37.0,157.0,-0.24,My card was charged twice for the same purchase of 131 euros. This is my third attempt to get an answer from you. This has caused me a lot of stress and wasted time.,Resolved after investigation,36.64
CMP-001547,2025-11-14,Insurance,Branch,Retail,22.0,4.0,1.0,690.56,1.0,3.0,38.0,200.0,-0.7,The insurance policy was renewed and 691 euros charged although I had cancelled it in writing. I have already called 3 times and nobody has called me back. If this is not resolved within a week I will take it to the ombudsman.,Resolved after investigation,147.28
CMP-001548,2025-11-14,Current account,Branch,Private,39.0,7.9,5.0,238.25,0.0,2.0,20.0,,,,Resolved at first contact,0.0
CMP-001549,2025-11-14,Credit card,Phone,Retail,43.0,5.4,2.0,348.42,1.0,3.0,38.0,138.0,-0.32,There is a transaction of 348 euros on my card statement that I never made. I have already called 3 times and nobody has called me back. I expect a refund and a clear explanation.,Resolved after investigation,104.74
CMP-001550,2025-11-14,Credit card,Mobile app,SME,41.0,6.9,3.0,236.07,0.0,1.0,16.0,154.0,0.0,There is a transaction of 236 euros on my card statement that I never made. Please let me know what happened and how it will be fixed.,Resolved at first contact,0.0
CMP-001551,2025-11-14,Mortgage,Phone,Affluent,32.0,2.5,2.0,616.28,1.0,1.0,36.0,125.0,-0.26,An insurance premium of 616 euros was added to my mortgage instalment without my consent. This has caused me a lot of stress and wasted time.,Resolved after investigation,102.76
CMP-001552,2025-11-14,Mortgage,Email,Retail,67.0,21.4,7.0,478.55,1.0,2.0,17.0,107.0,0.31,"The interest rate applied to my mortgage does not match the offer I signed, and I have overpaid 479 euros. I have always been happy with the bank, so I am sure this can be sorted out quickly.",Resolved at first contact,0.0
CMP-001553,2025-11-14,Current account,Email,unknown,56.0,5.6,2.0,868.62,1.0,2.0,39.0,201.0,-0.58,"My current account was blocked for three days without any notice, and a transfer of 869 euros bounced. I demand an immediate refund and a written apology.",Resolved after investigation,324.92
CMP-001554,2025-11-14,Credit card,Social media,Private,36.0,2.7,5.0,1412.66,1.0,4.0,32.0,117.0,-0.8,"There is a transaction of 1,413 euros on my card statement that I never made. I have already called 4 times and nobody has called me back. This is unacceptable and I am furious.",Resolved after investigation,534.37
CMP-001555,2025-11-15,Mortgage,Mobile app,Retail,56.0,18.0,6.0,182.33,0.0,1.0,26.0,126.0,-0.07,My request to renegotiate the mortgage has been pending for weeks and the delay has cost me 182 euros. I would like this to be checked and corrected.,Resolved at first contact,9.56
CMP-001556,2025-11-16,Credit card,Email,Retail,45.0,13.9,5.0,2109.33,2.0,5.0,31.0,228.0,-0.66,"My card was blocked while I was abroad and I had to pay 2,109 euros in cash with no explanation. After 5 contacts with the branch and the call centre, nothing has changed. This is not the first time I have had to complain about this. This is unacceptable and I am furious.",Resolved after investigation,931.57
CMP-001557,2025-11-17,Mortgage,Phone,SME,29.0,0.1,1.0,3081.14,1.0,6.0,49.0,,,,Resolved after investigation,719.1
CMP-001558,2025-11-17,Credit card,Phone,Retail,19.0,1.0,1.0,,1.0,3.0,16.0,149.0,-0.17,"My card was charged twice for the same purchase of 350 euros. This is my third attempt to get an answer from you. I assume it is a mistake, but it needs to be resolved.",Resolved at first contact,0.0
CMP-001559,2025-11-17,Investments,Email,Retail,44.0,8.5,3.0,636.74,0.0,0.0,15.0,179.0,-0.18,I asked to sell my fund units on the 6th; the order was executed days later at a loss of 637 euros. Please let me know what happened and how it will be fixed.,Resolved at first contact,0.0
CMP-001560,2025-11-17,Credit card,Branch,Private,51.0,0.8,2.0,947.92,2.0,3.0,23.0,160.0,-0.51,"There is a transaction of 948 euros on my card statement that I never made. After 3 contacts with the branch and the call centre, nothing has changed. This is not the first time I have had to complain about this. I expect a refund and a clear explanation.",Resolved after investigation,337.9
CMP-001561,2025-11-17,Investments,Email,SME,63.0,9.1,3.0,2223.14,1.0,2.0,69.0,180.0,-0.49,"I asked to sell my fund units on the 4th; the order was executed days later at a loss of 2,223 euros. The problem dates back more than a month and is still open. I am very disappointed with how this has been handled.",Escalated to ombudsman,2218.24
CMP-001562,2025-11-17,Credit card,Mobile app,Private,46.0,2.5,5.0,1041.97,0.0,1.0,12.0,132.0,-0.22,"My card was charged twice for the same purchase of 1,042 euros. This has caused me a lot of stress and wasted time.",Resolved at first contact,0.0
CMP-001563,2025-11-17,Personal loan,Phone,Retail,,19.1,6.0,202.1,0.0,0.0,13.0,148.0,-0.07,"I asked to repay my loan early and the fee applied, 202 euros, is far above what the contract says. I assume it is a mistake, but it needs to be resolved.",Resolved at first contact,0.0
CMP-001564,2025-11-17,Personal loan,Web form,Retail,56.0,7.0,4.0,846.08,0.0,4.0,35.0,233.0,-0.23,"I asked to repay my loan early and the fee applied, 846 euros, is far above what the contract says. I have already called 4 times and nobody has called me back. I am very disappointed with how this has been handled.",Resolved after investigation,125.0
CMP-001565,2025-11-17,Current account,Mobile app,Retail,63.0,13.2,7.0,77.15,0.0,1.0,15.0,83.0,0.15,"My current account was blocked for three days without any notice, and a transfer of 77 euros bounced. I would like this to be checked and corrected.",Resolved at first contact,0.0
CMP-001566,2025-11-17,Credit card,Mobile app,Retail,,10.5,4.0,560.24,0.0,2.0,29.0,166.0,-0.59,The cash-advance fee of 560 euros on my card is not the one stated in the terms. If this is not resolved within a week I will take it to the ombudsman.,Resolved at first contact,0.0
CMP-001567,2025-11-17,Mortgage,Mobile app,Affluent,27.0,3.1,4.0,1435.56,0.0,4.0,45.0,112.0,-0.43,"The interest rate applied to my mortgage does not match the offer I signed, and I have overpaid 1,436 euros. I have already called 4 times and nobody has called me back. This has caused me a lot of stress and wasted time.",Resolved after investigation,170.31
CMP-001568,2025-11-17,Insurance,Phone,Retail,40.0,9.4,5.0,474.01,2.0,3.0,34.0,238.0,-0.37,My claim of 474 euros on the policy linked to my account was rejected without any explanation. I have already called 3 times and nobody has called me back. This is not the first time I have had to complain about this. This has caused me a lot of stress and wasted time.,Resolved after investigation,60.84
CMP-001569,2025-11-17,Investments,Mobile app,Retail,23.0,0.1,2.0,905.35,1.0,2.0,5.0,140.0,-0.11,I asked to sell my fund units on the 8th; the order was executed days later at a loss of 905 euros. I would like this to be checked and corrected.,Resolved at first contact,0.0
CMP-001570,2025-11-17,Investments,Email,Affluent,38.0,5.2,5.0,773.67,1.0,2.0,40.0,146.0,-0.12,"My advisor moved my savings into a fund I never approved and the position is now 774 euros below what I invested. I assume it is a mistake, but it needs to be resolved.",Escalated to ombudsman,814.61
CMP-001571,2025-11-17,Credit card,Web form,Retail,28.0,9.8,4.0,48.26,1.0,1.0,24.0,188.0,-0.18,"My card was charged twice for the same purchase of 48 euros. I assume it is a mistake, but it needs to be resolved.",Resolved after investigation,13.74
CMP-001572,2025-11-17,Personal loan,Social media,Retail,26.0,0.1,1.0,968.11,1.0,2.0,24.0,168.0,-0.69,My loan application was rejected after 18 days and the 968 euros I paid for the appraisal were not refunded. I have never been treated so badly by a bank.,Escalated to ombudsman,578.69
CMP-001573,2025-11-17,Current account,Social media,Retail,32.0,7.1,3.0,711.86,1.0,2.0,23.0,209.0,-0.72,I was charged 712 euros in fees that were never mentioned when I opened the account. This is unacceptable and I am furious.,Escalated to ombudsman,1013.05
CMP-001574,2025-11-17,Mortgage,Phone,Retail,49.0,0.7,1.0,640.75,1.0,2.0,44.0,136.0,-0.13,An insurance premium of 641 euros was added to my mortgage instalment without my consent. Please let me know what happened and how it will be fixed.,Resolved after investigation,76.09
CMP-001575,2025-11-17,Credit card,Phone,Retail,39.0,3.5,2.0,268.64,1.0,2.0,30.0,152.0,-0.49,My card was blocked while I was abroad and I had to pay 269 euros in cash with no explanation. I am very disappointed with how this has been handled.,Resolved after investigation,54.9
CMP-001576,2025-11-17,Credit card,Phone,Retail,43.0,9.0,3.0,671.8,1.0,2.0,32.0,,,,Resolved after investigation,99.17
CMP-001577,2025-11-18,Insurance,Social media,Retail,30.0,0.1,2.0,768.6,1.0,3.0,38.0,235.0,-0.53,"The insurance policy was renewed and 769 euros charged although I had cancelled it in writing. After 3 contacts with the branch and the call centre, nothing has changed. This has caused me a lot of stress and wasted time.",Resolved after investigation,114.8
CMP-001578,2025-11-18,Credit card,Mobile app,Private,54.0,9.7,5.0,1601.94,0.0,4.0,39.0,149.0,-0.12,"My card was charged twice for the same purchase of 1,602 euros. After 4 contacts with the branch and the call centre, nothing has changed. I assume it is a mistake, but it needs to be resolved.",Resolved at first contact,0.0
CMP-001579,2025-11-18,Mortgage,Branch,Retail,65.0,15.6,5.0,298.81,0.0,1.0,33.0,,,,Resolved after investigation,137.63
CMP-001580,2025-11-18,Mortgage,Email,Retail,36.0,3.1,1.0,3295.98,1.0,3.0,31.0,155.0,-0.29,"My request to renegotiate the mortgage has been pending for weeks and the delay has cost me 3,296 euros. I have already called 3 times and nobody has called me back. I expect a refund and a clear explanation.",Resolved after investigation,0.0
CMP-001581,2025-11-19,Investments,Phone,SME,46.0,6.9,4.0,3852.78,0.0,3.0,30.0,133.0,0.17,"My advisor moved my savings into a fund I never approved and the position is now 3,853 euros below what I invested. After 3 contacts with the branch and the call centre, nothing has changed. I assume it is a mistake, but it needs to be resolved.",Resolved at first contact,0.0
CMP-001582,2025-11-19,Investments,Email,Affluent,38.0,3.4,4.0,2720.54,2.0,3.0,50.0,253.0,-0.44,"My advisor moved my savings into a fund I never approved and the position is now 2,721 euros below what I invested. This is my third attempt to get an answer from you. This is not the first time I have had to complain about this. The problem dates back more than a month and is still open. I expect a refund and a clear explanation.",Resolved after investigation,982.9
CMP-001583,2025-11-19,Insurance,Web form,Private,65.0,16.2,7.0,577.86,0.0,1.0,24.0,179.0,-0.32,My claim of 578 euros on the policy linked to my account was rejected without any explanation. This has caused me a lot of stress and wasted time.,Resolved after investigation,77.6
CMP-001584,2025-11-19,Personal loan,Web form,Retail,60.0,11.7,5.0,1154.51,1.0,2.0,19.0,122.0,0.05,"I asked to repay my loan early and the fee applied, 1,155 euros, is far above what the contract says. I would like this to be checked and corrected.",Resolved at first contact,0.0
CMP-001585,2025-11-19,Current account,Mobile app,Retail,58.0,20.6,7.0,309.34,0.0,3.0,28.0,150.0,-0.39,An unauthorised direct debit of 309 euros was taken from my current account on the 6th. This is my third attempt to get an answer from you. I expect a refund and a clear explanation.,Resolved at first contact,0.0
CMP-001586,2025-11-19,Current account,Web form,Affluent,30.0,11.4,5.0,481.98,1.0,3.0,17.0,209.0,-0.06,"An unauthorised direct debit of 482 euros was taken from my current account on the 6th. After 3 contacts with the branch and the call centre, nothing has changed. I would like this to be checked and corrected.",Resolved at first contact,0.0
CMP-001587,2025-11-20,Credit card,Web form,Retail,36.0,7.2,2.0,477.79,2.0,5.0,39.0,320.0,-0.96,The cash-advance fee of 478 euros on my card is not the one stated in the terms. I have already called 5 times and nobody has called me back. This is not the first time I have had to complain about this. I have never been treated so badly by a bank.,Escalated to ombudsman,442.35
CMP-001588,2025-11-20,Investments,Email,Affluent,36.0,2.9,3.0,394.1,1.0,0.0,8.0,134.0,-0.16,The costs of the investment product were never explained to me and I have paid 394 euros in charges. I would like this to be checked and corrected.,Resolved at first contact,0.0
CMP-001589,2025-11-20,Current account,Social media,Retail,44.0,9.1,3.0,142.61,0.0,1.0,7.0,211.0,-0.06,"My current account was blocked for three days without any notice, and a transfer of 143 euros bounced. Please let me know what happened and how it will be fixed.",Resolved at first contact,0.0
CMP-001590,2025-11-20,Mortgage,Email,Affluent,42.0,3.2,4.0,,1.0,2.0,35.0,153.0,-0.25,"An insurance premium of 2,458 euros was added to my mortgage instalment without my consent. I am very disappointed with how this has been handled.",Resolved after investigation,960.36
CMP-001591,2025-11-20,Mortgage,Web form,Affluent,65.0,15.3,5.0,1570.53,1.0,3.0,44.0,156.0,0.12,"The interest rate applied to my mortgage does not match the offer I signed, and I have overpaid 1,571 euros. After 3 contacts with the branch and the call centre, nothing has changed. I assume it is a mistake, but it needs to be resolved.",Resolved after investigation,485.17
CMP-001592,2025-11-20,Current account,Web form,Retail,34.0,6.4,2.0,149.66,2.0,3.0,28.0,132.0,-0.31,An unauthorised direct debit of 150 euros was taken from my current account on the 5th. This is my third attempt to get an answer from you. This is not the first time I have had to complain about this. I am very disappointed with how this has been handled.,Resolved after investigation,66.84
CMP-001593,2025-11-21,Current account,Phone,Retail,66.0,9.0,3.0,208.89,2.0,4.0,29.0,221.0,-0.31,"My current account was blocked for three days without any notice, and a transfer of 209 euros bounced. This is my fourth attempt to get an answer from you. This is not the first time I have had to complain about this. I am very disappointed with how this has been handled.",Resolved after investigation,42.57
CMP-001594,2025-11-21,Credit card,Web form,Affluent,64.0,9.7,5.0,2024.03,1.0,2.0,20.0,246.0,-0.25,"There is a transaction of 2,024 euros on my card statement that I never made. I expect a refund and a clear explanation.",Resolved after investigation,978.07
CMP-001595,2025-11-21,Credit card,Social media,Retail,32.0,5.0,3.0,268.14,1.0,3.0,36.0,136.0,-0.32,"There is a transaction of 268 euros on my card statement that I never made. After 3 contacts with the branch and the call centre, nothing has changed. I am very disappointed with how this has been handled.",Escalated to ombudsman,468.33
CMP-001596,2025-11-21,Current account,Mobile app,SME,46.0,12.1,5.0,250.85,1.0,0.0,13.0,174.0,-0.22,A transfer of 251 euros I sent on the 11th never reached the beneficiary and nobody can tell me where it is. This has caused me a lot of stress and wasted time.,Resolved at first contact,0.0
CMP-001597,2025-11-21,Current account,Phone,Retail,53.0,16.2,6.0,279.58,1.0,3.0,14.0,,,,Resolved at first contact,0.0
CMP-001598,2025-11-21,Personal loan,Branch,Retail,38.0,0.1,1.0,1449.91,1.0,3.0,16.0,177.0,-0.32,"I asked to repay my loan early and the fee applied, 1,450 euros, is far above what the contract says. After 3 contacts with the branch and the call centre, nothing has changed. I am very disappointed with how this has been handled.",Escalated to ombudsman,1122.77
CMP-001599,2025-11-21,Current account,Phone,Affluent,52.0,16.3,7.0,184.17,0.0,2.0,27.0,,,,Resolved after investigation,71.96
CMP-001600,2025-11-21,Current account,Email,SME,49.0,8.2,3.0,1431.45,1.0,2.0,31.0,107.0,-0.39,"My current account was blocked for three days without any notice, and a transfer of 1,431 euros bounced. This has caused me a lot of stress and wasted time.",Resolved at first contact,0.0
CMP-001601,2025-11-21,Mortgage,Web form,Retail,40.0,3.2,2.0,1360.75,2.0,3.0,63.0,311.0,-0.71,"My request to renegotiate the mortgage has been pending for weeks and the delay has cost me 1,361 euros. This is my third attempt to get an answer from you. This is not the first time I have had to complain about this. The problem dates back more than a month and is still open. I demand an immediate refund and a written apology.",Escalated to ombudsman,902.75
CMP-001602,2025-11-22,Credit card,Phone,Retail,,11.1,4.0,74.33,0.0,1.0,5.0,79.0,0.0,The cash-advance fee of 74 euros on my card is not the one stated in the terms. Please let me know what happened and how it will be fixed.,Resolved at first contact,0.0
CMP-001603,2025-11-22,Mortgage,Phone,Private,58.0,8.7,6.0,2096.18,1.0,2.0,39.0,81.0,-0.2,"My request to renegotiate the mortgage has been pending for weeks and the delay has cost me 2,096 euros. Please let me know what happened and how it will be fixed.",Resolved after investigation,499.65
CMP-001604,2025-11-23,Current account,Email,Retail,34.0,0.1,1.0,148.04,0.0,2.0,33.0,194.0,-0.44,An unauthorised direct debit of 148 euros was taken from my current account on the 12th. This has caused me a lot of stress and wasted time.,Resolved at first contact,0.0
CMP-001605,2025-11-24,Current account,Phone,Affluent,58.0,5.9,3.0,13.44,0.0,1.0,12.0,125.0,0.4,A transfer of 13 euros I sent on the 25th never reached the beneficiary and nobody can tell me where it is. Your staff have been helpful so far; I just need this last point solved.,Resolved at first contact,0.0
CMP-001606,2025-11-24,Current account,Phone,Retail,23.0,0.1,1.0,450.97,1.0,4.0,46.0,160.0,-0.83,A transfer of 451 euros I sent on the 16th never reached the beneficiary and nobody can tell me where it is. I have already called 4 times and nobody has called me back. The problem dates back more than a month and is still open. I demand an immediate refund and a written apology.,Resolved after investigation,74.77
CMP-001607,2025-11-24,Personal loan,Phone,Retail,54.0,9.8,4.0,231.78,0.0,2.0,5.0,,,,Resolved after investigation,60.38
CMP-001608,2025-11-24,Credit card,Phone,Affluent,45.0,9.6,4.0,242.94,0.0,3.0,3.0,174.0,0.03,"My card was charged twice for the same purchase of 243 euros. This is my third attempt to get an answer from you. I assume it is a mistake, but it needs to be resolved.",Resolved at first contact,0.0
CMP-001609,2025-11-24,Current account,Mobile app,Retail,41.0,2.9,2.0,290.77,0.0,2.0,6.0,126.0,-0.16,"My current account was blocked for three days without any notice, and a transfer of 291 euros bounced. Please let me know what happened and how it will be fixed.",Resolved at first contact,0.0
CMP-001610,2025-11-24,Current account,Web form,Affluent,50.0,10.2,5.0,125.8,0.0,1.0,19.0,100.0,-0.54,"My current account was blocked for three days without any notice, and a transfer of 126 euros bounced. I expect a refund and a clear explanation.",Resolved at first contact,0.0
CMP-001611,2025-11-24,Investments,Phone,Retail,63.0,16.0,6.0,263.42,2.0,1.0,39.0,,,,Resolved at first contact,0.0
CMP-001612,2025-11-24,Insurance,Social media,Retail,18.0,0.0,2.0,1227.38,1.0,3.0,46.0,185.0,-0.6,"My claim of 1,227 euros on the policy linked to my account was rejected without any explanation. I have already called 3 times and nobody has called me back. The problem dates back more than a month and is still open. If this is not resolved within a week I will take it to the ombudsman.",Escalated to ombudsman,905.98
CMP-001613,2025-11-24,Credit card,Branch,Retail,70.0,20.7,6.0,,0.0,4.0,41.0,193.0,-0.44,"My card was blocked while I was abroad and I had to pay 1,078 euros in cash with no explanation. After 4 contacts with the branch and the call centre, nothing has changed. I am very disappointed with how this has been handled.",Resolved after investigation,289.88
CMP-001614,2025-11-24,Mortgage,Mobile app,unknown,49.0,16.7,6.0,,0.0,3.0,32.0,161.0,-0.36,"My request to renegotiate the mortgage has been pending for weeks and the delay has cost me 6,015 euros. I have already called 3 times and nobody has called me back. This has caused me a lot of stress and wasted time.",Resolved after investigation,2426.09
CMP-001615,2025-11-24,Current account,Social media,Affluent,45.0,7.4,5.0,584.62,1.0,2.0,3.0,206.0,-0.24,"My current account was blocked for three days without any notice, and a transfer of 585 euros bounced. I am very disappointed with how this has been handled.",Resolved at first contact,0.0
CMP-001616,2025-11-24,Current account,Email,Affluent,51.0,3.8,3.0,605.14,1.0,2.0,24.0,158.0,-0.21,An unauthorised direct debit of 605 euros was taken from my current account on the 4th. I expect a refund and a clear explanation.,Resolved after investigation,273.92
CMP-001617,2025-11-24,Personal loan,Mobile app,Retail,61.0,10.0,3.0,,0.0,1.0,7.0,110.0,-0.13,The instalment taken for my loan is 159 euros higher than the amount agreed in the contract. I would like this to be checked and corrected.,Resolved at first contact,0.0
CMP-001618,2025-11-25,Investments,Web form,Retail,32.0,8.0,2.0,,2.0,4.0,46.0,270.0,-1.0,"I asked to sell my fund units on the 8th; the order was executed days later at a loss of 4,028 euros. After 4 contacts with the branch and the call centre, nothing has changed. This is not the first time I have had to complain about this. The problem dates back more than a month and is still open. This is unacceptable and I am furious.",Escalated to ombudsman,3884.63
CMP-001619,2025-11-25,Credit card,Mobile app,Affluent,72.0,3.0,3.0,,2.0,2.0,28.0,155.0,-0.6,"My card was charged twice for the same purchase of 1,286 euros. This is not the first time I have had to complain about this. I demand an immediate refund and a written apology.",Resolved at first contact,0.0
CMP-001620,2025-11-25,Credit card,Web form,Retail,54.0,10.2,4.0,325.44,1.0,2.0,17.0,251.0,-0.36,There is a transaction of 325 euros on my card statement that I never made. I am very disappointed with how this has been handled.,Resolved at first contact,0.0
CMP-001621,2025-11-25,Current account,Phone,Retail,60.0,12.7,5.0,85.19,1.0,1.0,21.0,,,,Resolved at first contact,0.0
CMP-001622,2025-11-25,Current account,Web form,Retail,39.0,2.2,2.0,288.63,0.0,4.0,38.0,219.0,-0.48,An unauthorised direct debit of 289 euros was taken from my current account on the 6th. I have already called 4 times and nobody has called me back. This has caused me a lot of stress and wasted time.,Resolved after investigation,33.59
CMP-001623,2025-11-26,Credit card,Phone,Retail,27.0,0.1,1.0,66.75,2.0,4.0,19.0,,,,Resolved after investigation,32.81
CMP-001624,2025-11-26,Credit card,Phone,Retail,30.0,4.9,2.0,157.74,1.0,2.0,37.0,138.0,-0.28,There is a transaction of 158 euros on my card statement that I never made. I am very disappointed with how this has been handled.,Resolved at first contact,0.0
CMP-001625,2025-11-26,Current account,Phone,Retail,58.0,11.9,5.0,197.31,2.0,3.0,32.0,206.0,-0.38,An unauthorised direct debit of 197 euros was taken from my current account on the 11th. This is my third attempt to get an answer from you. This is not the first time I have had to complain about this. I expect a refund and a clear explanation.,Resolved after investigation,64.56
CMP-001626,2025-11-26,Investments,Mobile app,Retail,26.0,8.0,4.0,3232.1,2.0,3.0,50.0,182.0,-0.67,"The costs of the investment product were never explained to me and I have paid 3,232 euros in charges. I have already called 3 times and nobody has called me back. This is not the first time I have had to complain about this. The problem dates back more than a month and is still open. This is unacceptable and I am furious.",Resolved after investigation,456.17
CMP-001627,2025-11-26,Insurance,Email,Retail,41.0,13.3,4.0,2907.57,2.0,6.0,49.0,271.0,-0.74,"The insurance policy was renewed and 2,908 euros charged although I had cancelled it in writing. I have already called 6 times and nobody has called me back. This is not the first time I have had to complain about this. The problem dates back more than a month and is still open. This is unacceptable and I am furious.",Escalated to ombudsman,3391.29
CMP-001628,2025-11-26,Current account,Mobile app,Retail,47.0,8.2,4.0,199.92,0.0,3.0,25.0,133.0,-0.56,"My current account was blocked for three days without any notice, and a transfer of 200 euros bounced. After 3 contacts with the branch and the call centre, nothing has changed. If this is not resolved within a week I will take it to the ombudsman.",Resolved at first contact,0.0
CMP-001629,2025-11-27,Credit card,Email,Retail,46.0,0.4,1.0,247.43,1.0,4.0,34.0,164.0,-0.42,There is a transaction of 247 euros on my card statement that I never made. This is my fourth attempt to get an answer from you. I expect a refund and a clear explanation.,Resolved after investigation,97.89
CMP-001630,2025-11-27,Credit card,Email,Private,61.0,15.2,6.0,766.95,0.0,4.0,11.0,181.0,-0.29,My card was blocked while I was abroad and I had to pay 767 euros in cash with no explanation. I have already called 4 times and nobody has called me back. I expect a refund and a clear explanation.,Resolved at first contact,0.0
CMP-001631,2025-11-28,Credit card,Web form,Retail,65.0,13.5,5.0,113.11,1.0,1.0,21.0,173.0,-0.05,The cash-advance fee of 113 euros on my card is not the one stated in the terms. Please let me know what happened and how it will be fixed.,Resolved at first contact,0.0
CMP-001632,2025-11-28,Insurance,Phone,Retail,45.0,13.8,5.0,617.8,2.0,3.0,23.0,,,,Resolved at first contact,0.0
CMP-001633,2025-11-28,Credit card,Web form,Affluent,67.0,12.9,4.0,1319.54,1.0,3.0,38.0,266.0,-0.57,"There is a transaction of 1,320 euros on my card statement that I never made. I have already called 3 times and nobody has called me back. I have never been treated so badly by a bank.",Escalated to ombudsman,604.18
CMP-001634,2025-11-28,Mortgage,Email,Affluent,,11.7,5.0,270.22,0.0,3.0,26.0,182.0,-0.11,An insurance premium of 270 euros was added to my mortgage instalment without my consent. I have already called 3 times and nobody has called me back. I would like this to be checked and corrected.,Resolved at first contact,0.0
CMP-001635,2025-11-28,Mortgage,Phone,Retail,35.0,10.8,4.0,438.94,1.0,0.0,26.0,,,,Resolved at first contact,0.0
CMP-001636,2025-11-28,Credit card,Phone,Retail,38.0,3.6,2.0,41.07,0.0,2.0,19.0,,,,Resolved at first contact,0.0
CMP-001637,2025-11-28,Mortgage,Branch,SME,61.0,13.9,4.0,1273.13,0.0,2.0,39.0,175.0,-0.08,"An insurance premium of 1,273 euros was added to my mortgage instalment without my consent. I assume it is a mistake, but it needs to be resolved.",Resolved after investigation,305.6
CMP-001638,2025-11-29,Current account,Phone,Retail,57.0,21.7,8.0,297.39,1.0,3.0,26.0,,,,Resolved after investigation,130.7
CMP-001639,2025-11-30,Credit card,Web form,Retail,65.0,7.0,2.0,606.87,2.0,4.0,24.0,187.0,-0.43,"There is a transaction of 607 euros on my card statement that I never made. After 4 contacts with the branch and the call centre, nothing has changed. This is not the first time I have had to complain about this. I am very disappointed with how this has been handled.",Resolved after investigation,121.06
CMP-001640,2025-11-30,Investments,Phone,Affluent,52.0,9.1,4.0,568.02,0.0,0.0,32.0,,,,Resolved after investigation,150.7
CMP-001641,2025-11-30,Current account,Phone,Retail,57.0,8.7,5.0,714.45,2.0,3.0,46.0,252.0,-0.33,"My current account was blocked for three days without any notice, and a transfer of 714 euros bounced. After 3 contacts with the branch and the call centre, nothing has changed. This is not the first time I have had to complain about this. The problem dates back more than a month and is still open. This has caused me a lot of stress and wasted time.",Resolved after investigation,243.9
CMP-001642,2025-12-01,Credit card,Phone,Private,66.0,3.8,4.0,2018.67,1.0,2.0,41.0,236.0,-0.56,"My card was charged twice for the same purchase of 2,019 euros. This is unacceptable and I am furious.",Escalated to ombudsman,867.47
CMP-001643,2025-12-01,Investments,Mobile app,SME,58.0,15.6,6.0,1494.81,0.0,0.0,30.0,163.0,-0.18,"The costs of the investment product were never explained to me and I have paid 1,495 euros in charges. Please let me know what happened and how it will be fixed.",Resolved at first contact,0.0
CMP-001644,2025-12-01,Mortgage,Email,Retail,48.0,1.1,1.0,185.74,1.0,3.0,40.0,158.0,-0.2,"My request to renegotiate the mortgage has been pending for weeks and the delay has cost me 186 euros. After 3 contacts with the branch and the call centre, nothing has changed. I assume it is a mistake, but it needs to be resolved.",Resolved at first contact,0.0
CMP-001645,2025-12-01,Investments,Web form,Affluent,60.0,27.2,8.0,1449.03,0.0,0.0,19.0,141.0,-0.01,"I asked to sell my fund units on the 9th; the order was executed days later at a loss of 1,449 euros. I assume it is a mistake, but it needs to be resolved.",Resolved at first contact,0.0
CMP-001646,2025-12-01,Investments,Email,Retail,63.0,7.0,4.0,964.09,1.0,1.0,36.0,121.0,-0.18,My advisor moved my savings into a fund I never approved and the position is now 964 euros below what I invested. Please let me know what happened and how it will be fixed.,Resolved after investigation,314.35
CMP-001647,2025-12-01,Insurance,Phone,Retail,71.0,14.9,6.0,153.09,2.0,3.0,34.0,246.0,-0.25,The insurance policy was renewed and 153 euros charged although I had cancelled it in writing. I have already called 3 times and nobody has called me back. This is not the first time I have had to complain about this. I am very disappointed with how this has been handled.,Resolved after investigation,68.95
CMP-001648,2025-12-01,Current account,Phone,Retail,41.0,0.3,1.0,878.91,1.0,2.0,15.0,,,,Resolved at first contact,0.0
CMP-001649,2025-12-01,Mortgage,Email,Retail,43.0,5.7,3.0,3681.17,1.0,4.0,52.0,221.0,-0.52,"An insurance premium of 3,681 euros was added to my mortgage instalment without my consent. I have already called 4 times and nobody has called me back. The problem dates back more than a month and is still open. This has caused me a lot of stress and wasted time.",Escalated to ombudsman,4444.31
CMP-001650,2025-12-01,Credit card,Branch,Retail,71.0,15.8,5.0,244.82,2.0,2.0,11.0,,,,Resolved at first contact,0.0
CMP-001651,2025-12-01,Credit card,Mobile app,Affluent,45.0,5.1,3.0,253.95,0.0,0.0,13.0,86.0,-0.11,There is a transaction of 254 euros on my card statement that I never made. I would like this to be checked and corrected.,Resolved at first contact,0.0
CMP-001652,2025-12-01,Mortgage,Mobile app,Retail,50.0,8.6,4.0,,3.0,3.0,66.0,294.0,-0.33,"The interest rate applied to my mortgage does not match the offer I signed, and I have overpaid 2,692 euros. After 3 contacts with the branch and the call centre, nothing has changed. This is not the first time I have had to complain about this. The problem dates back more than a month and is still open. I expect a refund and a clear explanation.",Resolved after investigation,428.17
CMP-001653,2025-12-01,Current account,Branch,Affluent,55.0,11.0,5.0,3038.62,2.0,4.0,38.0,163.0,-0.58,"A transfer of 3,039 euros I sent on the 8th never reached the beneficiary and nobody can tell me where it is. This is my fourth attempt to get an answer from you. This is not the first time I have had to complain about this. I demand an immediate refund and a written apology.",Resolved after investigation,333.88
CMP-001654,2025-12-01,Personal loan,Email,Retail,47.0,6.0,2.0,460.35,2.0,5.0,32.0,200.0,-0.49,The instalment taken for my loan is 460 euros higher than the amount agreed in the contract. This is my fifth attempt to get an answer from you. This is not the first time I have had to complain about this. I am very disappointed with how this has been handled.,Resolved after investigation,139.7
CMP-001655,2025-12-02,Current account,Phone,Affluent,43.0,4.2,5.0,191.54,1.0,0.0,18.0,100.0,-0.06,A transfer of 192 euros I sent on the 14th never reached the beneficiary and nobody can tell me where it is. Please let me know what happened and how it will be fixed.,Resolved at first contact,0.0
CMP-001656,2025-12-02,Current account,Social media,Affluent,37.0,0.1,3.0,4237.06,3.0,6.0,48.0,293.0,-1.0,"My current account was blocked for three days without any notice, and a transfer of 4,237 euros bounced. I have already called 6 times and nobody has called me back. This is not the first time I have had to complain about this. The problem dates back more than a month and is still open. I have never been treated so badly by a bank.",Escalated to ombudsman,1570.93
CMP-001657,2025-12-02,Personal loan,Social media,Retail,59.0,17.0,5.0,320.89,1.0,3.0,18.0,134.0,-0.35,The instalment taken for my loan is 321 euros higher than the amount agreed in the contract. I have already called 3 times and nobody has called me back. I am very disappointed with how this has been handled.,Resolved after investigation,108.61
CMP-001658,2025-12-02,Insurance,Web form,Retail,33.0,6.8,4.0,153.2,0.0,3.0,0.0,146.0,-0.7,The insurance policy was renewed and 153 euros charged although I had cancelled it in writing. I have already called 3 times and nobody has called me back. This is unacceptable and I am furious.,Resolved after investigation,64.02
CMP-001659,2025-12-02,Investments,Email,Retail,63.0,7.4,3.0,1633.97,1.0,3.0,35.0,225.0,-0.59,"The costs of the investment product were never explained to me and I have paid 1,634 euros in charges. After 3 contacts with the branch and the call centre, nothing has changed. I have never been treated so badly by a bank.",Resolved after investigation,661.6
CMP-001660,2025-12-03,Investments,Social media,Retail,27.0,2.9,2.0,4959.11,2.0,4.0,56.0,264.0,-0.48,"The costs of the investment product were never explained to me and I have paid 4,959 euros in charges. After 4 contacts with the branch and the call centre, nothing has changed. This is not the first time I have had to complain about this. The problem dates back more than a month and is still open. I am very disappointed with how this has been handled.",Escalated to ombudsman,5432.78
CMP-001661,2025-12-03,Investments,Phone,Retail,71.0,12.4,4.0,2356.28,1.0,2.0,48.0,169.0,-0.14,"The costs of the investment product were never explained to me and I have paid 2,356 euros in charges. The problem dates back more than a month and is still open. I would like this to be checked and corrected.",Resolved after investigation,748.53
CMP-001662,2025-12-03,Mortgage,Branch,Affluent,62.0,12.5,6.0,875.78,1.0,3.0,28.0,,,,Resolved at first contact,0.0
CMP-001663,2025-12-03,Mortgage,Branch,Retail,59.0,16.1,5.0,6099.24,2.0,4.0,60.0,,,,Escalated to ombudsman,2534.7
CMP-001664,2025-12-03,Insurance,Email,Retail,45.0,0.1,1.0,332.88,1.0,2.0,20.0,,,,Resolved after investigation,106.88
CMP-001665,2025-12-04,Insurance,Email,Retail,42.0,4.3,4.0,20.24,0.0,1.0,7.0,129.0,-0.58,The insurance policy was renewed and 20 euros charged although I had cancelled it in writing. If this is not resolved within a week I will take it to the ombudsman.,Resolved at first contact,0.0
CMP-001666,2025-12-04,Current account,Email,Retail,36.0,2.1,2.0,12.04,0.0,2.0,2.0,126.0,0.37,A transfer of 12 euros I sent on the 17th never reached the beneficiary and nobody can tell me where it is. Thank you in advance for looking into it.,Resolved at first contact,0.0
CMP-001667,2025-12-04,Current account,Phone,Retail,52.0,0.1,1.0,728.0,2.0,3.0,15.0,248.0,-0.4,An unauthorised direct debit of 728 euros was taken from my current account on the 16th. This is my third attempt to get an answer from you. This is not the first time I have had to complain about this. This has caused me a lot of stress and wasted time.,Escalated to ombudsman,677.67
CMP-001668,2025-12-04,Current account,Branch,Retail,72.0,17.9,7.0,57.29,0.0,0.0,8.0,,,,Resolved at first contact,0.0
CMP-001669,2025-12-04,Credit card,Mobile app,Retail,22.0,4.0,2.0,347.68,0.0,3.0,39.0,166.0,-0.71,My card was blocked while I was abroad and I had to pay 348 euros in cash with no explanation. I have already called 3 times and nobody has called me back. This is unacceptable and I am furious.,Resolved at first contact,0.0
CMP-001670,2025-12-04,Credit card,Phone,Retail,54.0,17.8,6.0,107.84,0.0,1.0,26.0,,,,Resolved at first contact,0.0
CMP-001671,2025-12-04,Investments,Phone,Affluent,55.0,10.8,6.0,1031.87,1.0,4.0,42.0,120.0,-0.48,"The costs of the investment product were never explained to me and I have paid 1,032 euros in charges. After 4 contacts with the branch and the call centre, nothing has changed. I expect a refund and a clear explanation.",Escalated to ombudsman,1133.3
CMP-001672,2025-12-06,Insurance,Mobile app,Retail,36.0,0.1,1.0,,1.0,2.0,29.0,125.0,-0.1,"My claim of 364 euros on the policy linked to my account was rejected without any explanation. I assume it is a mistake, but it needs to be resolved.",Resolved at first contact,0.0
CMP-001673,2025-12-07,Mortgage,Mobile app,Affluent,59.0,14.2,7.0,1323.68,0.0,1.0,40.0,143.0,-0.16,"An insurance premium of 1,324 euros was added to my mortgage instalment without my consent. I would like this to be checked and corrected.",Resolved after investigation,148.34
CMP-001674,2025-12-08,Personal loan,Mobile app,Affluent,37.0,6.2,4.0,357.93,0.0,1.0,12.0,131.0,-0.05,The instalment taken for my loan is 358 euros higher than the amount agreed in the contract. Please let me know what happened and how it will be fixed.,Resolved at first contact,0.0
CMP-001675,2025-12-08,Personal loan,Email,Retail,47.0,17.6,6.0,442.87,1.0,1.0,23.0,164.0,-0.47,My loan application was rejected after 6 days and the 443 euros I paid for the appraisal were not refunded. I am very disappointed with how this has been handled.,Resolved after investigation,101.35
CMP-001676,2025-12-08,Current account,Phone,SME,57.0,16.3,6.0,,2.0,0.0,27.0,214.0,-0.35,"A transfer of 1,634 euros I sent on the 6th never reached the beneficiary and nobody can tell me where it is. This is not the first time I have had to complain about this. This has caused me a lot of stress and wasted time.",Resolved after investigation,0.0
CMP-001677,2025-12-08,Personal loan,Branch,SME,69.0,24.4,8.0,,2.0,3.0,35.0,,,,Escalated to ombudsman,8324.99
CMP-001678,2025-12-08,Investments,Phone,Retail,23.0,0.1,1.0,1775.1,1.0,3.0,32.0,,,,Resolved after investigation,568.48
CMP-001679,2025-12-08,Credit card,Social media,Retail,37.0,2.0,2.0,234.99,1.0,3.0,27.0,245.0,-0.65,My card was charged twice for the same purchase of 235 euros. I have already called 3 times and nobody has called me back. If this is not resolved within a week I will take it to the ombudsman.,Resolved at first contact,0.0
CMP-001680,2025-12-08,Credit card,Web form,unknown,48.0,17.8,6.0,321.6,1.0,2.0,16.0,137.0,-0.07,"There is a transaction of 322 euros on my card statement that I never made. I assume it is a mistake, but it needs to be resolved.",Resolved after investigation,0.0
CMP-001681,2025-12-08,Current account,Phone,unknown,43.0,10.1,4.0,135.74,1.0,2.0,25.0,,,,Resolved at first contact,0.0
CMP-001682,2025-12-08,Personal loan,Branch,Retail,56.0,8.5,3.0,370.14,1.0,3.0,13.0,,,,Resolved at first contact,0.0
CMP-001683,2025-12-08,Current account,Mobile app,Private,36.0,4.7,3.0,183.57,1.0,1.0,36.0,188.0,-0.11,An unauthorised direct debit of 184 euros was taken from my current account on the 25th. I would like this to be checked and corrected.,Resolved after investigation,28.04
CMP-001684,2025-12-09,Current account,Branch,Retail,61.0,6.2,3.0,252.65,1.0,6.0,37.0,,,,Resolved after investigation,56.92
CMP-001685,2025-12-09,Credit card,Email,SME,58.0,13.1,4.0,865.12,1.0,2.0,24.0,167.0,-0.18,The cash-advance fee of 865 euros on my card is not the one stated in the terms. Please let me know what happened and how it will be fixed.,Resolved at first contact,0.0
CMP-001686,2025-12-10,Current account,Phone,Retail,,10.2,5.0,980.31,1.0,4.0,16.0,163.0,-0.02,"I was charged 980 euros in fees that were never mentioned when I opened the account. After 4 contacts with the branch and the call centre, nothing has changed. Please let me know what happened and how it will be fixed.",Resolved after investigation,295.66
CMP-001687,2025-12-10,Current account,Branch,Retail,33.0,3.6,3.0,94.69,1.0,2.0,25.0,,,,Resolved at first contact,0.0
CMP-001688,2025-12-10,Mortgage,Email,Retail,54.0,10.7,4.0,604.39,2.0,1.0,41.0,189.0,-0.46,My request to renegotiate the mortgage has been pending for weeks and the delay has cost me 604 euros. This is not the first time I have had to complain about this. I expect a refund and a clear explanation.,Resolved after investigation,96.72
CMP-001689,2025-12-10,Investments,Mobile app,Retail,39.0,4.8,1.0,339.96,1.0,1.0,25.0,97.0,-0.04,"I asked to sell my fund units on the 27th; the order was executed days later at a loss of 340 euros. I assume it is a mistake, but it needs to be resolved.",Resolved after investigation,127.52
CMP-001690,2025-12-10,Credit card,Branch,Retail,60.0,8.6,3.0,75.8,0.0,1.0,19.0,141.0,-0.47,My card was blocked while I was abroad and I had to pay 76 euros in cash with no explanation. This has caused me a lot of stress and wasted time.,Resolved at first contact,0.0
CMP-001691,2025-12-10,Insurance,Phone,Affluent,64.0,17.8,8.0,650.63,2.0,2.0,12.0,161.0,-0.25,My claim of 651 euros on the policy linked to my account was rejected without any explanation. This is not the first time I have had to complain about this. I expect a refund and a clear explanation.,Resolved after investigation,287.15
CMP-001692,2025-12-10,Personal loan,Mobile app,Retail,40.0,0.1,2.0,1149.27,1.0,3.0,12.0,102.0,-0.21,"I asked to repay my loan early and the fee applied, 1,149 euros, is far above what the contract says. This is my third attempt to get an answer from you. I expect a refund and a clear explanation.",Resolved after investigation,0.0
CMP-001693,2025-12-11,Credit card,Phone,Retail,47.0,3.6,3.0,152.55,0.0,2.0,30.0,,,,Resolved at first contact,0.0
CMP-001694,2025-12-11,Current account,Phone,Retail,58.0,14.7,5.0,283.25,2.0,4.0,39.0,,,,Resolved after investigation,85.38
CMP-001695,2025-12-12,Mortgage,Mobile app,Retail,42.0,8.5,3.0,1169.48,1.0,4.0,54.0,204.0,-0.17,"An insurance premium of 1,169 euros was added to my mortgage instalment without my consent. I have already called 4 times and nobody has called me back. The problem dates back more than a month and is still open. I would like this to be checked and corrected.",Resolved after investigation,256.72
CMP-001696,2025-12-12,Mortgage,Social media,Affluent,43.0,9.2,5.0,3457.54,1.0,3.0,39.0,103.0,-0.29,"My request to renegotiate the mortgage has been pending for weeks and the delay has cost me 3,458 euros. After 3 contacts with the branch and the call centre, nothing has changed. I am very disappointed with how this has been handled.",Resolved after investigation,781.01
CMP-001697,2025-12-12,Investments,Email,Affluent,69.0,8.1,5.0,3691.16,1.0,2.0,38.0,182.0,-0.35,"The costs of the investment product were never explained to me and I have paid 3,691 euros in charges. I expect a refund and a clear explanation.",Resolved after investigation,1388.96
CMP-001698,2025-12-12,Credit card,Mobile app,Retail,53.0,12.4,5.0,345.76,1.0,4.0,25.0,229.0,-0.48,"There is a transaction of 346 euros on my card statement that I never made. After 4 contacts with the branch and the call centre, nothing has changed. I expect a refund and a clear explanation.",Resolved after investigation,104.1
CMP-001699,2025-12-15,Current account,Mobile app,Affluent,47.0,3.7,3.0,788.35,4.0,5.0,40.0,251.0,-0.95,I was charged 788 euros in fees that were never mentioned when I opened the account. I have already called 5 times and nobody has called me back. This is not the first time I have had to complain about this. I have never been treated so badly by a bank.,Resolved after investigation,205.95
CMP-001700,2025-12-15,Insurance,Branch,Retail,49.0,2.3,2.0,144.76,1.0,3.0,13.0,121.0,-0.26,My claim of 145 euros on the policy linked to my account was rejected without any explanation. This is my third attempt to get an answer from you. I expect a refund and a clear explanation.,Resolved at first contact,0.0
CMP-001701,2025-12-15,Mortgage,Email,Retail,39.0,9.8,4.0,957.35,1.0,3.0,28.0,126.0,-0.07,"My request to renegotiate the mortgage has been pending for weeks and the delay has cost me 957 euros. This is my third attempt to get an answer from you. I assume it is a mistake, but it needs to be resolved.",Resolved after investigation,266.38
CMP-001702,2025-12-15,Credit card,Mobile app,Affluent,33.0,12.0,6.0,4895.31,2.0,2.0,41.0,281.0,-0.47,"There is a transaction of 4,895 euros on my card statement that I never made. This is not the first time I have had to complain about this. This has caused me a lot of stress and wasted time.",Resolved after investigation,1643.38
CMP-001703,2025-12-15,Credit card,Email,Retail,41.0,7.5,3.0,,2.0,3.0,25.0,191.0,-0.42,The cash-advance fee of 110 euros on my card is not the one stated in the terms. This is my third attempt to get an answer from you. This is not the first time I have had to complain about this. This has caused me a lot of stress and wasted time.,Resolved after investigation,33.96
CMP-001704,2025-12-15,Mortgage,Email,Retail,53.0,12.7,4.0,527.33,0.0,4.0,27.0,217.0,-0.24,An insurance premium of 527 euros was added to my mortgage instalment without my consent. I have already called 4 times and nobody has called me back. I am very disappointed with how this has been handled.,Resolved at first contact,0.0
CMP-001705,2025-12-15,Personal loan,Email,Retail,50.0,7.4,4.0,1033.33,2.0,3.0,21.0,171.0,-0.81,"I asked to repay my loan early and the fee applied, 1,033 euros, is far above what the contract says. This is my third attempt to get an answer from you. This is not the first time I have had to complain about this. If this is not resolved within a week I will take it to the ombudsman.",Escalated to ombudsman,1284.74
CMP-001706,2025-12-15,Mortgage,Phone,Affluent,56.0,15.3,7.0,,1.0,4.0,52.0,,,,Resolved after investigation,0.0
CMP-001707,2025-12-15,Current account,Phone,SME,75.0,18.0,6.0,831.17,2.0,3.0,35.0,,,,Resolved at first contact,0.0
CMP-001708,2025-12-15,Personal loan,Mobile app,Retail,46.0,11.9,5.0,385.51,2.0,5.0,25.0,148.0,-0.53,"My loan application was rejected after 18 days and the 386 euros I paid for the appraisal were not refunded. After 5 contacts with the branch and the call centre, nothing has changed. This is not the first time I have had to complain about this. I am very disappointed with how this has been handled.",Resolved at first contact,0.0
CMP-001709,2025-12-15,Mortgage,Phone,Retail,36.0,2.7,1.0,667.51,1.0,0.0,30.0,,,,Resolved after investigation,200.79
CMP-001710,2025-12-15,Personal loan,Phone,Affluent,40.0,10.3,6.0,193.16,0.0,1.0,6.0,154.0,-0.21,The instalment taken for my loan is 193 euros higher than the amount agreed in the contract. I expect a refund and a clear explanation.,Resolved at first contact,0.0
CMP-001711,2025-12-15,Credit card,Branch,Affluent,74.0,18.4,7.0,329.18,0.0,1.0,8.0,,,,Resolved at first contact,0.0
CMP-001712,2025-12-15,Mortgage,Branch,Affluent,,16.7,6.0,1086.73,0.0,0.0,28.0,,,,Resolved at first contact,0.0
CMP-001713,2025-12-15,Credit card,Phone,Retail,45.0,4.1,3.0,175.51,1.0,4.0,30.0,,,,Resolved at first contact,0.0
CMP-001714,2025-12-16,Current account,Phone,SME,49.0,5.4,2.0,695.85,1.0,2.0,23.0,177.0,-0.49,A transfer of 696 euros I sent on the 9th never reached the beneficiary and nobody can tell me where it is. I am very disappointed with how this has been handled.,Resolved after investigation,211.14
CMP-001715,2025-12-16,Current account,Phone,Retail,61.0,14.1,6.0,94.54,2.0,2.0,25.0,164.0,-0.64,"My current account was blocked for three days without any notice, and a transfer of 95 euros bounced. This is not the first time I have had to complain about this. This is unacceptable and I am furious.",Resolved at first contact,0.0
CMP-001716,2025-12-16,Investments,Branch,Affluent,75.0,12.2,6.0,6151.8,2.0,4.0,47.0,,,,Escalated to ombudsman,4278.93
CMP-001717,2025-12-16,Credit card,Phone,Retail,56.0,16.6,6.0,1310.33,2.0,3.0,42.0,,,,Escalated to ombudsman,867.06
CMP-001718,2025-12-16,Personal loan,Mobile app,Affluent,34.0,0.1,3.0,468.86,1.0,2.0,24.0,220.0,-0.5,The instalment taken for my loan is 469 euros higher than the amount agreed in the contract. This has caused me a lot of stress and wasted time.,Resolved at first contact,0.0
CMP-001719,2025-12-17,Credit card,Mobile app,Retail,20.0,0.1,2.0,460.91,2.0,0.0,34.0,195.0,-0.35,My card was blocked while I was abroad and I had to pay 461 euros in cash with no explanation. This is not the first time I have had to complain about this. I expect a refund and a clear explanation.,Resolved after investigation,111.61
CMP-001720,2025-12-17,Credit card,Phone,Retail,53.0,13.4,4.0,1221.45,1.0,4.0,44.0,,,,Resolved after investigation,427.4
CMP-001721,2025-12-17,Mortgage,Branch,Retail,48.0,4.8,3.0,6851.65,2.0,4.0,49.0,,,,Escalated to ombudsman,2377.12
CMP-001722,2025-12-17,Credit card,Branch,Affluent,61.0,12.0,5.0,171.01,0.0,1.0,26.0,112.0,-0.33,There is a transaction of 171 euros on my card statement that I never made. I am very disappointed with how this has been handled.,Resolved after investigation,81.63
CMP-001723,2025-12-18,Investments,Phone,Retail,63.0,15.6,6.0,,1.0,1.0,22.0,,,,Resolved at first contact,0.0
CMP-001724,2025-12-18,Current account,Social media,Retail,29.0,8.2,5.0,472.44,2.0,4.0,18.0,188.0,-0.52,"My current account was blocked for three days without any notice, and a transfer of 472 euros bounced. After 4 contacts with the branch and the call centre, nothing has changed. This is not the first time I have had to complain about this. This has caused me a lot of stress and wasted time.",Resolved after investigation,80.06
CMP-001725,2025-12-18,Credit card,Web form,Affluent,41.0,5.8,4.0,144.23,1.0,2.0,14.0,183.0,-0.15,"My card was blocked while I was abroad and I had to pay 144 euros in cash with no explanation. I assume it is a mistake, but it needs to be resolved.",Resolved after investigation,58.88
CMP-001726,2025-12-18,Investments,Web form,unknown,,5.0,3.0,172.75,1.0,0.0,29.0,115.0,-0.2,I asked to sell my fund units on the 14th; the order was executed days later at a loss of 173 euros. I would like this to be checked and corrected.,Resolved at first contact,0.0
CMP-001727,2025-12-18,Personal loan,Phone,Private,65.0,12.9,6.0,266.47,1.0,0.0,0.0,34.0,0.08,"The instalment taken for my loan is 266 euros higher than the amount agreed in the contract. I assume it is a mistake, but it needs to be resolved.",Resolved at first contact,0.0
CMP-001728,2025-12-18,Credit card,Phone,Affluent,71.0,10.1,6.0,333.76,1.0,4.0,35.0,165.0,-0.43,There is a transaction of 334 euros on my card statement that I never made. I have already called 4 times and nobody has called me back. This has caused me a lot of stress and wasted time.,Resolved after investigation,110.09
CMP-001729,2025-12-18,Current account,Phone,Affluent,64.0,23.3,8.0,629.07,3.0,2.0,39.0,,,,Resolved after investigation,106.28
CMP-001730,2025-12-18,Insurance,Phone,Retail,66.0,8.9,4.0,1731.35,2.0,3.0,39.0,,,,Resolved after investigation,0.0
CMP-001731,2025-12-18,Current account,Phone,Affluent,42.0,3.6,3.0,551.56,1.0,3.0,51.0,242.0,-0.81,"A transfer of 552 euros I sent on the 24th never reached the beneficiary and nobody can tell me where it is. After 3 contacts with the branch and the call centre, nothing has changed. The problem dates back more than a month and is still open. I demand an immediate refund and a written apology.",Escalated to ombudsman,817.02
CMP-001732,2025-12-19,Credit card,Email,Affluent,76.0,20.4,8.0,385.88,0.0,2.0,24.0,159.0,-0.36,My card was blocked while I was abroad and I had to pay 386 euros in cash with no explanation. I expect a refund and a clear explanation.,Resolved after investigation,56.95
CMP-001733,2025-12-19,Mortgage,Mobile app,Retail,39.0,9.0,3.0,1116.89,0.0,2.0,40.0,,,,Resolved at first contact,0.0
CMP-001734,2025-12-19,Current account,Email,Affluent,42.0,1.9,3.0,453.91,0.0,1.0,9.0,175.0,-0.46,I was charged 454 euros in fees that were never mentioned when I opened the account. This has caused me a lot of stress and wasted time.,Resolved at first contact,0.0
CMP-001735,2025-12-19,Current account,Email,Retail,27.0,0.1,3.0,91.38,0.0,1.0,16.0,139.0,-0.02,An unauthorised direct debit of 91 euros was taken from my current account on the 6th. Please let me know what happened and how it will be fixed.,Resolved at first contact,0.0
CMP-001736,2025-12-19,Mortgage,Phone,SME,52.0,13.6,5.0,,2.0,2.0,49.0,,,,Escalated to ombudsman,7170.42
CMP-001737,2025-12-19,Investments,Web form,Retail,37.0,5.1,3.0,744.34,2.0,5.0,46.0,234.0,-0.68,"My advisor moved my savings into a fund I never approved and the position is now 744 euros below what I invested. After 5 contacts with the branch and the call centre, nothing has changed. This is not the first time I have had to complain about this. The problem dates back more than a month and is still open. I have never been treated so badly by a bank.",Escalated to ombudsman,633.18
CMP-001738,2025-12-19,Mortgage,Email,Retail,57.0,10.0,3.0,713.29,0.0,1.0,22.0,116.0,-0.11,My request to renegotiate the mortgage has been pending for weeks and the delay has cost me 713 euros. I would like this to be checked and corrected.,Resolved at first contact,0.0
CMP-001739,2025-12-19,Personal loan,Phone,Affluent,75.0,17.2,7.0,1840.85,3.0,6.0,40.0,249.0,-0.34,"I asked to repay my loan early and the fee applied, 1,841 euros, is far above what the contract says. This is my sixth attempt to get an answer from you. This is not the first time I have had to complain about this. I am very disappointed with how this has been handled.",Escalated to ombudsman,1052.2
CMP-001740,2025-12-19,Credit card,Mobile app,Retail,43.0,17.2,5.0,774.26,2.0,3.0,21.0,234.0,-0.66,My card was charged twice for the same purchase of 774 euros. I have already called 3 times and nobody has called me back. This is not the first time I have had to complain about this. I have never been treated so badly by a bank.,Escalated to ombudsman,1128.25
CMP-001741,2025-12-19,Credit card,Web form,Retail,60.0,13.2,5.0,1231.2,2.0,3.0,38.0,290.0,-0.39,"There is a transaction of 1,231 euros on my card statement that I never made. This is my third attempt to get an answer from you. This is not the first time I have had to complain about this. I expect a refund and a clear explanation.",Resolved after investigation,455.73
CMP-001742,2025-12-20,Current account,Web form,Retail,46.0,12.0,4.0,401.55,2.0,2.0,35.0,158.0,-0.61,An unauthorised direct debit of 402 euros was taken from my current account on the 24th. This is not the first time I have had to complain about this. If this is not resolved within a week I will take it to the ombudsman.,Escalated to ombudsman,375.94
CMP-001743,2025-12-21,Credit card,Social media,Retail,,8.8,4.0,818.29,0.0,2.0,13.0,184.0,-0.29,My card was charged twice for the same purchase of 818 euros. This has caused me a lot of stress and wasted time.,Resolved after investigation,84.78
CMP-001744,2025-12-22,Mortgage,Web form,Retail,43.0,8.3,4.0,1842.87,3.0,5.0,58.0,225.0,-0.63,"My request to renegotiate the mortgage has been pending for weeks and the delay has cost me 1,843 euros. This is my fifth attempt to get an answer from you. This is not the first time I have had to complain about this. The problem dates back more than a month and is still open. If this is not resolved within a week I will take it to the ombudsman.",Escalated to ombudsman,1760.28
CMP-001745,2025-12-22,Personal loan,Phone,Retail,61.0,17.4,6.0,1185.22,2.0,5.0,27.0,189.0,-0.18,"My loan application was rejected after 24 days and the 1,185 euros I paid for the appraisal were not refunded. I have already called 5 times and nobody has called me back. This is not the first time I have had to complain about this. I would like this to be checked and corrected.",Resolved after investigation,149.63
CMP-001746,2025-12-22,Personal loan,Email,Retail,48.0,10.1,5.0,1216.83,1.0,5.0,22.0,,,,Resolved at first contact,0.0
CMP-001747,2025-12-22,Credit card,Phone,Retail,56.0,1.0,1.0,397.79,2.0,4.0,35.0,,,,Escalated to ombudsman,590.99
CMP-001748,2025-12-22,Current account,Phone,Retail,38.0,6.3,2.0,835.65,3.0,4.0,45.0,,,,Resolved after investigation,353.48
CMP-001749,2025-12-22,Investments,Email,Retail,39.0,18.1,6.0,133.25,0.0,0.0,28.0,38.0,0.49,"My advisor moved my savings into a fund I never approved and the position is now 133 euros below what I invested. I have always been happy with the bank, so I am sure this can be sorted out quickly.",Resolved at first contact,0.0
CMP-001750,2025-12-22,Current account,Email,Retail,22.0,4.0,5.0,851.87,2.0,0.0,40.0,53.0,0.18,"I was charged 852 euros in fees that were never mentioned when I opened the account. This is not the first time I have had to complain about this. I assume it is a mistake, but it needs to be resolved.",Resolved at first contact,0.0
CMP-001751,2025-12-22,Current account,Email,Retail,43.0,6.6,3.0,480.25,1.0,2.0,17.0,138.0,-0.43,A transfer of 480 euros I sent on the 18th never reached the beneficiary and nobody can tell me where it is. I expect a refund and a clear explanation.,Resolved after investigation,116.01
CMP-001752,2025-12-23,Insurance,Phone,Retail,77.0,21.2,6.0,125.96,1.0,3.0,15.0,180.0,-0.42,The insurance policy was renewed and 126 euros charged although I had cancelled it in writing. This is my third attempt to get an answer from you. I expect a refund and a clear explanation.,Resolved after investigation,33.02
CMP-001753,2025-12-23,Mortgage,Phone,Retail,27.0,0.1,1.0,366.44,1.0,2.0,45.0,,,,Resolved after investigation,54.38
CMP-001754,2025-12-23,Current account,Phone,Retail,,3.0,1.0,919.74,1.0,4.0,27.0,,,,Resolved at first contact,0.0
CMP-001755,2025-12-23,Credit card,Email,Retail,50.0,21.8,8.0,54108.0,1.0,5.0,36.0,145.0,-0.62,My card was charged twice for the same purchase of 541 euros. This is my fifth attempt to get an answer from you. This is unacceptable and I am furious.,Resolved after investigation,190.72
CMP-001756,2025-12-23,Credit card,Phone,SME,44.0,5.4,2.0,,2.0,2.0,16.0,,,,Resolved after investigation,1200.51
CMP-001757,2025-12-24,Current account,Phone,Retail,60.0,1.8,2.0,509.7,2.0,2.0,30.0,,,,Resolved at first contact,0.0
CMP-001758,2025-12-24,Personal loan,Phone,Private,46.0,4.5,5.0,1378.62,2.0,2.0,37.0,,,,Escalated to ombudsman,624.2
CMP-001759,2025-12-24,Mortgage,Web form,Retail,,1.3,2.0,1507.69,1.0,3.0,38.0,192.0,-0.66,"The interest rate applied to my mortgage does not match the offer I signed, and I have overpaid 1,508 euros. I have already called 3 times and nobody has called me back. I demand an immediate refund and a written apology.",Resolved after investigation,461.11
CMP-001760,2025-12-24,Personal loan,Phone,Affluent,58.0,18.5,7.0,,2.0,4.0,37.0,262.0,-0.74,"The instalment taken for my loan is 4,123 euros higher than the amount agreed in the contract. After 4 contacts with the branch and the call centre, nothing has changed. This is not the first time I have had to complain about this. This is unacceptable and I am furious.",Escalated to ombudsman,3087.27
CMP-001761,2025-12-25,Current account,Phone,Retail,57.0,9.2,3.0,179.17,2.0,2.0,20.0,,,,Resolved at first contact,0.0
CMP-001762,2025-12-25,Current account,Mobile app,Retail,31.0,8.1,3.0,544.58,2.0,3.0,41.0,154.0,-0.7,A transfer of 545 euros I sent on the 7th never reached the beneficiary and nobody can tell me where it is. This is my third attempt to get an answer from you. This is not the first time I have had to complain about this. If this is not resolved within a week I will take it to the ombudsman.,Resolved after investigation,62.54
CMP-001763,2025-12-25,Credit card,Phone,SME,46.0,9.6,4.0,482.24,0.0,3.0,21.0,149.0,-0.39,The cash-advance fee of 482 euros on my card is not the one stated in the terms. This is my third attempt to get an answer from you. I am very disappointed with how this has been handled.,Resolved at first contact,0.0
CMP-001764,2025-12-25,Current account,Mobile app,Retail,35.0,1.5,2.0,350.84,0.0,0.0,6.0,131.0,-0.19,"An unauthorised direct debit of 351 euros was taken from my current account on the 11th. I assume it is a mistake, but it needs to be resolved.",Resolved at first contact,0.0
CMP-001765,2025-12-25,Insurance,Web form,Retail,51.0,9.4,4.0,498.12,2.0,4.0,41.0,199.0,-0.3,The insurance policy was renewed and 498 euros charged although I had cancelled it in writing. I have already called 4 times and nobody has called me back. This is not the first time I have had to complain about this. I expect a refund and a clear explanation.,Resolved after investigation,111.5
CMP-001766,2025-12-25,Credit card,Web form,Retail,80.0,24.1,8.0,132.21,0.0,1.0,6.0,82.0,0.2,"There is a transaction of 132 euros on my card statement that I never made. I have always been happy with the bank, so I am sure this can be sorted out quickly.",Resolved at first contact,0.0
CMP-001767,2025-12-25,Credit card,Email,Retail,38.0,4.0,3.0,199.24,1.0,2.0,33.0,247.0,-0.58,There is a transaction of 199 euros on my card statement that I never made. I have never been treated so badly by a bank.,Resolved at first contact,0.0
CMP-001768,2025-12-26,Investments,Branch,Private,55.0,6.0,5.0,4372.54,3.0,4.0,56.0,,,,Escalated to ombudsman,4474.23
CMP-001769,2025-12-26,Credit card,Phone,Retail,43.0,4.7,2.0,1150.4,2.0,6.0,33.0,281.0,-0.96,"The cash-advance fee of 1,150 euros on my card is not the one stated in the terms. I have already called 6 times and nobody has called me back. This is not the first time I have had to complain about this. If this is not resolved within a week I will take it to the ombudsman.",Escalated to ombudsman,1438.87
CMP-001770,2025-12-26,Current account,Branch,Retail,49.0,15.7,4.0,162.09,0.0,3.0,5.0,105.0,0.07,A transfer of 162 euros I sent on the 13th never reached the beneficiary and nobody can tell me where it is. I have already called 3 times and nobody has called me back. Please let me know what happened and how it will be fixed.,Resolved at first contact,0.0
CMP-001771,2025-12-26,Insurance,Phone,Retail,48.0,7.6,5.0,243.37,1.0,0.0,10.0,,,,Resolved after investigation,35.09
CMP-001772,2025-12-26,Mortgage,Phone,Affluent,78.0,19.4,8.0,629.31,0.0,3.0,45.0,,,,Resolved after investigation,117.63
CMP-001773,2025-12-28,Credit card,Mobile app,Retail,58.0,2.5,3.0,136.0,2.0,3.0,29.0,209.0,-0.74,The cash-advance fee of 136 euros on my card is not the one stated in the terms. I have already called 3 times and nobody has called me back. This is not the first time I have had to complain about this. If this is not resolved within a week I will take it to the ombudsman.,Resolved after investigation,50.54
CMP-001774,2025-12-28,Current account,Phone,Retail,53.0,11.8,7.0,68.98,1.0,2.0,25.0,,,,Resolved at first contact,0.0
CMP-001775,2025-12-28,Mortgage,Phone,Retail,44.0,7.5,3.0,682.6,0.0,1.0,16.0,,,,Resolved at first contact,0.0
CMP-001776,2025-12-29,Current account,Phone,Retail,57.0,23.3,8.0,992.72,2.0,4.0,31.0,,,,Resolved after investigation,412.01
CMP-001777,2025-12-29,Investments,Phone,Retail,25.0,0.1,1.0,,1.0,3.0,30.0,,,,Resolved after investigation,146.06
CMP-001778,2025-12-29,Mortgage,Email,Retail,41.0,8.8,4.0,2659.03,0.0,3.0,36.0,258.0,-0.31,"The interest rate applied to my mortgage does not match the offer I signed, and I have overpaid 2,659 euros. I have already called 3 times and nobody has called me back. I expect a refund and a clear explanation.",Resolved after investigation,547.0
CMP-001779,2025-12-29,Insurance,Web form,Retail,31.0,0.1,1.0,90.88,0.0,1.0,22.0,175.0,-0.01,My claim of 91 euros on the policy linked to my account was rejected without any explanation. Please let me know what happened and how it will be fixed.,Resolved at first contact,0.0
CMP-001780,2025-12-29,Insurance,Branch,Retail,62.0,14.6,4.0,571.85,1.0,3.0,34.0,,,,Escalated to ombudsman,462.87
CMP-001781,2025-12-29,Current account,Phone,Affluent,43.0,8.9,5.0,1536.49,3.0,6.0,38.0,,,,Escalated to ombudsman,2035.01
CMP-001782,2025-12-29,Mortgage,Branch,Private,,2.1,4.0,2732.5,1.0,2.0,37.0,228.0,-0.16,"My request to renegotiate the mortgage has been pending for weeks and the delay has cost me 2,732 euros. I assume it is a mistake, but it needs to be resolved.",Resolved after investigation,628.93
CMP-001783,2025-12-29,Credit card,Phone,Affluent,48.0,5.1,3.0,831.75,1.0,5.0,30.0,,,,Resolved after investigation,354.33
CMP-001784,2025-12-29,Credit card,Phone,Affluent,44.0,6.1,4.0,914.0,2.0,4.0,33.0,,,,Resolved after investigation,203.14
CMP-001785,2025-12-29,Current account,Phone,Affluent,26.0,0.1,3.0,459.83,0.0,1.0,26.0,,,,Resolved at first contact,0.0
CMP-001786,2025-12-29,Credit card,Branch,SME,64.0,12.0,3.0,733.71,0.0,3.0,31.0,,,,Resolved after investigation,339.63
CMP-001787,2025-12-29,Current account,Web form,Retail,,0.3,2.0,259.06,2.0,1.0,31.0,124.0,-0.37,I was charged 259 euros in fees that were never mentioned when I opened the account. This is not the first time I have had to complain about this. This has caused me a lot of stress and wasted time.,Resolved after investigation,44.4
CMP-001788,2025-12-29,Current account,Branch,Retail,48.0,10.8,6.0,124.46,0.0,1.0,10.0,107.0,0.02,"A transfer of 124 euros I sent on the 9th never reached the beneficiary and nobody can tell me where it is. I assume it is a mistake, but it needs to be resolved.",Resolved at first contact,0.0
CMP-001789,2025-12-29,Credit card,Mobile app,Affluent,48.0,8.2,4.0,286.79,0.0,0.0,11.0,130.0,-0.04,"My card was blocked while I was abroad and I had to pay 287 euros in cash with no explanation. I assume it is a mistake, but it needs to be resolved.",Resolved at first contact,0.0
CMP-001790,2025-12-29,Current account,Social media,Retail,26.0,0.1,1.0,178.05,1.0,2.0,24.0,266.0,-0.4,An unauthorised direct debit of 178 euros was taken from my current account on the 4th. This has caused me a lot of stress and wasted time.,Resolved after investigation,79.29
CMP-001791,2025-12-29,Current account,Phone,Private,92.0,29.9,8.0,807.79,0.0,2.0,26.0,143.0,-0.46,"My current account was blocked for three days without any notice, and a transfer of 808 euros bounced. I am very disappointed with how this has been handled.",Resolved at first contact,0.0
CMP-001792,2025-12-29,Mortgage,Branch,Retail,42.0,0.6,2.0,,1.0,1.0,32.0,107.0,-0.14,An insurance premium of 798 euros was added to my mortgage instalment without my consent. I would like this to be checked and corrected.,Resolved at first contact,0.0
CMP-001793,2025-12-29,Investments,Email,SME,55.0,9.6,3.0,,2.0,2.0,29.0,171.0,-0.27,My advisor moved my savings into a fund I never approved and the position is now 940 euros below what I invested. This is not the first time I have had to complain about this. This has caused me a lot of stress and wasted time.,Resolved after investigation,317.31
CMP-001794,2025-12-29,Insurance,Branch,Affluent,51.0,9.2,4.0,390.21,1.0,3.0,22.0,,,,Resolved at first contact,0.0
CMP-001795,2025-12-30,Investments,Web form,Retail,41.0,2.4,2.0,763.6,0.0,1.0,25.0,203.0,-0.69,I asked to sell my fund units on the 15th; the order was executed days later at a loss of 764 euros. This is unacceptable and I am furious.,Resolved after investigation,145.85
CMP-001796,2025-12-30,Investments,Mobile app,Retail,83.0,18.0,5.0,1188.3,2.0,2.0,25.0,144.0,-0.23,"I asked to sell my fund units on the 19th; the order was executed days later at a loss of 1,188 euros. This is not the first time I have had to complain about this. I expect a refund and a clear explanation.",Resolved after investigation,0.0
CMP-001797,2025-12-30,Insurance,Phone,SME,65.0,12.8,4.0,1341.57,1.0,2.0,39.0,188.0,-0.39,"The insurance policy was renewed and 1,342 euros charged although I had cancelled it in writing. I am very disappointed with how this has been handled.",Resolved after investigation,564.6
CMP-001798,2025-12-30,Current account,Mobile app,Retail,18.0,0.0,2.0,359.06,1.0,2.0,26.0,128.0,-0.16,"My current account was blocked for three days without any notice, and a transfer of 359 euros bounced. I assume it is a mistake, but it needs to be resolved.",Resolved at first contact,0.0
CMP-001799,2025-12-30,Credit card,Mobile app,Retail,32.0,6.1,3.0,535.68,2.0,3.0,37.0,161.0,-0.63,My card was blocked while I was abroad and I had to pay 536 euros in cash with no explanation. This is my third attempt to get an answer from you. This is not the first time I have had to complain about this. I demand an immediate refund and a written apology.,Resolved after investigation,208.8
CMP-001800,2025-12-30,Insurance,Phone,Retail,41.0,2.7,3.0,389.71,2.0,2.0,37.0,,,,Resolved after investigation,146.16
CMP-001801,2025-12-31,Credit card,Email,Retail,39.0,0.1,1.0,73.31,0.0,1.0,8.0,137.0,0.01,My card was charged twice for the same purchase of 73 euros. I would like this to be checked and corrected.,Resolved at first contact,0.0
CMP-001802,2025-12-31,Current account,Mobile app,Retail,58.0,13.0,4.0,134.23,1.0,2.0,28.0,129.0,-0.13,"My current account was blocked for three days without any notice, and a transfer of 134 euros bounced. I assume it is a mistake, but it needs to be resolved.",Resolved at first contact,0.0
CMP-001803,2025-12-31,Credit card,Web form,SME,38.0,11.7,5.0,367.75,1.0,1.0,25.0,103.0,0.02,"There is a transaction of 368 euros on my card statement that I never made. I assume it is a mistake, but it needs to be resolved.",Resolved after investigation,61.97
CMP-001804,2025-12-31,Credit card,Branch,Affluent,60.0,10.3,6.0,105.66,0.0,2.0,17.0,,,,Resolved at first contact,0.0
CMP-001805,2025-12-31,Investments,Mobile app,Retail,50.0,7.6,5.0,186.63,0.0,2.0,24.0,75.0,0.22,"I asked to sell my fund units on the 14th; the order was executed days later at a loss of 187 euros. I have always been happy with the bank, so I am sure this can be sorted out quickly.",Resolved at first contact,0.0
CMP-001806,2026-01-01,Mortgage,Email,Affluent,48.0,1.2,1.0,292.34,0.0,1.0,14.0,60.0,0.56,My request to renegotiate the mortgage has been pending for weeks and the delay has cost me 292 euros. Your staff have been helpful so far; I just need this last point solved.,Resolved at first contact,0.0
CMP-001807,2026-01-01,Personal loan,Phone,Affluent,18.0,0.0,3.0,458.32,0.0,2.0,14.0,93.0,0.05,The instalment taken for my loan is 458 euros higher than the amount agreed in the contract. I would like this to be checked and corrected.,Resolved at first contact,0.0
CMP-001808,2026-01-01,Credit card,Phone,Retail,22.0,4.0,3.0,134.7,0.0,1.0,0.0,,,,Resolved at first contact,0.0
CMP-001809,2026-01-01,Insurance,Branch,Affluent,,13.2,6.0,522.98,0.0,2.0,22.0,,,,Resolved after investigation,155.3
CMP-001810,2026-01-01,Investments,Phone,Affluent,31.0,0.1,3.0,,0.0,4.0,30.0,,,,Resolved after investigation,855.54
CMP-001811,2026-01-01,Credit card,Mobile app,Retail,31.0,0.3,1.0,189.78,1.0,2.0,15.0,199.0,-0.06,My card was charged twice for the same purchase of 190 euros. Please let me know what happened and how it will be fixed.,Resolved at first contact,0.0
CMP-001812,2026-01-01,Current account,Phone,Affluent,39.0,0.1,2.0,486.76,0.0,3.0,16.0,,,,Resolved at first contact,0.0
CMP-001813,2026-01-01,Mortgage,Email,Affluent,42.0,6.9,4.0,1497.01,2.0,5.0,51.0,189.0,-0.31,"The interest rate applied to my mortgage does not match the offer I signed, and I have overpaid 1,497 euros. I have already called 5 times and nobody has called me back. This is not the first time I have had to complain about this. The problem dates back more than a month and is still open. This has caused me a lot of stress and wasted time.",Escalated to ombudsman,1984.83
CMP-001814,2026-01-01,Personal loan,Web form,Retail,50.0,15.0,6.0,999.32,0.0,3.0,30.0,139.0,-0.46,"I asked to repay my loan early and the fee applied, 999 euros, is far above what the contract says. This is my third attempt to get an answer from you. I am very disappointed with how this has been handled.",Resolved after investigation,457.05
CMP-001815,2026-01-02,Personal loan,Phone,Affluent,50.0,14.8,7.0,1617.27,0.0,1.0,27.0,123.0,-0.16,"The instalment taken for my loan is 1,617 euros higher than the amount agreed in the contract. I assume it is a mistake, but it needs to be resolved.",Resolved at first contact,0.0
CMP-001816,2026-01-02,Investments,Phone,Retail,45.0,10.4,4.0,16589.34,2.0,5.0,57.0,,,,Escalated to ombudsman,10662.34
CMP-001817,2026-01-02,Credit card,Phone,Private,54.0,2.7,4.0,58.97,0.0,0.0,7.0,,,,Resolved at first contact,0.0
CMP-001818,2026-01-02,Credit card,Phone,Retail,58.0,17.9,7.0,638.12,3.0,4.0,38.0,222.0,-0.96,"There is a transaction of 638 euros on my card statement that I never made. After 4 contacts with the branch and the call centre, nothing has changed. This is not the first time I have had to complain about this. If this is not resolved within a week I will take it to the ombudsman.",Resolved after investigation,143.24
CMP-001819,2026-01-02,Credit card,Mobile app,SME,34.0,0.1,2.0,1104.75,2.0,3.0,31.0,162.0,-0.48,"The cash-advance fee of 1,105 euros on my card is not the one stated in the terms. After 3 contacts with the branch and the call centre, nothing has changed. This is not the first time I have had to complain about this. I expect a refund and a clear explanation.",Resolved after investigation,240.82
CMP-001820,2026-01-02,Mortgage,Email,Retail,41.0,10.7,5.0,996.18,1.0,2.0,38.0,135.0,-0.13,"My request to renegotiate the mortgage has been pending for weeks and the delay has cost me 996 euros. I assume it is a mistake, but it needs to be resolved.",Resolved after investigation,110.26
CMP-001821,2026-01-02,Mortgage,Web form,SME,48.0,12.4,5.0,,1.0,3.0,67.0,216.0,-0.28,"An insurance premium of 6,877 euros was added to my mortgage instalment without my consent. This is my third attempt to get an answer from you. The problem dates back more than a month and is still open. I am very disappointed with how this has been handled.",Escalated to ombudsman,5606.72
CMP-001822,2026-01-03,Credit card,Email,Affluent,25.0,0.1,1.0,1125.18,1.0,4.0,40.0,176.0,-0.69,"The cash-advance fee of 1,125 euros on my card is not the one stated in the terms. This is my fourth attempt to get an answer from you. This is unacceptable and I am furious.",Resolved after investigation,476.12
CMP-001823,2026-01-03,Investments,Phone,Retail,72.0,24.9,8.0,167.04,0.0,0.0,26.0,,,,Resolved at first contact,0.0
CMP-001824,2026-01-03,Mortgage,Branch,Affluent,57.0,9.4,3.0,2361.89,2.0,4.0,60.0,195.0,-0.53,"An insurance premium of 2,362 euros was added to my mortgage instalment without my consent. I have already called 4 times and nobody has called me back. This is not the first time I have had to complain about this. The problem dates back more than a month and is still open. I am very disappointed with how this has been handled.",Escalated to ombudsman,3028.45
CMP-001825,2026-01-05,Current account,Phone,Retail,53.0,14.3,6.0,96.28,1.0,2.0,26.0,,,,Resolved at first contact,0.0
CMP-001826,2026-01-05,Personal loan,Branch,Retail,46.0,8.9,3.0,267.16,0.0,0.0,10.0,,,,Resolved at first contact,0.0
CMP-001827,2026-01-05,Investments,Email,Retail,59.0,15.0,5.0,2376.57,1.0,5.0,28.0,158.0,-0.48,"The costs of the investment product were never explained to me and I have paid 2,377 euros in charges. This is my fifth attempt to get an answer from you. This has caused me a lot of stress and wasted time.",Resolved after investigation,1032.09
CMP-001828,2026-01-05,Investments,Web form,Affluent,53.0,2.9,2.0,1438.79,1.0,2.0,45.0,180.0,-0.21,"I asked to sell my fund units on the 8th; the order was executed days later at a loss of 1,439 euros. This has caused me a lot of stress and wasted time.",Resolved at first contact,0.0
CMP-001829,2026-01-05,Current account,Email,Retail,39.0,6.2,3.0,135.61,1.0,1.0,7.0,121.0,0.13,"My current account was blocked for three days without any notice, and a transfer of 136 euros bounced. I assume it is a mistake, but it needs to be resolved.",Resolved at first contact,0.0
CMP-001830,2026-01-05,Mortgage,Branch,Retail,66.0,7.8,3.0,1563.11,2.0,3.0,45.0,169.0,-0.35,"The interest rate applied to my mortgage does not match the offer I signed, and I have overpaid 1,563 euros. This is my third attempt to get an answer from you. This is not the first time I have had to complain about this. I expect a refund and a clear explanation.",Escalated to ombudsman,1792.47
CMP-001831,2026-01-05,Current account,Web form,unknown,45.0,6.4,4.0,1240.09,2.0,5.0,25.0,165.0,-0.56,"I was charged 1,240 euros in fees that were never mentioned when I opened the account. After 5 contacts with the branch and the call centre, nothing has changed. This is not the first time I have had to complain about this. This is unacceptable and I am furious.",Escalated to ombudsman,1233.61
CMP-001832,2026-01-05,Credit card,Phone,Affluent,46.0,12.2,5.0,224.92,0.0,3.0,17.0,106.0,-0.57,My card was charged twice for the same purchase of 225 euros. This is my third attempt to get an answer from you. This is unacceptable and I am furious.,Resolved after investigation,89.2
CMP-001833,2026-01-05,Credit card,Phone,Private,70.0,14.6,6.0,1217.32,1.0,4.0,39.0,,,,Resolved after investigation,401.04
CMP-001834,2026-01-05,Insurance,Phone,Retail,36.0,0.1,1.0,140.36,0.0,2.0,16.0,,,,Resolved at first contact,0.0
CMP-001835,2026-01-05,Investments,Email,Affluent,46.0,0.1,2.0,,2.0,3.0,40.0,245.0,-0.7,"The costs of the investment product were never explained to me and I have paid 10,850 euros in charges. After 3 contacts with the branch and the call centre, nothing has changed. This is not the first time I have had to complain about this. I demand an immediate refund and a written apology.",Escalated to ombudsman,9721.66
CMP-001836,2026-01-05,Current account,Email,Retail,41.0,2.4,2.0,54.4,0.0,2.0,2.0,81.0,-0.14,I was charged 54 euros in fees that were never mentioned when I opened the account. Please let me know what happened and how it will be fixed.,Resolved at first contact,0.0
CMP-001837,2026-01-05,Insurance,Social media,Retail,58.0,12.7,4.0,250.36,1.0,2.0,31.0,169.0,-0.39,The insurance policy was renewed and 250 euros charged although I had cancelled it in writing. I expect a refund and a clear explanation.,Resolved after investigation,56.69
CMP-001838,2026-01-05,Current account,Phone,Retail,55.0,0.1,1.0,576.81,2.0,3.0,25.0,182.0,-0.23,A transfer of 577 euros I sent on the 7th never reached the beneficiary and nobody can tell me where it is. This is my third attempt to get an answer from you. This is not the first time I have had to complain about this. This has caused me a lot of stress and wasted time.,Resolved after investigation,247.55
CMP-001839,2026-01-05,Credit card,Phone,SME,56.0,16.7,7.0,1347.2,2.0,4.0,53.0,221.0,-0.78,"My card was blocked while I was abroad and I had to pay 1,347 euros in cash with no explanation. I have already called 4 times and nobody has called me back. This is not the first time I have had to complain about this. The problem dates back more than a month and is still open. I have never been treated so badly by a bank.",Resolved after investigation,379.96
CMP-001840,2026-01-05,Current account,Phone,Affluent,40.0,16.9,8.0,52.85,0.0,0.0,8.0,105.0,0.02,"A transfer of 53 euros I sent on the 11th never reached the beneficiary and nobody can tell me where it is. I assume it is a mistake, but it needs to be resolved.",Resolved at first contact,0.0
CMP-001841,2026-01-05,Insurance,Web form,Retail,55.0,3.2,2.0,1166.02,1.0,4.0,17.0,206.0,0.01,"My claim of 1,166 euros on the policy linked to my account was rejected without any explanation. After 4 contacts with the branch and the call centre, nothing has changed. I would like this to be checked and corrected.",Resolved at first contact,0.0
CMP-001842,2026-01-06,Personal loan,Phone,Retail,30.0,3.6,2.0,1407.79,3.0,5.0,38.0,186.0,-0.97,"My loan application was rejected after 16 days and the 1,408 euros I paid for the appraisal were not refunded. This is my fifth attempt to get an answer from you. This is not the first time I have had to complain about this. If this is not resolved within a week I will take it to the ombudsman.",Escalated to ombudsman,1639.35
CMP-001843,2026-01-06,Mortgage,Phone,Retail,56.0,7.8,3.0,3375.68,1.0,3.0,33.0,191.0,0.01,"The interest rate applied to my mortgage does not match the offer I signed, and I have overpaid 3,376 euros. I have already called 3 times and nobody has called me back. Please let me know what happened and how it will be fixed.",Resolved at first contact,0.0
CMP-001844,2026-01-06,Insurance,Email,SME,52.0,21.0,7.0,1125.62,0.0,2.0,11.0,207.0,-0.16,"My claim of 1,126 euros on the policy linked to my account was rejected without any explanation. I would like this to be checked and corrected.",Resolved at first contact,0.0
CMP-001845,2026-01-06,Credit card,Email,Retail,80.0,21.3,7.0,59.11,0.0,1.0,0.0,148.0,0.17,"The cash-advance fee of 59 euros on my card is not the one stated in the terms. I assume it is a mistake, but it needs to be resolved.",Resolved at first contact,0.0
CMP-001846,2026-01-06,Mortgage,Email,Retail,34.0,5.3,3.0,495.35,0.0,3.0,36.0,88.0,0.05,An insurance premium of 495 euros was added to my mortgage instalment without my consent. This is my third attempt to get an answer from you. I would like this to be checked and corrected.,Escalated to ombudsman,585.65
CMP-001847,2026-01-06,Credit card,Email,Retail,41.0,13.6,4.0,644.71,1.0,3.0,46.0,226.0,-0.62,My card was charged twice for the same purchase of 645 euros. I have already called 3 times and nobody has called me back. The problem dates back more than a month and is still open. I demand an immediate refund and a written apology.,Escalated to ombudsman,941.37
CMP-001848,2026-01-06,Mortgage,Phone,Affluent,53.0,8.5,4.0,744.2,1.0,3.0,39.0,143.0,-0.34,"The interest rate applied to my mortgage does not match the offer I signed, and I have overpaid 744 euros. I have already called 3 times and nobody has called me back. This has caused me a lot of stress and wasted time.",Resolved at first contact,0.0
CMP-001849,2026-01-06,Credit card,Phone,Retail,18.0,0.0,2.0,130.47,0.0,3.0,36.0,,,,Resolved after investigation,36.78
CMP-001850,2026-01-07,Credit card,Branch,Private,45.0,0.1,3.0,496.59,2.0,3.0,34.0,,,,Escalated to ombudsman,619.03
CMP-001851,2026-01-07,Personal loan,Phone,Retail,39.0,4.7,2.0,322.67,1.0,4.0,12.0,,,,Resolved at first contact,0.0
CMP-001852,2026-01-07,Current account,Mobile app,Retail,25.0,0.1,1.0,41.99,1.0,0.0,14.0,98.0,0.02,"My current account was blocked for three days without any notice, and a transfer of 42 euros bounced. Please let me know what happened and how it will be fixed.",Resolved at first contact,0.0
CMP-001853,2026-01-07,Investments,Email,Private,48.0,13.4,7.0,463.21,0.0,0.0,23.0,61.0,0.61,The costs of the investment product were never explained to me and I have paid 463 euros in charges. Thank you in advance for looking into it.,Resolved at first contact,0.0
CMP-001854,2026-01-07,Credit card,Phone,Affluent,61.0,11.4,6.0,296.06,0.0,1.0,16.0,,,,Resolved at first contact,0.0
CMP-001855,2026-01-07,Personal loan,Email,Retail,119.0,1.7,2.0,112.78,1.0,2.0,26.0,235.0,-0.48,My loan application was rejected after 17 days and the 113 euros I paid for the appraisal were not refunded. This has caused me a lot of stress and wasted time.,Resolved at first contact,0.0
CMP-001856,2026-01-08,Current account,Web form,Retail,59.0,4.8,2.0,2131.74,2.0,4.0,48.0,201.0,-0.87,"An unauthorised direct debit of 2,132 euros was taken from my current account on the 15th. After 4 contacts with the branch and the call centre, nothing has changed. This is not the first time I have had to complain about this. The problem dates back more than a month and is still open. I have never been treated so badly by a bank.",Resolved after investigation,529.54
CMP-001857,2026-01-08,Personal loan,Mobile app,Retail,65.0,8.0,4.0,1185.11,2.0,4.0,47.0,252.0,-0.78,"The instalment taken for my loan is 1,185 euros higher than the amount agreed in the contract. After 4 contacts with the branch and the call centre, nothing has changed. This is not the first time I have had to complain about this. The problem dates back more than a month and is still open. I have never been treated so badly by a bank.",Escalated to ombudsman,576.8
CMP-001858,2026-01-08,Investments,Email,Retail,48.0,17.4,6.0,8018.53,1.0,4.0,52.0,164.0,-0.77,"The costs of the investment product were never explained to me and I have paid 8,019 euros in charges. After 4 contacts with the branch and the call centre, nothing has changed. The problem dates back more than a month and is still open. If this is not resolved within a week I will take it to the ombudsman.",Escalated to ombudsman,8813.34
CMP-001859,2026-01-08,Mortgage,Mobile app,Retail,59.0,9.6,3.0,358.92,1.0,1.0,36.0,150.0,-0.01,"The interest rate applied to my mortgage does not match the offer I signed, and I have overpaid 359 euros. I would like this to be checked and corrected.",Resolved at first contact,0.0
CMP-001860,2026-01-08,Credit card,Mobile app,Retail,40.0,12.5,4.0,2902.7,2.0,4.0,40.0,205.0,-0.74,"There is a transaction of 2,903 euros on my card statement that I never made. I have already called 4 times and nobody has called me back. This is not the first time I have had to complain about this. I demand an immediate refund and a written apology.",Resolved at first contact,0.0
CMP-001861,2026-01-08,Current account,Web form,unknown,53.0,10.7,4.0,327.04,1.0,3.0,18.0,172.0,-0.21,"My current account was blocked for three days without any notice, and a transfer of 327 euros bounced. This is my third attempt to get an answer from you. I am very disappointed with how this has been handled.",Resolved after investigation,139.07
CMP-001862,2026-01-09,Mortgage,Phone,Affluent,43.0,13.4,6.0,,0.0,0.0,31.0,151.0,-0.6,"My request to renegotiate the mortgage has been pending for weeks and the delay has cost me 2,210 euros. I have never been treated so badly by a bank.",Resolved after investigation,566.0
CMP-001863,2026-01-09,Insurance,Web form,Retail,36.0,2.5,2.0,691.37,2.0,3.0,45.0,192.0,-0.53,The insurance policy was renewed and 691 euros charged although I had cancelled it in writing. I have already called 3 times and nobody has called me back. This is not the first time I have had to complain about this. I am very disappointed with how this has been handled.,Escalated to ombudsman,825.7
CMP-001864,2026-01-09,Current account,Web form,Retail,38.0,7.7,2.0,99.25,1.0,2.0,20.0,153.0,-0.04,An unauthorised direct debit of 99 euros was taken from my current account on the 8th. I would like this to be checked and corrected.,Resolved after investigation,31.08
CMP-001865,2026-01-09,Credit card,Email,Retail,42.0,5.0,1.0,240.49,1.0,4.0,24.0,235.0,-0.4,"My card was blocked while I was abroad and I had to pay 240 euros in cash with no explanation. After 4 contacts with the branch and the call centre, nothing has changed. I am very disappointed with how this has been handled.",Resolved after investigation,58.79
CMP-001866,2026-01-09,Credit card,Branch,SME,55.0,11.0,5.0,568.56,2.0,2.0,28.0,,,,Resolved after investigation,255.01
CMP-001867,2026-01-09,Credit card,Social media,Retail,32.0,3.1,2.0,515.52,1.0,2.0,13.0,150.0,-0.28,My card was blocked while I was abroad and I had to pay 516 euros in cash with no explanation. This has caused me a lot of stress and wasted time.,Resolved at first contact,0.0
CMP-001868,2026-01-10,Investments,Social media,Affluent,69.0,8.0,6.0,20062.23,1.0,4.0,55.0,229.0,-0.75,"My advisor moved my savings into a fund I never approved and the position is now 20,062 euros below what I invested. After 4 contacts with the branch and the call centre, nothing has changed. The problem dates back more than a month and is still open. This is unacceptable and I am furious.",Escalated to ombudsman,21940.24
CMP-001869,2026-01-10,Personal loan,Phone,Retail,44.0,2.8,2.0,46.93,0.0,2.0,10.0,,,,Resolved at first contact,0.0
CMP-001870,2026-01-11,Current account,Phone,SME,49.0,1.5,2.0,521.82,0.0,1.0,17.0,81.0,-0.29,I was charged 522 euros in fees that were never mentioned when I opened the account. I expect a refund and a clear explanation.,Resolved after investigation,64.63
CMP-001871,2026-01-11,Personal loan,Web form,Retail,42.0,7.8,4.0,,1.0,4.0,29.0,189.0,-0.37,"I asked to repay my loan early and the fee applied, 2,298 euros, is far above what the contract says. This is my fourth attempt to get an answer from you. I am very disappointed with how this has been handled.",Resolved after investigation,347.84
CMP-001872,2026-01-12,Credit card,Social media,Affluent,32.0,1.8,4.0,752.64,1.0,3.0,32.0,188.0,-0.38,My card was blocked while I was abroad and I had to pay 753 euros in cash with no explanation. This is my third attempt to get an answer from you. This has caused me a lot of stress and wasted time.,Escalated to ombudsman,1071.04
CMP-001873,2026-01-12,Current account,Phone,Retail,33.0,5.2,3.0,411.82,1.0,4.0,31.0,,,,Resolved after investigation,192.92
CMP-001874,2026-01-12,Current account,Email,Retail,51.0,4.6,2.0,175.54,0.0,3.0,36.0,276.0,-0.45,"I was charged 176 euros in fees that were never mentioned when I opened the account. After 3 contacts with the branch and the call centre, nothing has changed. I am very disappointed with how this has been handled.",Resolved after investigation,46.36
CMP-001875,2026-01-12,Mortgage,Mobile app,Affluent,51.0,15.7,7.0,4239.72,2.0,3.0,50.0,167.0,0.17,"My request to renegotiate the mortgage has been pending for weeks and the delay has cost me 4,240 euros. After 3 contacts with the branch and the call centre, nothing has changed. This is not the first time I have had to complain about this. The problem dates back more than a month and is still open. I assume it is a mistake, but it needs to be resolved.",Escalated to ombudsman,1914.95
CMP-001876,2026-01-12,Current account,Phone,Retail,58.0,11.0,5.0,1827.28,1.0,4.0,48.0,197.0,-0.25,"An unauthorised direct debit of 1,827 euros was taken from my current account on the 7th. This is my fourth attempt to get an answer from you. The problem dates back more than a month and is still open. I am very disappointed with how this has been handled.",Resolved after investigation,661.4
CMP-001877,2026-01-12,Personal loan,Email,Retail,34.0,4.5,3.0,1049.66,1.0,4.0,35.0,210.0,-0.66,"The instalment taken for my loan is 1,050 euros higher than the amount agreed in the contract. This is my fourth attempt to get an answer from you. This is unacceptable and I am furious.",Escalated to ombudsman,903.77
CMP-001878,2026-01-12,Current account,Email,SME,69.0,22.7,8.0,1174.51,1.0,3.0,33.0,126.0,-0.46,"A transfer of 1,175 euros I sent on the 12th never reached the beneficiary and nobody can tell me where it is. I have already called 3 times and nobody has called me back. I expect a refund and a clear explanation.",Resolved after investigation,418.13
CMP-001879,2026-01-12,Investments,Email,Retail,54.0,16.7,6.0,3143.66,1.0,2.0,26.0,232.0,-0.11,"My advisor moved my savings into a fund I never approved and the position is now 3,144 euros below what I invested. I assume it is a mistake, but it needs to be resolved.",Resolved at first contact,41.93
CMP-001880,2026-01-12,Current account,Web form,Retail,56.0,6.9,3.0,125.71,0.0,2.0,16.0,,,,Resolved at first contact,0.0
CMP-001881,2026-01-12,Investments,Branch,Retail,50.0,8.1,2.0,328.93,0.0,2.0,25.0,,,,Resolved after investigation,126.29
CMP-001882,2026-01-12,Personal loan,Social media,Retail,57.0,1.4,1.0,8294.48,3.0,5.0,47.0,167.0,-0.5,"I asked to repay my loan early and the fee applied, 8,294 euros, is far above what the contract says. This is my fifth attempt to get an answer from you. This is not the first time I have had to complain about this. The problem dates back more than a month and is still open. I expect a refund and a clear explanation.",Escalated to ombudsman,3052.23
CMP-001883,2026-01-12,Personal loan,Branch,SME,64.0,18.4,6.0,2932.34,1.0,4.0,27.0,200.0,-0.33,"I asked to repay my loan early and the fee applied, 2,932 euros, is far above what the contract says. After 4 contacts with the branch and the call centre, nothing has changed. This has caused me a lot of stress and wasted time.",Resolved after investigation,0.0
CMP-001884,2026-01-12,Current account,Email,SME,49.0,10.7,3.0,577.31,1.0,4.0,24.0,150.0,-0.23,I was charged 577 euros in fees that were never mentioned when I opened the account. This is my fourth attempt to get an answer from you. I am very disappointed with how this has been handled.,Resolved at first contact,0.0
CMP-001885,2026-01-12,Mortgage,Web form,Affluent,41.0,1.8,3.0,1927.09,1.0,4.0,38.0,231.0,-0.44,"The interest rate applied to my mortgage does not match the offer I signed, and I have overpaid 1,927 euros. This is my fourth attempt to get an answer from you. I am very disappointed with how this has been handled.",Escalated to ombudsman,938.08
CMP-001886,2026-01-12,Current account,Web form,Affluent,60.0,16.3,7.0,96.08,0.0,1.0,0.0,137.0,0.02,A transfer of 96 euros I sent on the 13th never reached the beneficiary and nobody can tell me where it is. Please let me know what happened and how it will be fixed.,Resolved at first contact,0.0
CMP-001887,2026-01-13,Personal loan,Web form,Retail,53.0,10.8,3.0,2864.3,1.0,4.0,12.0,174.0,-0.61,"The instalment taken for my loan is 2,864 euros higher than the amount agreed in the contract. I have already called 4 times and nobody has called me back. If this is not resolved within a week I will take it to the ombudsman.",Resolved after investigation,708.6
CMP-001888,2026-01-13,Current account,Web form,Retail,48.0,10.8,4.0,29.14,0.0,2.0,11.0,100.0,0.08,An unauthorised direct debit of 29 euros was taken from my current account on the 25th. Please let me know what happened and how it will be fixed.,Resolved at first contact,0.0
CMP-001889,2026-01-13,Current account,Phone,Affluent,47.0,0.1,3.0,110.43,1.0,2.0,18.0,,,,Resolved at first contact,36.17
CMP-001890,2026-01-13,Current account,Phone,Retail,30.0,4.2,1.0,1536.23,3.0,5.0,52.0,277.0,-0.75,"A transfer of 1,536 euros I sent on the 13th never reached the beneficiary and nobody can tell me where it is. I have already called 5 times and nobody has called me back. This is not the first time I have had to complain about this. The problem dates back more than a month and is still open. If this is not resolved within a week I will take it to the ombudsman.",Escalated to ombudsman,1515.46
CMP-001891,2026-01-14,Investments,Phone,Affluent,52.0,13.3,6.0,1316.23,0.0,3.0,38.0,144.0,-0.52,"The costs of the investment product were never explained to me and I have paid 1,316 euros in charges. I have already called 3 times and nobody has called me back. I am very disappointed with how this has been handled.",Resolved after investigation,0.0
CMP-001892,2026-01-14,Credit card,Email,Retail,59.0,14.6,6.0,2998.09,1.0,3.0,34.0,290.0,-0.78,"The cash-advance fee of 2,998 euros on my card is not the one stated in the terms. This is my third attempt to get an answer from you. I demand an immediate refund and a written apology.",Resolved after investigation,1336.43
CMP-001893,2026-01-14,Current account,Phone,Affluent,45.0,3.1,3.0,282.27,0.0,1.0,16.0,,,,Resolved after investigation,0.0
CMP-001894,2026-01-14,Mortgage,Phone,Retail,41.0,6.6,3.0,2569.9,2.0,4.0,33.0,164.0,-0.34,"The interest rate applied to my mortgage does not match the offer I signed, and I have overpaid 2,570 euros. This is my fourth attempt to get an answer from you. This is not the first time I have had to complain about this. I expect a refund and a clear explanation.",Resolved after investigation,1011.69
CMP-001895,2026-01-14,Investments,Social media,SME,18.0,0.0,1.0,6032.84,3.0,4.0,61.0,235.0,-0.51,"My advisor moved my savings into a fund I never approved and the position is now 6,033 euros below what I invested. After 4 contacts with the branch and the call centre, nothing has changed. This is not the first time I have had to complain about this. The problem dates back more than a month and is still open. I am very disappointed with how this has been handled.",Escalated to ombudsman,7063.23
CMP-001896,2026-01-14,Credit card,Email,SME,39.0,15.0,5.0,2254.94,1.0,4.0,43.0,145.0,-0.53,"My card was charged twice for the same purchase of 2,255 euros. I have already called 4 times and nobody has called me back. I am very disappointed with how this has been handled.",Resolved after investigation,247.81
CMP-001897,2026-01-14,Insurance,Email,Retail,58.0,9.8,4.0,831.98,1.0,5.0,26.0,151.0,-0.73,My claim of 832 euros on the policy linked to my account was rejected without any explanation. I have already called 5 times and nobody has called me back. This is unacceptable and I am furious.,Resolved after investigation,99.42
CMP-001898,2026-01-15,Credit card,Social media,Retail,30.0,12.0,5.0,,0.0,2.0,12.0,108.0,-0.61,The cash-advance fee of 111 euros on my card is not the one stated in the terms. If this is not resolved within a week I will take it to the ombudsman.,Resolved at first contact,0.0
CMP-001899,2026-01-15,Current account,Branch,Affluent,61.0,18.4,7.0,58.07,0.0,1.0,0.0,,,,Resolved at first contact,0.0
CMP-001900,2026-01-15,Credit card,Branch,Private,36.0,4.0,5.0,1284.95,1.0,3.0,9.0,,,,Resolved after investigation,0.0
CMP-001901,2026-01-16,Insurance,Email,Retail,46.0,14.7,4.0,385.26,2.0,0.0,28.0,158.0,-0.04,The insurance policy was renewed and 385 euros charged although I had cancelled it in writing. This is not the first time I have had to complain about this. I would like this to be checked and corrected.,Resolved at first contact,0.0
CMP-001902,2026-01-16,Current account,Branch,Private,73.0,10.6,6.0,113.97,1.0,2.0,16.0,,,,Resolved at first contact,0.0
CMP-001903,2026-01-16,Mortgage,Email,Retail,59.0,12.7,5.0,1247.8,1.0,2.0,44.0,293.0,-0.42,"The interest rate applied to my mortgage does not match the offer I signed, and I have overpaid 1,248 euros. I am very disappointed with how this has been handled.",Resolved after investigation,499.26
CMP-001904,2026-01-16,Current account,Email,Retail,67.0,24.6,8.0,293.41,0.0,0.0,8.0,115.0,-0.15,A transfer of 293 euros I sent on the 7th never reached the beneficiary and nobody can tell me where it is. I would like this to be checked and corrected.,Resolved at first contact,0.0
CMP-001905,2026-01-16,Current account,Email,SME,62.0,13.5,5.0,,3.0,5.0,31.0,277.0,-0.46,"I was charged 5,679 euros in fees that were never mentioned when I opened the account. I have already called 5 times and nobody has called me back. This is not the first time I have had to complain about this. This has caused me a lot of stress and wasted time.",Resolved after investigation,2532.35
CMP-001906,2026-01-16,Current account,Phone,Retail,48.0,11.5,3.0,787.18,2.0,4.0,51.0,,,,Resolved after investigation,212.16
CMP-001907,2026-01-16,Mortgage,Branch,Retail,75.0,24.2,7.0,659.67,2.0,2.0,47.0,107.0,0.0,"The interest rate applied to my mortgage does not match the offer I signed, and I have overpaid 660 euros. This is not the first time I have had to complain about this. The problem dates back more than a month and is still open. I would like this to be checked and corrected.",Resolved at first contact,0.0
CMP-001908,2026-01-16,Mortgage,Web form,Retail,50.0,13.8,6.0,324.9,0.0,2.0,21.0,97.0,-0.09,"An insurance premium of 325 euros was added to my mortgage instalment without my consent. I assume it is a mistake, but it needs to be resolved.",Resolved at first contact,0.0
CMP-001909,2026-01-16,Current account,Web form,Retail,54.0,0.1,1.0,247.3,1.0,2.0,16.0,115.0,0.03,"My current account was blocked for three days without any notice, and a transfer of 247 euros bounced. Please let me know what happened and how it will be fixed.",Resolved after investigation,67.52
CMP-001910,2026-01-17,Current account,Branch,Retail,,5.3,3.0,172.32,1.0,4.0,23.0,,,,Resolved after investigation,50.49
CMP-001911,2026-01-17,Credit card,Web form,Affluent,50.0,12.6,5.0,840.93,1.0,4.0,34.0,172.0,-0.13,The cash-advance fee of 841 euros on my card is not the one stated in the terms. This is my fourth attempt to get an answer from you. I would like this to be checked and corrected.,Resolved after investigation,87.65
CMP-001912,2026-01-18,Credit card,Phone,Retail,44.0,1.7,1.0,38.61,0.0,3.0,22.0,,,,Resolved at first contact,0.0
CMP-001913,2026-01-18,Current account,Email,Retail,25.0,0.1,1.0,68.47,1.0,2.0,8.0,98.0,-0.01,"My current account was blocked for three days without any notice, and a transfer of 68 euros bounced. I would like this to be checked and corrected.",Resolved at first contact,0.0
CMP-001914,2026-01-19,Personal loan,Branch,Retail,44.0,3.2,2.0,289.01,0.0,2.0,30.0,191.0,-0.25,"I asked to repay my loan early and the fee applied, 289 euros, is far above what the contract says. This has caused me a lot of stress and wasted time.",Resolved at first contact,0.0
CMP-001915,2026-01-19,Personal loan,Phone,Retail,42.0,2.0,1.0,469.68,0.0,3.0,16.0,,,,Resolved after investigation,67.98
CMP-001916,2026-01-19,Insurance,Web form,Affluent,38.0,4.2,4.0,146.84,0.0,0.0,3.0,40.0,0.18,"The insurance policy was renewed and 147 euros charged although I had cancelled it in writing. I assume it is a mistake, but it needs to be resolved.",Resolved at first contact,0.0
CMP-001917,2026-01-19,Personal loan,Email,SME,48.0,0.1,1.0,270.69,0.0,0.0,3.0,119.0,-0.25,My loan application was rejected after 24 days and the 271 euros I paid for the appraisal were not refunded. I expect a refund and a clear explanation.,Resolved at first contact,0.0
CMP-001918,2026-01-19,Current account,Web form,Retail,50.0,15.0,5.0,217.08,1.0,3.0,32.0,138.0,-0.36,I was charged 217 euros in fees that were never mentioned when I opened the account. This is my third attempt to get an answer from you. I am very disappointed with how this has been handled.,Resolved at first contact,0.0
CMP-001919,2026-01-20,Credit card,Email,SME,49.0,5.2,3.0,2274.93,1.0,2.0,25.0,249.0,-0.38,"My card was charged twice for the same purchase of 2,275 euros. This has caused me a lot of stress and wasted time.",Resolved after investigation,995.75
CMP-001920,2026-01-20,Personal loan,Phone,Retail,29.0,7.1,3.0,138.69,1.0,3.0,19.0,,,,Resolved after investigation,44.05
CMP-001921,2026-01-20,Credit card,Web form,SME,71.0,25.7,8.0,853.4,1.0,2.0,24.0,,,,Resolved at first contact,0.0
CMP-001922,2026-01-20,Investments,Phone,SME,65.0,16.5,5.0,1034.88,1.0,3.0,40.0,219.0,-0.35,"I asked to sell my fund units on the 17th; the order was executed days later at a loss of 1,035 euros. I have already called 3 times and nobody has called me back. I am very disappointed with how this has been handled.",Resolved after investigation,455.77
CMP-001923,2026-01-20,Current account,Phone,Affluent,60.0,19.4,7.0,25.13,0.0,1.0,14.0,,,,Resolved at first contact,0.0
CMP-001924,2026-01-21,Insurance,Mobile app,Retail,44.0,0.3,2.0,1863.72,3.0,5.0,45.0,289.0,-0.67,"My claim of 1,864 euros on the policy linked to my account was rejected without any explanation. After 5 contacts with the branch and the call centre, nothing has changed. This is not the first time I have had to complain about this. If this is not resolved within a week I will take it to the ombudsman.",Escalated to ombudsman,934.58
CMP-001925,2026-01-21,Current account,Email,Retail,54.0,16.7,6.0,211.42,2.0,1.0,27.0,204.0,-0.67,I was charged 211 euros in fees that were never mentioned when I opened the account. This is not the first time I have had to complain about this. I demand an immediate refund and a written apology.,Resolved at first contact,0.0
CMP-001926,2026-01-21,Credit card,Email,Retail,44.0,3.5,1.0,134.31,1.0,2.0,25.0,172.0,-0.2,"My card was charged twice for the same purchase of 134 euros. I assume it is a mistake, but it needs to be resolved.",Resolved after investigation,0.0
CMP-001927,2026-01-21,Insurance,Mobile app,Private,55.0,5.2,5.0,693.87,0.0,2.0,20.0,148.0,-0.38,My claim of 694 euros on the policy linked to my account was rejected without any explanation. I expect a refund and a clear explanation.,Resolved at first contact,0.0
CMP-001928,2026-01-21,Investments,Mobile app,Retail,33.0,3.5,3.0,191.85,0.0,3.0,41.0,249.0,-0.42,My advisor moved my savings into a fund I never approved and the position is now 192 euros below what I invested. I have already called 3 times and nobody has called me back. This has caused me a lot of stress and wasted time.,Resolved after investigation,80.01
CMP-001929,2026-01-22,Insurance,Phone,Retail,37.0,4.5,3.0,282.61,0.0,1.0,26.0,119.0,-0.26,The insurance policy was renewed and 283 euros charged although I had cancelled it in writing. I am very disappointed with how this has been handled.,Resolved at first contact,0.0
CMP-001930,2026-01-22,Current account,email,Private,46.0,4.7,5.0,334.39,0.0,2.0,22.0,181.0,0.09,I was charged 334 euros in fees that were never mentioned when I opened the account. I would like this to be checked and corrected.,Resolved at first contact,0.0
CMP-001931,2026-01-22,Current account,Web form,Retail,43.0,9.4,5.0,1225.21,2.0,4.0,37.0,229.0,-0.5,"An unauthorised direct debit of 1,225 euros was taken from my current account on the 4th. I have already called 4 times and nobody has called me back. This is not the first time I have had to complain about this. This has caused me a lot of stress and wasted time.",Resolved after investigation,517.4
CMP-001932,2026-01-22,Current account,Email,SME,66.0,19.7,5.0,5668.43,2.0,3.0,35.0,212.0,-0.57,"I was charged 5,668 euros in fees that were never mentioned when I opened the account. I have already called 3 times and nobody has called me back. This is not the first time I have had to complain about this. I have never been treated so badly by a bank.",Resolved after investigation,0.0
CMP-001933,2026-01-22,Credit card,Branch,Retail,47.0,11.6,4.0,113.21,0.0,1.0,15.0,,,,Resolved at first contact,0.0
CMP-001934,2026-01-22,Current account,Web form,SME,48.0,11.9,4.0,85.88,0.0,1.0,0.0,75.0,0.55,I was charged 86 euros in fees that were never mentioned when I opened the account. Thank you in advance for looking into it.,Resolved at first contact,0.0
CMP-001935,2026-01-23,Mortgage,Web form,Retail,30.0,5.4,3.0,545.16,1.0,2.0,33.0,152.0,-0.48,"The interest rate applied to my mortgage does not match the offer I signed, and I have overpaid 545 euros. This has caused me a lot of stress and wasted time.",Resolved after investigation,129.91
CMP-001936,2026-01-23,Credit card,Email,Retail,38.0,4.3,2.0,208.92,0.0,3.0,27.0,143.0,0.0,The cash-advance fee of 209 euros on my card is not the one stated in the terms. This is my third attempt to get an answer from you. Please let me know what happened and how it will be fixed.,Resolved at first contact,0.0
CMP-001937,2026-01-23,Current account,Web form,Affluent,53.0,9.8,4.0,,2.0,1.0,10.0,182.0,-0.08,A transfer of 886 euros I sent on the 13th never reached the beneficiary and nobody can tell me where it is. This is not the first time I have had to complain about this. Please let me know what happened and how it will be fixed.,Resolved at first contact,0.0
CMP-001938,2026-01-23,Current account,Email,Private,52.0,17.8,8.0,830.96,2.0,5.0,45.0,203.0,-0.64,"An unauthorised direct debit of 831 euros was taken from my current account on the 15th. After 5 contacts with the branch and the call centre, nothing has changed. This is not the first time I have had to complain about this. If this is not resolved within a week I will take it to the ombudsman.",Escalated to ombudsman,628.93
CMP-001939,2026-01-23,Mortgage,Phone,Private,63.0,7.6,5.0,,1.0,4.0,38.0,,,,Resolved after investigation,2897.85
CMP-001940,2026-01-23,Current account,Email,Private,43.0,10.9,7.0,784.53,1.0,4.0,20.0,190.0,-0.29,A transfer of 785 euros I sent on the 15th never reached the beneficiary and nobody can tell me where it is. I have already called 4 times and nobody has called me back. I am very disappointed with how this has been handled.,Resolved after investigation,141.59
CMP-001941,2026-01-23,Credit card,Phone,Retail,55.0,14.4,5.0,66.71,0.0,0.0,28.0,,,,Resolved at first contact,0.0
CMP-001942,2026-01-23,Investments,Email,Retail,40.0,6.1,2.0,,0.0,4.0,30.0,209.0,-0.47,The costs of the investment product were never explained to me and I have paid 551 euros in charges. This is my fourth attempt to get an answer from you. I expect a refund and a clear explanation.,Resolved after investigation,123.0
CMP-001943,2026-01-23,Personal loan,Phone,Retail,,22.5,6.0,791.25,1.0,2.0,38.0,,,,Resolved after investigation,91.51
CMP-001944,2026-01-25,Insurance,Email,Retail,45.0,11.3,4.0,,1.0,5.0,37.0,176.0,-0.7,"My claim of 1,986 euros on the policy linked to my account was rejected without any explanation. This is my fifth attempt to get an answer from you. If this is not resolved within a week I will take it to the ombudsman.",Resolved after investigation,777.72
CMP-001945,2026-01-26,Investments,Phone,Retail,28.0,8.6,5.0,1919.89,0.0,3.0,45.0,183.0,-0.78,"My advisor moved my savings into a fund I never approved and the position is now 1,920 euros below what I invested. After 3 contacts with the branch and the call centre, nothing has changed. I have never been treated so badly by a bank.",Resolved after investigation,235.64
CMP-001946,2026-01-26,Credit card,Mobile app,SME,34.0,5.3,4.0,786.45,1.0,1.0,30.0,163.0,-0.0,There is a transaction of 786 euros on my card statement that I never made. Please let me know what happened and how it will be fixed.,Resolved at first contact,0.0
CMP-001947,2026-01-26,Personal loan,Social media,SME,50.0,9.5,5.0,533.45,0.0,2.0,5.0,172.0,0.09,"I asked to repay my loan early and the fee applied, 533 euros, is far above what the contract says. I would like this to be checked and corrected.",Resolved at first contact,0.0
CMP-001948,2026-01-26,Credit card,Email,Retail,40.0,7.8,3.0,,2.0,3.0,43.0,255.0,-0.53,There is a transaction of 942 euros on my card statement that I never made. This is my third attempt to get an answer from you. This is not the first time I have had to complain about this. I am very disappointed with how this has been handled.,Escalated to ombudsman,581.75
CMP-001949,2026-01-26,Credit card,Branch,Affluent,83.0,20.1,7.0,1147.27,2.0,3.0,22.0,,,,Escalated to ombudsman,1431.28
CMP-001950,2026-01-26,Credit card,Web form,Retail,67.0,13.9,4.0,121.87,1.0,2.0,9.0,159.0,0.07,The cash-advance fee of 122 euros on my card is not the one stated in the terms. Please let me know what happened and how it will be fixed.,Resolved after investigation,22.64
CMP-001951,2026-01-26,Insurance,Web form,Private,44.0,6.3,5.0,187.63,0.0,0.0,9.0,159.0,-0.2,My claim of 188 euros on the policy linked to my account was rejected without any explanation. Please let me know what happened and how it will be fixed.,Resolved at first contact,0.0
CMP-001952,2026-01-26,Insurance,Social media,Retail,52.0,21.7,7.0,,2.0,4.0,43.0,181.0,-0.58,"My claim of 1,913 euros on the policy linked to my account was rejected without any explanation. After 4 contacts with the branch and the call centre, nothing has changed. This is not the first time I have had to complain about this. If this is not resolved within a week I will take it to the ombudsman.",Escalated to ombudsman,1873.32
CMP-001953,2026-01-26,Mortgage,Phone,Affluent,31.0,6.8,5.0,1417.0,0.0,4.0,31.0,137.0,-0.23,"My request to renegotiate the mortgage has been pending for weeks and the delay has cost me 1,417 euros. This is my fourth attempt to get an answer from you. I am very disappointed with how this has been handled.",Resolved at first contact,0.0
CMP-001954,2026-01-26,Current account,Web form,Retail,24.0,20.0,5.0,764.32,1.0,3.0,22.0,125.0,-0.08,"An unauthorised direct debit of 764 euros was taken from my current account on the 9th. This is my third attempt to get an answer from you. I assume it is a mistake, but it needs to be resolved.",Resolved after investigation,284.59
CMP-001955,2026-01-26,Current account,Phone,SME,,11.7,4.0,149.61,0.0,2.0,36.0,,,,Resolved at first contact,0.0
CMP-001956,2026-01-26,Investments,Social media,Retail,47.0,19.0,7.0,800.32,1.0,3.0,36.0,117.0,-0.37,My advisor moved my savings into a fund I never approved and the position is now 800 euros below what I invested. This is my third attempt to get an answer from you. I am very disappointed with how this has been handled.,Resolved after investigation,107.03
CMP-001957,2026-01-26,Investments,Social media,Retail,47.0,2.5,2.0,543.0,0.0,1.0,27.0,144.0,-0.26,My advisor moved my savings into a fund I never approved and the position is now 543 euros below what I invested. I am very disappointed with how this has been handled.,Resolved after investigation,92.27
CMP-001958,2026-01-26,Current account,Mobile app,Affluent,42.0,8.1,6.0,794.86,1.0,3.0,16.0,163.0,-0.64,"My current account was blocked for three days without any notice, and a transfer of 795 euros bounced. This is my third attempt to get an answer from you. If this is not resolved within a week I will take it to the ombudsman.",Resolved after investigation,350.41
CMP-001959,2026-01-27,Current account,Mobile app,Retail,53.0,11.3,4.0,,3.0,5.0,46.0,256.0,-0.92,"An unauthorised direct debit of 2,852 euros was taken from my current account on the 14th. After 5 contacts with the branch and the call centre, nothing has changed. This is not the first time I have had to complain about this. The problem dates back more than a month and is still open. This is unacceptable and I am furious.",Escalated to ombudsman,2728.21
CMP-001960,2026-01-27,Current account,Phone,Retail,43.0,0.1,1.0,565.06,1.0,3.0,21.0,,,,Resolved after investigation,97.25
CMP-001961,2026-01-27,Investments,Web form,Affluent,43.0,0.1,3.0,3743.48,2.0,4.0,64.0,270.0,-0.87,"The costs of the investment product were never explained to me and I have paid 3,743 euros in charges. After 4 contacts with the branch and the call centre, nothing has changed. This is not the first time I have had to complain about this. The problem dates back more than a month and is still open. This is unacceptable and I am furious.",Escalated to ombudsman,3128.18
CMP-001962,2026-01-27,Personal loan,Web form,Affluent,57.0,15.0,6.0,4477.37,2.0,4.0,36.0,,,,Escalated to ombudsman,3987.06
CMP-001963,2026-01-28,Personal loan,Social media,Retail,32.0,0.1,2.0,1333.49,1.0,2.0,44.0,188.0,-0.47,"I asked to repay my loan early and the fee applied, 1,333 euros, is far above what the contract says. I expect a refund and a clear explanation.",Escalated to ombudsman,1358.79
CMP-001964,2026-01-28,Current account,Branch,Affluent,70.0,18.3,8.0,184.18,0.0,1.0,8.0,,,,Resolved at first contact,0.0
CMP-001965,2026-01-28,Insurance,Mobile app,Retail,59.0,13.9,5.0,2365.49,0.0,3.0,34.0,158.0,-0.16,"The insurance policy was renewed and 2,365 euros charged although I had cancelled it in writing. I have already called 3 times and nobody has called me back. Please let me know what happened and how it will be fixed.",Resolved after investigation,1083.34
CMP-001966,2026-01-28,Current account,Branch,Retail,71.0,12.7,5.0,98.05,0.0,2.0,19.0,,,,Resolved at first contact,0.0
CMP-001967,2026-01-28,Current account,E-mail,Retail,43.0,4.9,2.0,122.54,1.0,2.0,30.0,229.0,-0.62,I was charged 123 euros in fees that were never mentioned when I opened the account. I demand an immediate refund and a written apology.,Resolved after investigation,21.41
CMP-001968,2026-01-29,Current account,Web form,Retail,62.0,16.3,6.0,202.7,2.0,3.0,13.0,192.0,-0.48,An unauthorised direct debit of 203 euros was taken from my current account on the 5th. This is my third attempt to get an answer from you. This is not the first time I have had to complain about this. I expect a refund and a clear explanation.,Resolved after investigation,0.0
CMP-001969,2026-01-29,Investments,Branch,Affluent,56.0,14.2,8.0,,1.0,3.0,38.0,,,,Resolved after investigation,367.98
CMP-001970,2026-01-29,Mortgage,Branch,Affluent,75.0,24.4,8.0,622.92,0.0,3.0,37.0,,,,Resolved after investigation,0.0
CMP-001971,2026-01-29,Current account,Phone,Affluent,63.0,15.0,7.0,586.41,1.0,3.0,32.0,,,,Resolved after investigation,66.35
CMP-001972,2026-01-29,Current account,Email,Retail,45.0,2.9,1.0,374.26,0.0,3.0,23.0,178.0,-0.22,"An unauthorised direct debit of 374 euros was taken from my current account on the 17th. After 3 contacts with the branch and the call centre, nothing has changed. This has caused me a lot of stress and wasted time.",Resolved after investigation,175.71
CMP-001973,2026-01-29,Current account,Web form,Affluent,56.0,13.2,7.0,530.19,1.0,1.0,35.0,146.0,-0.24,I was charged 530 euros in fees that were never mentioned when I opened the account. I expect a refund and a clear explanation.,Resolved after investigation,243.38
CMP-001974,2026-01-29,Personal loan,Mobile app,Affluent,31.0,0.1,1.0,316.68,1.0,3.0,23.0,115.0,-0.13,My loan application was rejected after 12 days and the 317 euros I paid for the appraisal were not refunded. I have already called 3 times and nobody has called me back. I would like this to be checked and corrected.,Resolved at first contact,0.0
CMP-001975,2026-01-29,Mortgage,Phone,Retail,66.0,13.0,5.0,,2.0,4.0,41.0,215.0,-0.55,"My request to renegotiate the mortgage has been pending for weeks and the delay has cost me 3,134 euros. This is my fourth attempt to get an answer from you. This is not the first time I have had to complain about this. I expect a refund and a clear explanation.",Resolved after investigation,1287.03
CMP-001976,2026-01-30,Current account,Email,Retail,47.0,5.9,4.0,3307.58,0.0,4.0,45.0,141.0,-0.71,"A transfer of 3,308 euros I sent on the 7th never reached the beneficiary and nobody can tell me where it is. After 4 contacts with the branch and the call centre, nothing has changed. This is unacceptable and I am furious.",Resolved after investigation,1513.89
CMP-001977,2026-01-30,Personal loan,Branch,Affluent,51.0,14.9,6.0,762.71,2.0,3.0,22.0,,,,Resolved at first contact,7.21
CMP-001978,2026-01-30,Current account,Email,Affluent,53.0,0.6,8.0,1524.17,1.0,3.0,43.0,247.0,-0.42,"I was charged 1,524 euros in fees that were never mentioned when I opened the account. This is my third attempt to get an answer from you. This has caused me a lot of stress and wasted time.",Escalated to ombudsman,1732.55
CMP-001979,2026-01-30,Credit card,Web form,Affluent,47.0,2.8,3.0,172.75,0.0,0.0,11.0,177.0,0.41,There is a transaction of 173 euros on my card statement that I never made. Your staff have been helpful so far; I just need this last point solved.,Resolved at first contact,15.89
CMP-001980,2026-01-30,Credit card,Phone,Retail,52.0,11.2,5.0,363.14,0.0,0.0,22.0,198.0,0.31,There is a transaction of 363 euros on my card statement that I never made. Thank you in advance for looking into it.,Resolved at first contact,0.0
CMP-001981,2026-01-30,Personal loan,Branch,Retail,43.0,4.2,3.0,566.04,1.0,2.0,32.0,144.0,-0.22,My loan application was rejected after 14 days and the 566 euros I paid for the appraisal were not refunded. This has caused me a lot of stress and wasted time.,Resolved at first contact,0.0
CMP-001982,2026-01-30,Credit card,Phone,Retail,37.0,6.7,3.0,314.35,2.0,3.0,41.0,,,,Resolved at first contact,0.0
CMP-001983,2026-01-30,Personal loan,Email,Retail,58.0,21.5,7.0,728.89,1.0,5.0,45.0,250.0,-0.66,The instalment taken for my loan is 729 euros higher than the amount agreed in the contract. This is my fifth attempt to get an answer from you. I demand an immediate refund and a written apology.,Resolved after investigation,206.53
CMP-001984,2026-01-30,Current account,Email,Retail,42.0,11.3,5.0,385.78,0.0,1.0,16.0,90.0,0.08,I was charged 386 euros in fees that were never mentioned when I opened the account. I would like this to be checked and corrected.,Resolved at first contact,0.0
CMP-001985,2026-01-31,Investments,Phone,Private,42.0,7.3,5.0,1010.52,0.0,1.0,20.0,137.0,0.0,"The costs of the investment product were never explained to me and I have paid 1,011 euros in charges. I would like this to be checked and corrected.",Resolved after investigation,159.3
CMP-001986,2026-01-31,Personal loan,Email,Affluent,53.0,4.0,2.0,417.29,1.0,1.0,20.0,163.0,0.02,"I asked to repay my loan early and the fee applied, 417 euros, is far above what the contract says. Please let me know what happened and how it will be fixed.",Resolved at first contact,0.0
CMP-001987,2026-02-01,Insurance,Mobile app,Retail,46.0,4.5,3.0,967.56,2.0,3.0,27.0,209.0,-0.7,"The insurance policy was renewed and 968 euros charged although I had cancelled it in writing. After 3 contacts with the branch and the call centre, nothing has changed. This is not the first time I have had to complain about this. If this is not resolved within a week I will take it to the ombudsman.",Resolved at first contact,0.0
CMP-001988,2026-02-02,Personal loan,Phone,Retail,44.0,7.2,3.0,,1.0,4.0,37.0,,,,Resolved after investigation,0.0
CMP-001989,2026-02-02,Credit card,Phone,unknown,62.0,16.8,4.0,1086.29,3.0,2.0,43.0,,,,Resolved at first contact,0.0
CMP-001990,2026-02-02,Insurance,Web form,Retail,,20.2,6.0,1096.81,2.0,2.0,12.0,153.0,-0.07,"The insurance policy was renewed and 1,097 euros charged although I had cancelled it in writing. This is not the first time I have had to complain about this. Please let me know what happened and how it will be fixed.",Resolved after investigation,435.3
CMP-001991,2026-02-02,Insurance,Branch,Retail,68.0,15.2,6.0,1085.93,1.0,4.0,27.0,,,,Resolved after investigation,245.56
CMP-001992,2026-02-02,Credit card,Branch,Affluent,64.0,20.7,8.0,339.41,0.0,2.0,5.0,,,,Resolved at first contact,0.0
CMP-001993,2026-02-02,Current account,Mobile app,Retail,28.0,0.1,1.0,277.46,1.0,5.0,41.0,213.0,-0.46,"A transfer of 277 euros I sent on the 15th never reached the beneficiary and nobody can tell me where it is. After 5 contacts with the branch and the call centre, nothing has changed. This has caused me a lot of stress and wasted time.",Resolved at first contact,0.0
CMP-001994,2026-02-02,Investments,Phone,Retail,46.0,4.9,2.0,327.61,0.0,0.0,16.0,148.0,0.09,"The costs of the investment product were never explained to me and I have paid 328 euros in charges. I assume it is a mistake, but it needs to be resolved.",Resolved at first contact,0.0
CMP-001995,2026-02-02,Credit card,Web form,Retail,66.0,18.3,5.0,685.34,0.0,3.0,24.0,161.0,-0.2,"My card was charged twice for the same purchase of 685 euros. After 3 contacts with the branch and the call centre, nothing has changed. Please let me know what happened and how it will be fixed.",Resolved at first contact,0.0
CMP-001996,2026-02-02,Current account,Mobile app,Retail,53.0,21.2,7.0,1167.71,1.0,3.0,19.0,167.0,-0.21,"An unauthorised direct debit of 1,168 euros was taken from my current account on the 15th. After 3 contacts with the branch and the call centre, nothing has changed. I expect a refund and a clear explanation.",Resolved after investigation,297.26
CMP-001997,2026-02-02,Investments,Mobile app,Retail,31.0,5.9,2.0,2688.56,1.0,3.0,40.0,201.0,-0.28,"I asked to sell my fund units on the 16th; the order was executed days later at a loss of 2,689 euros. I have already called 3 times and nobody has called me back. I expect a refund and a clear explanation.",Resolved after investigation,1257.01
CMP-001998,2026-02-02,Credit card,Branch,Private,68.0,7.0,4.0,355.96,0.0,1.0,8.0,,,,Resolved at first contact,0.0
CMP-001999,2026-02-02,Current account,Phone,Retail,18.0,0.0,2.0,810.4,3.0,3.0,30.0,,,,Escalated to ombudsman,721.58
CMP-002000,2026-02-02,Current account,Mobile app,Retail,30.0,0.3,2.0,,2.0,5.0,34.0,254.0,-0.63,"A transfer of 1,825 euros I sent on the 11th never reached the beneficiary and nobody can tell me where it is. After 5 contacts with the branch and the call centre, nothing has changed. This is not the first time I have had to complain about this. I have never been treated so badly by a bank.",Escalated to ombudsman,2253.32
CMP-002001,2026-02-02,Insurance,Phone,SME,42.0,2.1,2.0,7001.47,1.0,4.0,37.0,,,,Escalated to ombudsman,7275.92
CMP-002002,2026-02-02,Current account,Phone,Affluent,46.0,6.1,4.0,360.05,0.0,0.0,16.0,115.0,-0.03,"An unauthorised direct debit of 360 euros was taken from my current account on the 26th. I assume it is a mistake, but it needs to be resolved.",Resolved after investigation,0.0
CMP-002003,2026-02-02,Mortgage,Social media,Retail,27.0,0.1,1.0,200.97,0.0,0.0,32.0,130.0,-0.22,"The interest rate applied to my mortgage does not match the offer I signed, and I have overpaid 201 euros. I expect a refund and a clear explanation.",Resolved at first contact,0.0
CMP-002004,2026-02-02,Credit card,Phone,SME,46.0,0.1,1.0,4914.57,3.0,6.0,39.0,,,,Escalated to ombudsman,2417.7
CMP-002005,2026-02-03,Credit card,E-mail,Retail,19.0,0.1,1.0,1407.51,1.0,2.0,42.0,260.0,-0.34,"My card was blocked while I was abroad and I had to pay 1,408 euros in cash with no explanation. This has caused me a lot of stress and wasted time.",Resolved after investigation,299.66
CMP-002006,2026-02-03,Personal loan,Web form,Retail,27.0,22.0,1.0,292.79,1.0,1.0,12.0,99.0,-0.59,My loan application was rejected after 7 days and the 293 euros I paid for the appraisal were not refunded. I have never been treated so badly by a bank.,Resolved after investigation,63.54
CMP-002007,2026-02-03,Current account,Web form,Private,,17.1,8.0,,3.0,3.0,37.0,226.0,-0.78,"My current account was blocked for three days without any notice, and a transfer of 3,321 euros bounced. After 3 contacts with the branch and the call centre, nothing has changed. This is not the first time I have had to complain about this. This is unacceptable and I am furious.",Escalated to ombudsman,3017.29
CMP-002008,2026-02-03,Current account,Mobile app,Retail,26.0,5.7,3.0,58.84,0.0,0.0,2.0,116.0,-0.88,The mobile app has been down for two days and my payment of 59 euros bounced. I demand an immediate refund and a written apology.,Resolved at first contact,0.0
CMP-002009,2026-02-03,Current account,Mobile app,Retail,52.0,1.3,2.0,29.39,0.0,1.0,2.0,89.0,-0.47,Since this morning the app shows the same payment of 29 euros twice and I cannot get through to anyone. I expect a refund and a clear explanation.,Resolved after investigation,6.35
CMP-002010,2026-02-03,Current account,Mobile app,Affluent,27.0,2.1,2.0,36.65,0.0,1.0,4.0,130.0,-0.29,Since this morning the app shows the same payment of 37 euros twice and I cannot get through to anyone. I am very disappointed with how this has been handled.,Resolved at first contact,0.0
CMP-002011,2026-02-03,Current account,Mobile app,Retail,18.0,0.0,1.0,54.01,0.0,1.0,0.0,44.0,-0.31,"After the update the app would not let me log in, and a payment of 54 euros was taken twice. I am very disappointed with how this has been handled.",Resolved after investigation,14.26
CMP-002012,2026-02-03,Current account,Mobile app,Retail,24.0,6.0,3.0,24.25,2.0,0.0,5.0,91.0,-0.67,Since this morning the app shows the same payment of 24 euros twice and I cannot get through to anyone. This is not the first time I have had to complain about this. If this is not resolved within a week I will take it to the ombudsman.,Resolved after investigation,0.0
CMP-002013,2026-02-03,Current account,Mobile app,Retail,42.0,4.7,3.0,32.64,0.0,3.0,1.0,114.0,-0.62,"The mobile app has been down for two days and my payment of 33 euros bounced. After 3 contacts with the branch and the call centre, nothing has changed. I demand an immediate refund and a written apology.",Resolved at first contact,0.0
CMP-002014,2026-02-03,Current account,Mobile app,Retail,43.0,2.0,2.0,31.57,0.0,1.0,0.0,32.0,-0.31,The mobile app has been down for two days and my payment of 32 euros bounced. I expect a refund and a clear explanation.,Resolved at first contact,0.0
CMP-002015,2026-02-03,Current account,Mobile app,Retail,39.0,5.3,3.0,79.22,1.0,2.0,5.0,121.0,-0.34,The mobile app has been down for two days and my payment of 79 euros bounced. I am very disappointed with how this has been handled.,Resolved after investigation,36.55
CMP-002016,2026-02-03,Current account,Mobile app,Retail,57.0,3.9,1.0,55.98,1.0,0.0,3.0,35.0,-0.7,"After the update the app would not let me log in, and a payment of 56 euros was taken twice. I demand an immediate refund and a written apology.",Resolved at first contact,0.0
CMP-002017,2026-02-03,Current account,Mobile app,Retail,36.0,4.9,3.0,83.94,0.0,1.0,2.0,113.0,-0.81,The mobile app has been down for two days and my payment of 84 euros bounced. If this is not resolved within a week I will take it to the ombudsman.,Resolved at first contact,0.0
CMP-002018,2026-02-03,Current account,Mobile app,Retail,29.0,11.0,5.0,44.45,1.0,4.0,4.0,92.0,-0.14,The mobile app has been down for two days and my payment of 44 euros bounced. This is my fourth attempt to get an answer from you. I would like this to be checked and corrected.,Resolved at first contact,42.9
CMP-002019,2026-02-03,Current account,Mobile app,Retail,29.0,7.7,2.0,43.42,0.0,1.0,0.0,62.0,-0.59,"After the update the app would not let me log in, and a payment of 43 euros was taken twice. If this is not resolved within a week I will take it to the ombudsman.",Resolved at first contact,36.36
CMP-002020,2026-02-03,Current account,Mobile app,Affluent,37.0,14.5,5.0,96.58,1.0,0.0,0.0,93.0,-0.29,"After the update the app would not let me log in, and a payment of 97 euros was taken twice. This has caused me a lot of stress and wasted time.",Resolved at first contact,0.0
CMP-002021,2026-02-03,Current account,Mobile app,Affluent,53.0,3.1,2.0,19.8,0.0,1.0,1.0,150.0,-0.35,Since this morning the app shows the same payment of 20 euros twice and I cannot get through to anyone. I expect a refund and a clear explanation.,Resolved at first contact,0.0
CMP-002022,2026-02-03,Current account,Mobile app,Retail,29.0,5.2,3.0,43.0,1.0,2.0,1.0,130.0,-0.67,The mobile app has been down for two days and my payment of 43 euros bounced. I demand an immediate refund and a written apology.,Resolved at first contact,0.0
CMP-002023,2026-02-03,Current account,Mobile app,Retail,38.0,9.6,5.0,59.96,0.0,1.0,1.0,93.0,-1.0,"After the update the app would not let me log in, and a payment of 60 euros was taken twice. This is unacceptable and I am furious.",Resolved at first contact,0.0
CMP-002024,2026-02-04,Insurance,Mobile app,Retail,34.0,0.1,1.0,1282.16,3.0,4.0,28.0,180.0,-0.68,"My claim of 1,282 euros on the policy linked to my account was rejected without any explanation. I have already called 4 times and nobody has called me back. This is not the first time I have had to complain about this. I have never been treated so badly by a bank.",Escalated to ombudsman,1628.57
CMP-002025,2026-02-04,Credit card,Phone,Retail,52.0,7.0,3.0,420.22,2.0,1.0,28.0,201.0,-0.63,The cash-advance fee of 420 euros on my card is not the one stated in the terms. This is not the first time I have had to complain about this. If this is not resolved within a week I will take it to the ombudsman.,Resolved at first contact,0.0
CMP-002026,2026-02-04,Mortgage,Mobile app,Retail,,0.1,1.0,199.4,1.0,4.0,36.0,221.0,-0.19,An insurance premium of 199 euros was added to my mortgage instalment without my consent. I have already called 4 times and nobody has called me back. Please let me know what happened and how it will be fixed.,Resolved after investigation,66.42
CMP-002027,2026-02-04,Personal loan,Phone,SME,48.0,8.8,4.0,,3.0,4.0,42.0,,,,Resolved after investigation,804.31
CMP-002028,2026-02-04,Credit card,Phone,Affluent,58.0,15.1,6.0,353.75,1.0,3.0,23.0,,,,Resolved after investigation,151.09
CMP-002029,2026-02-04,Current account,Mobile app,Retail,37.0,0.2,2.0,138.56,1.0,3.0,5.0,101.0,-0.45,The mobile app has been down for two days and my payment of 139 euros bounced. I have already called 3 times and nobody has called me back. This has caused me a lot of stress and wasted time.,Resolved at first contact,0.0
CMP-002030,2026-02-04,Current account,Mobile app,Retail,37.0,10.8,5.0,9.62,0.0,0.0,5.0,97.0,-0.51,Since this morning the app shows the same payment of 10 euros twice and I cannot get through to anyone. This has caused me a lot of stress and wasted time.,Resolved at first contact,0.0
CMP-002031,2026-02-04,Current account,Mobile app,Retail,27.0,7.0,3.0,32.47,1.0,1.0,2.0,48.0,-0.25,The mobile app has been down for two days and my payment of 32 euros bounced. I am very disappointed with how this has been handled.,Resolved after investigation,8.87
CMP-002032,2026-02-04,Current account,Mobile app,Affluent,28.0,3.6,3.0,67.87,0.0,0.0,4.0,77.0,-0.87,The mobile app has been down for two days and my payment of 68 euros bounced. This is unacceptable and I am furious.,Resolved at first contact,0.0
CMP-002033,2026-02-04,Current account,Mobile app,Retail,46.0,8.7,4.0,81.59,0.0,0.0,5.0,32.0,-0.55,The mobile app has been down for two days and my payment of 82 euros bounced. I am very disappointed with how this has been handled.,Resolved after investigation,12.06
CMP-002034,2026-02-04,Current account,Mobile app,Retail,27.0,4.0,2.0,55.11,0.0,1.0,5.0,122.0,-0.16,"After the update the app would not let me log in, and a payment of 55 euros was taken twice. I would like this to be checked and corrected.",Resolved after investigation,25.28
CMP-002035,2026-02-04,Current account,Mobile app,Retail,26.0,8.0,3.0,24.61,0.0,2.0,5.0,61.0,-0.54,The mobile app has been down for two days and my payment of 25 euros bounced. I expect a refund and a clear explanation.,Resolved at first contact,0.0
CMP-002036,2026-02-04,Current account,Mobile app,Retail,40.0,4.9,2.0,44.65,1.0,1.0,2.0,85.0,-0.71,The mobile app has been down for two days and my payment of 45 euros bounced. If this is not resolved within a week I will take it to the ombudsman.,Resolved at first contact,0.0
CMP-002037,2026-02-04,Current account,Mobile app,Retail,54.0,2.2,2.0,29.71,0.0,0.0,0.0,24.0,-0.62,The mobile app has been down for two days and my payment of 30 euros bounced. I have never been treated so badly by a bank.,Resolved at first contact,0.0
CMP-002038,2026-02-04,Current account,Mobile app,Affluent,18.0,0.0,1.0,14.87,1.0,0.0,1.0,79.0,-0.1,"The mobile app has been down for two days and my payment of 15 euros bounced. I assume it is a mistake, but it needs to be resolved.",Resolved at first contact,0.0
CMP-002039,2026-02-04,Current account,Mobile app,Retail,18.0,0.0,1.0,45.01,1.0,1.0,2.0,87.0,-0.92,The mobile app has been down for two days and my payment of 45 euros bounced. This is unacceptable and I am furious.,Resolved after investigation,9.22
CMP-002040,2026-02-04,Current account,Mobile app,Retail,41.0,2.7,1.0,31.01,1.0,0.0,2.0,90.0,-0.72,The mobile app has been down for two days and my payment of 31 euros bounced. I have never been treated so badly by a bank.,Resolved at first contact,0.0
CMP-002041,2026-02-04,Current account,Mobile app,Retail,45.0,0.2,2.0,139.77,0.0,0.0,0.0,136.0,-1.0,"After the update the app would not let me log in, and a payment of 140 euros was taken twice. I have never been treated so badly by a bank.",Resolved at first contact,0.0
CMP-002042,2026-02-04,Current account,Mobile app,Retail,43.0,0.1,1.0,41.64,1.0,1.0,2.0,88.0,-0.25,Since this morning the app shows the same payment of 42 euros twice and I cannot get through to anyone. I expect a refund and a clear explanation.,Resolved at first contact,0.0
CMP-002043,2026-02-04,Current account,Mobile app,Retail,20.0,2.0,1.0,56.7,0.0,1.0,4.0,97.0,-0.15,"After the update the app would not let me log in, and a payment of 57 euros was taken twice. I would like this to be checked and corrected.",Resolved after investigation,27.93
CMP-002044,2026-02-04,Current account,Mobile app,Retail,29.0,5.3,2.0,36.09,1.0,1.0,1.0,138.0,-0.14,"After the update the app would not let me log in, and a payment of 36 euros was taken twice. I would like this to be checked and corrected.",Resolved at first contact,0.0
CMP-002045,2026-02-04,Current account,Mobile app,Affluent,37.0,0.1,1.0,51.02,0.0,1.0,5.0,133.0,-0.57,The mobile app has been down for two days and my payment of 51 euros bounced. I demand an immediate refund and a written apology.,Resolved at first contact,0.0
CMP-002046,2026-02-05,Credit card,Email,Retail,39.0,5.1,3.0,68.26,1.0,2.0,18.0,150.0,0.09,My card was charged twice for the same purchase of 68 euros. Please let me know what happened and how it will be fixed.,Resolved at first contact,0.0
CMP-002047,2026-02-05,Current account,Web form,Retail,45.0,3.4,2.0,450.89,1.0,3.0,38.0,182.0,-0.26,"My current account was blocked for three days without any notice, and a transfer of 451 euros bounced. This is my third attempt to get an answer from you. I expect a refund and a clear explanation.",Resolved after investigation,143.76
CMP-002048,2026-02-05,Credit card,Mobile app,Affluent,49.0,17.9,6.0,39.22,0.0,0.0,5.0,20.0,0.37,"My card was charged twice for the same purchase of 39 euros. I have always been happy with the bank, so I am sure this can be sorted out quickly.",Resolved at first contact,0.0
CMP-002049,2026-02-05,Credit card,Email,Affluent,40.0,8.7,5.0,247.71,0.0,0.0,13.0,161.0,-0.2,There is a transaction of 248 euros on my card statement that I never made. I would like this to be checked and corrected.,Resolved at first contact,0.0
CMP-002050,2026-02-05,Credit card,Web form,Retail,54.0,14.5,6.0,1026.9,2.0,5.0,31.0,203.0,-1.0,"My card was blocked while I was abroad and I had to pay 1,027 euros in cash with no explanation. I have already called 5 times and nobody has called me back. This is not the first time I have had to complain about this. This is unacceptable and I am furious.",Resolved after investigation,281.77
CMP-002051,2026-02-05,Mortgage,Phone,Affluent,30.0,10.3,5.0,1044.19,1.0,1.0,24.0,143.0,-0.37,"The interest rate applied to my mortgage does not match the offer I signed, and I have overpaid 1,044 euros. I am very disappointed with how this has been handled.",Resolved after investigation,261.67
CMP-002052,2026-02-05,Investments,Branch,Retail,45.0,22.1,7.0,505.34,0.0,4.0,38.0,203.0,-0.54,My advisor moved my savings into a fund I never approved and the position is now 505 euros below what I invested. I have already called 4 times and nobody has called me back. This has caused me a lot of stress and wasted time.,Resolved after investigation,51.47
CMP-002053,2026-02-05,Current account,Mobile app,Retail,,10.0,4.0,21.73,0.0,0.0,5.0,92.0,-0.66,"After the update the app would not let me log in, and a payment of 22 euros was taken twice. This is unacceptable and I am furious.",Resolved at first contact,0.0
CMP-002054,2026-02-05,Current account,Mobile app,Retail,39.0,7.7,4.0,29.99,0.0,1.0,3.0,,,,Resolved at first contact,0.0
CMP-002055,2026-02-05,Current account,Mobile app,Retail,18.0,0.0,1.0,67.73,0.0,2.0,5.0,27.0,-0.3,The mobile app has been down for two days and my payment of 68 euros bounced. I am very disappointed with how this has been handled.,Resolved at first contact,0.0
CMP-002056,2026-02-05,Current account,Mobile app,Retail,31.0,4.1,2.0,21.72,0.0,2.0,2.0,89.0,-0.41,"After the update the app would not let me log in, and a payment of 22 euros was taken twice. This has caused me a lot of stress and wasted time.",Resolved at first contact,0.0
CMP-002057,2026-02-05,Current account,Mobile app,Retail,35.0,8.6,3.0,63.65,0.0,3.0,2.0,66.0,-0.87,The mobile app has been down for two days and my payment of 64 euros bounced. I have already called 3 times and nobody has called me back. I demand an immediate refund and a written apology.,Resolved at first contact,0.0
CMP-002058,2026-02-05,Current account,Mobile app,Retail,27.0,3.4,3.0,22.38,0.0,1.0,4.0,75.0,-0.12,The mobile app has been down for two days and my payment of 22 euros bounced. Please let me know what happened and how it will be fixed.,Escalated to ombudsman,221.67
CMP-002059,2026-02-05,Current account,Mobile app,Retail,38.0,8.1,4.0,23.37,1.0,1.0,1.0,33.0,-0.73,"After the update the app would not let me log in, and a payment of 23 euros was taken twice. If this is not resolved within a week I will take it to the ombudsman.",Resolved at first contact,0.0
CMP-002060,2026-02-05,Current account,Mobile app,Retail,45.0,3.2,1.0,24.87,0.0,0.0,5.0,96.0,-0.65,"After the update the app would not let me log in, and a payment of 25 euros was taken twice. This is unacceptable and I am furious.",Resolved at first contact,0.0
CMP-002061,2026-02-05,Current account,Mobile app,Retail,33.0,7.9,3.0,64.64,0.0,0.0,4.0,96.0,-0.57,The mobile app has been down for two days and my payment of 65 euros bounced. This is unacceptable and I am furious.,Resolved after investigation,11.19
CMP-002062,2026-02-05,Current account,Mobile app,Affluent,,1.4,1.0,39.05,0.0,1.0,1.0,119.0,-0.75,"After the update the app would not let me log in, and a payment of 39 euros was taken twice. I demand an immediate refund and a written apology.",Resolved at first contact,0.0
CMP-002063,2026-02-05,Current account,Mobile app,Retail,42.0,4.2,1.0,38.63,0.0,1.0,4.0,89.0,-0.02,The mobile app has been down for two days and my payment of 39 euros bounced. I would like this to be checked and corrected.,Resolved at first contact,0.0
CMP-002064,2026-02-05,Current account,Mobile app,Retail,41.0,0.1,1.0,48.1,0.0,1.0,5.0,73.0,-0.61,"After the update the app would not let me log in, and a payment of 48 euros was taken twice. This is unacceptable and I am furious.",Resolved at first contact,31.05
CMP-002065,2026-02-05,Current account,Mobile app,Affluent,25.0,5.8,4.0,55.44,1.0,1.0,5.0,70.0,-0.3,The mobile app has been down for two days and my payment of 55 euros bounced. I am very disappointed with how this has been handled.,Resolved at first contact,0.0
CMP-002066,2026-02-05,Current account,Mobile app,Retail,25.0,7.0,3.0,38.28,0.0,1.0,2.0,31.0,-0.46,The mobile app has been down for two days and my payment of 38 euros bounced. This has caused me a lot of stress and wasted time.,Resolved at first contact,0.0
CMP-002067,2026-02-05,Current account,Mobile app,Affluent,40.0,1.6,3.0,44.73,1.0,1.0,4.0,74.0,-0.35,"After the update the app would not let me log in, and a payment of 45 euros was taken twice. I am very disappointed with how this has been handled.",Resolved at first contact,0.0
CMP-002068,2026-02-05,Current account,Mobile app,Retail,27.0,0.1,2.0,47.78,1.0,1.0,5.0,138.0,-0.86,The mobile app has been down for two days and my payment of 48 euros bounced. If this is not resolved within a week I will take it to the ombudsman.,Resolved at first contact,0.0
CMP-002069,2026-02-05,Current account,Mobile app,SME,21.0,3.0,1.0,33.04,1.0,0.0,4.0,75.0,-1.0,The mobile app has been down for two days and my payment of 33 euros bounced. I demand an immediate refund and a written apology.,Resolved at first contact,0.0
CMP-002070,2026-02-06,Mortgage,Email,Retail,58.0,20.6,8.0,695.88,0.0,2.0,34.0,96.0,-0.01,"The interest rate applied to my mortgage does not match the offer I signed, and I have overpaid 696 euros. Please let me know what happened and how it will be fixed.",Resolved after investigation,341.96
CMP-002071,2026-02-06,Mortgage,Mobile app,SME,25.0,0.1,1.0,131.28,0.0,0.0,9.0,31.0,0.03,My request to renegotiate the mortgage has been pending for weeks and the delay has cost me 131 euros. Please let me know what happened and how it will be fixed.,Resolved at first contact,0.0
CMP-002072,2026-02-06,Insurance,Phone,Retail,55.0,21.7,8.0,564.12,0.0,3.0,23.0,,,,Resolved at first contact,0.0
CMP-002073,2026-02-06,Credit card,Email,Retail,61.0,7.4,3.0,1305.81,2.0,4.0,33.0,226.0,-0.56,"There is a transaction of 1,306 euros on my card statement that I never made. This is my fourth attempt to get an answer from you. This is not the first time I have had to complain about this. I have never been treated so badly by a bank.",Resolved after investigation,165.16
CMP-002074,2026-02-06,Current account,Phone,Retail,28.0,0.1,1.0,170.07,2.0,2.0,12.0,138.0,-0.38,"My current account was blocked for three days without any notice, and a transfer of 170 euros bounced. This is not the first time I have had to complain about this. I expect a refund and a clear explanation.",Resolved at first contact,0.0
CMP-002075,2026-02-06,Mortgage,Web form,Retail,32.0,0.1,2.0,215.96,1.0,3.0,37.0,140.0,-0.28,"My request to renegotiate the mortgage has been pending for weeks and the delay has cost me 216 euros. After 3 contacts with the branch and the call centre, nothing has changed. I am very disappointed with how this has been handled.",Resolved at first contact,0.0
CMP-002076,2026-02-06,Current account,Phone,Retail,,0.0,2.0,717.29,1.0,4.0,46.0,,,,Escalated to ombudsman,464.6
CMP-002077,2026-02-06,Credit card,Phone,Retail,52.0,6.1,3.0,69.44,0.0,0.0,7.0,,,,Resolved at first contact,0.0
CMP-002078,2026-02-06,Investments,Mobile app,Retail,37.0,10.0,5.0,1417.77,3.0,4.0,64.0,228.0,-0.69,"My advisor moved my savings into a fund I never approved and the position is now 1,418 euros below what I invested. I have already called 4 times and nobody has called me back. This is not the first time I have had to complain about this. The problem dates back more than a month and is still open. If this is not resolved within a week I will take it to the ombudsman.",Escalated to ombudsman,709.94
CMP-002079,2026-02-06,Current account,Mobile app,Retail,36.0,7.6,4.0,67.08,0.0,4.0,5.0,67.0,-0.25,Since this morning the app shows the same payment of 67 euros twice and I cannot get through to anyone. This is my fourth attempt to get an answer from you. This has caused me a lot of stress and wasted time.,Resolved at first contact,0.0
CMP-002080,2026-02-06,Current account,Mobile app,Retail,24.0,6.0,3.0,25.25,0.0,0.0,5.0,161.0,-0.57,Since this morning the app shows the same payment of 25 euros twice and I cannot get through to anyone. This is unacceptable and I am furious.,Resolved at first contact,0.0
CMP-002081,2026-02-06,Current account,Mobile app,Retail,41.0,1.5,1.0,93.82,1.0,3.0,3.0,100.0,-0.9,Since this morning the app shows the same payment of 94 euros twice and I cannot get through to anyone. I have already called 3 times and nobody has called me back. I have never been treated so badly by a bank.,Resolved after investigation,14.29
CMP-002082,2026-02-06,Current account,Mobile app,Retail,21.0,3.0,4.0,91.9,0.0,3.0,2.0,31.0,-0.26,The mobile app has been down for two days and my payment of 92 euros bounced. I have already called 3 times and nobody has called me back. This has caused me a lot of stress and wasted time.,Resolved at first contact,0.0
CMP-002083,2026-02-06,Current account,Mobile app,Retail,30.0,3.7,3.0,61.57,0.0,0.0,0.0,77.0,-0.16,"Since this morning the app shows the same payment of 62 euros twice and I cannot get through to anyone. I assume it is a mistake, but it needs to be resolved.",Resolved at first contact,22.96
CMP-002084,2026-02-06,Current account,Mobile app,Retail,49.0,10.4,3.0,27.92,0.0,1.0,2.0,73.0,-0.33,The mobile app has been down for two days and my payment of 28 euros bounced. This has caused me a lot of stress and wasted time.,Resolved at first contact,0.0
CMP-002085,2026-02-06,Current account,Mobile app,Retail,28.0,0.1,2.0,143.1,1.0,1.0,0.0,132.0,-0.14,Since this morning the app shows the same payment of 143 euros twice and I cannot get through to anyone. Please let me know what happened and how it will be fixed.,Resolved at first contact,0.0
CMP-002086,2026-02-06,Current account,Mobile app,Retail,24.0,5.0,4.0,23.49,1.0,2.0,3.0,75.0,-0.6,Since this morning the app shows the same payment of 23 euros twice and I cannot get through to anyone. I demand an immediate refund and a written apology.,Resolved after investigation,2.49
CMP-002087,2026-02-06,Current account,Mobile app,Retail,29.0,1.5,3.0,27.24,1.0,1.0,2.0,103.0,-1.0,Since this morning the app shows the same payment of 27 euros twice and I cannot get through to anyone. I demand an immediate refund and a written apology.,Resolved at first contact,0.0
CMP-002088,2026-02-06,Current account,Mobile app,SME,41.0,11.6,5.0,23.93,1.0,1.0,1.0,96.0,-0.13,Since this morning the app shows the same payment of 24 euros twice and I cannot get through to anyone. Please let me know what happened and how it will be fixed.,Resolved at first contact,0.0
CMP-002089,2026-02-06,Current account,Mobile app,SME,31.0,3.4,3.0,33.69,1.0,1.0,2.0,136.0,-0.3,"After the update the app would not let me log in, and a payment of 34 euros was taken twice. This has caused me a lot of stress and wasted time.",Resolved at first contact,0.0
CMP-002090,2026-02-06,Current account,Mobile app,Retail,47.0,9.6,4.0,18.81,0.0,2.0,2.0,107.0,-0.44,"After the update the app would not let me log in, and a payment of 19 euros was taken twice. I expect a refund and a clear explanation.",Resolved at first contact,0.0
CMP-002091,2026-02-06,Current account,Mobile app,Affluent,47.0,2.7,3.0,46.89,1.0,2.0,1.0,67.0,-0.17,"After the update the app would not let me log in, and a payment of 47 euros was taken twice. I assume it is a mistake, but it needs to be resolved.",Resolved at first contact,0.0
CMP-002092,2026-02-06,Current account,Mobile app,Retail,36.0,3.0,1.0,34.24,0.0,3.0,1.0,102.0,-0.47,The mobile app has been down for two days and my payment of 34 euros bounced. I have already called 3 times and nobody has called me back. This has caused me a lot of stress and wasted time.,Resolved at first contact,0.0
CMP-002093,2026-02-07,Credit card,Phone,Retail,45.0,9.7,5.0,,1.0,4.0,32.0,195.0,-0.51,"There is a transaction of 1,239 euros on my card statement that I never made. This is my fourth attempt to get an answer from you. I am very disappointed with how this has been handled.",Resolved at first contact,0.0
CMP-002094,2026-02-08,Current account,Branch,Retail,25.0,0.1,3.0,167.3,2.0,4.0,23.0,,,,Resolved at first contact,0.0
CMP-002095,2026-02-08,Current account,Phone,Retail,27.0,0.1,1.0,383.01,2.0,4.0,33.0,,,,Escalated to ombudsman,557.92
CMP-002096,2026-02-08,Investments,Phone,Affluent,39.0,4.7,4.0,925.21,1.0,3.0,47.0,210.0,-0.76,I asked to sell my fund units on the 11th; the order was executed days later at a loss of 925 euros. I have already called 3 times and nobody has called me back. The problem dates back more than a month and is still open. I have never been treated so badly by a bank.,Resolved after investigation,0.0
CMP-002097,2026-02-09,Credit card,Phone,Affluent,44.0,12.3,6.0,,2.0,4.0,31.0,,,,Escalated to ombudsman,1015.96
CMP-002098,2026-02-09,Current account,Branch,Retail,63.0,16.5,6.0,267.31,1.0,4.0,28.0,,,,Resolved after investigation,128.58
CMP-002099,2026-02-09,Insurance,Phone,Retail,43.0,6.3,2.0,501.11,2.0,4.0,28.0,,,,Escalated to ombudsman,703.06
CMP-002100,2026-02-09,Credit card,Phone,Retail,48.0,11.5,4.0,539.21,1.0,3.0,30.0,131.0,-0.39,The cash-advance fee of 539 euros on my card is not the one stated in the terms. This is my third attempt to get an answer from you. This has caused me a lot of stress and wasted time.,Resolved at first contact,0.0
CMP-002101,2026-02-09,Current account,Branch,SME,46.0,10.1,5.0,503.26,2.0,4.0,40.0,183.0,-0.54,An unauthorised direct debit of 503 euros was taken from my current account on the 8th. I have already called 4 times and nobody has called me back. This is not the first time I have had to complain about this. I am very disappointed with how this has been handled.,Resolved at first contact,0.0
CMP-002102,2026-02-09,Personal loan,Mobile app,Retail,52.0,2.9,2.0,197.59,0.0,2.0,14.0,162.0,-0.27,"I asked to repay my loan early and the fee applied, 198 euros, is far above what the contract says. This has caused me a lot of stress and wasted time.",Resolved at first contact,0.0
CMP-002103,2026-02-09,Current account,Phone,Retail,52.0,5.4,3.0,240.02,2.0,3.0,23.0,121.0,-0.19,A transfer of 240 euros I sent on the 7th never reached the beneficiary and nobody can tell me where it is. I have already called 3 times and nobody has called me back. This is not the first time I have had to complain about this. Please let me know what happened and how it will be fixed.,Resolved at first contact,0.0
CMP-002104,2026-02-09,Investments,Email,Private,52.0,9.9,7.0,,2.0,6.0,54.0,285.0,-0.95,"My advisor moved my savings into a fund I never approved and the position is now 27,023 euros below what I invested. After 6 contacts with the branch and the call centre, nothing has changed. This is not the first time I have had to complain about this. The problem dates back more than a month and is still open. This is unacceptable and I am furious.",Escalated to ombudsman,13088.9
CMP-002105,2026-02-09,Personal loan,Email,Retail,46.0,12.0,3.0,,2.0,4.0,39.0,248.0,-0.85,"I asked to repay my loan early and the fee applied, 5,265 euros, is far above what the contract says. I have already called 4 times and nobody has called me back. This is not the first time I have had to complain about this. If this is not resolved within a week I will take it to the ombudsman.",Escalated to ombudsman,5620.33
CMP-002106,2026-02-09,Current account,Mobile app,Retail,,8.5,4.0,177.89,2.0,3.0,32.0,179.0,-0.38,"The mobile app has been down for two days and my payment of 178 euros bounced. After 3 contacts with the branch and the call centre, nothing has changed. This is not the first time I have had to complain about this. This has caused me a lot of stress and wasted time.",Resolved after investigation,22.31
CMP-002107,2026-02-09,Current account,Web form,Retail,36.0,1.1,1.0,32.29,0.0,2.0,22.0,150.0,-0.33,I was charged 32 euros in fees that were never mentioned when I opened the account. This has caused me a lot of stress and wasted time.,Resolved at first contact,0.0
CMP-002108,2026-02-09,Credit card,Branch,Retail,61.0,12.8,5.0,900.44,1.0,3.0,35.0,233.0,-0.7,The cash-advance fee of 900 euros on my card is not the one stated in the terms. I have already called 3 times and nobody has called me back. This is unacceptable and I am furious.,Resolved after investigation,178.93
CMP-002109,2026-02-09,Current account,Email,Affluent,46.0,9.3,5.0,174.66,1.0,2.0,26.0,75.0,-0.12,An unauthorised direct debit of 175 euros was taken from my current account on the 4th. Please let me know what happened and how it will be fixed.,Resolved after investigation,60.09
CMP-002110,2026-02-09,Personal loan,Social media,Retail,27.0,0.1,1.0,575.84,1.0,1.0,21.0,151.0,-0.15,"My loan application was rejected after 13 days and the 576 euros I paid for the appraisal were not refunded. I assume it is a mistake, but it needs to be resolved.",Resolved after investigation,141.97
CMP-002111,2026-02-09,Current account,Mobile app,Retail,36.0,14.3,7.0,200.39,1.0,0.0,12.0,142.0,-0.51,"After the update the app would not let me log in, and a payment of 200 euros was taken twice. I expect a refund and a clear explanation.",Resolved after investigation,0.0
CMP-002112,2026-02-09,Current account,Branch,Retail,42.0,5.0,3.0,380.75,1.0,3.0,18.0,,,,Resolved at first contact,0.0
CMP-002113,2026-02-09,Mortgage,Email,Retail,62.0,15.8,6.0,683.74,0.0,1.0,34.0,233.0,0.32,"My request to renegotiate the mortgage has been pending for weeks and the delay has cost me 684 euros. I have always been happy with the bank, so I am sure this can be sorted out quickly.",Resolved at first contact,0.0
CMP-002114,2026-02-09,Credit card,Web form,Retail,38.0,0.1,2.0,519.12,2.0,4.0,30.0,208.0,-0.39,My card was blocked while I was abroad and I had to pay 519 euros in cash with no explanation. I have already called 4 times and nobody has called me back. This is not the first time I have had to complain about this. I expect a refund and a clear explanation.,Resolved after investigation,207.15
CMP-002115,2026-02-09,Current account,Mobile app,Retail,33.0,2.9,1.0,54.74,0.0,1.0,5.0,87.0,-0.72,Since this morning the app shows the same payment of 55 euros twice and I cannot get through to anyone. This is unacceptable and I am furious.,Resolved at first contact,0.0
CMP-002116,2026-02-09,Current account,Mobile app,Affluent,55.0,10.0,5.0,45.84,0.0,1.0,3.0,31.0,-0.44,The mobile app has been down for two days and my payment of 46 euros bounced. I am very disappointed with how this has been handled.,Resolved at first contact,0.0
CMP-002117,2026-02-09,Current account,Mobile app,Retail,45.0,0.1,1.0,38.06,1.0,0.0,4.0,122.0,-0.5,Since this morning the app shows the same payment of 38 euros twice and I cannot get through to anyone. I expect a refund and a clear explanation.,Resolved at first contact,0.0
CMP-002118,2026-02-09,Current account,Mobile app,Retail,35.0,3.1,2.0,70.66,0.0,2.0,2.0,98.0,-0.23,The mobile app has been down for two days and my payment of 71 euros bounced. I am very disappointed with how this has been handled.,Resolved at first contact,0.0
CMP-002119,2026-02-09,Current account,Mobile app,Retail,37.0,3.4,3.0,27.33,0.0,2.0,4.0,56.0,-0.04,"The mobile app has been down for two days and my payment of 27 euros bounced. I assume it is a mistake, but it needs to be resolved.",Resolved at first contact,0.0
CMP-002120,2026-02-09,Current account,Mobile app,Affluent,34.0,0.1,1.0,25.7,0.0,1.0,0.0,76.0,-0.34,"After the update the app would not let me log in, and a payment of 26 euros was taken twice. I expect a refund and a clear explanation.",Resolved after investigation,11.68
CMP-002121,2026-02-09,Current account,Mobile app,Affluent,,3.0,2.0,47.8,0.0,0.0,3.0,109.0,-0.8,"After the update the app would not let me log in, and a payment of 48 euros was taken twice. I have never been treated so badly by a bank.",Resolved at first contact,0.0
CMP-002122,2026-02-09,Current account,Mobile app,Affluent,21.0,3.0,1.0,75.6,0.0,1.0,5.0,113.0,-0.25,"After the update the app would not let me log in, and a payment of 76 euros was taken twice. I expect a refund and a clear explanation.",Resolved at first contact,0.0
CMP-002123,2026-02-09,Current account,Mobile app,Retail,38.0,0.1,2.0,37.39,1.0,0.0,5.0,,,,Escalated to ombudsman,213.3
CMP-002124,2026-02-09,Current account,Mobile app,Retail,34.0,5.7,4.0,55.52,0.0,0.0,0.0,105.0,-0.29,Since this morning the app shows the same payment of 56 euros twice and I cannot get through to anyone. I am very disappointed with how this has been handled.,Resolved at first contact,0.0
CMP-002125,2026-02-09,Current account,Mobile app,Affluent,33.0,4.1,3.0,26.93,0.0,2.0,0.0,68.0,-0.5,Since this morning the app shows the same payment of 27 euros twice and I cannot get through to anyone. I expect a refund and a clear explanation.,Resolved at first contact,0.0
CMP-002126,2026-02-09,Current account,Mobile app,Retail,36.0,9.4,5.0,,0.0,1.0,0.0,133.0,-0.35,Since this morning the app shows the same payment of 68 euros twice and I cannot get through to anyone. I am very disappointed with how this has been handled.,Resolved at first contact,0.0
CMP-002127,2026-02-09,Current account,Mobile app,Retail,26.0,5.5,4.0,33.59,0.0,0.0,5.0,75.0,-0.69,The mobile app has been down for two days and my payment of 34 euros bounced. I have never been treated so badly by a bank.,Resolved at first contact,0.0
CMP-002128,2026-02-09,Current account,Mobile app,Retail,29.0,3.1,4.0,84.69,0.0,1.0,2.0,125.0,0.11,Since this morning the app shows the same payment of 85 euros twice and I cannot get through to anyone. Please let me know what happened and how it will be fixed.,Resolved at first contact,0.0
CMP-002129,2026-02-09,Current account,Mobile app,Retail,46.0,3.6,2.0,16.04,1.0,1.0,2.0,32.0,-0.38,"After the update the app would not let me log in, and a payment of 16 euros was taken twice. This has caused me a lot of stress and wasted time.",Resolved after investigation,4.09
CMP-002130,2026-02-09,Current account,Mobile app,Retail,33.0,10.5,4.0,38.25,1.0,3.0,0.0,116.0,-0.3,"After the update the app would not let me log in, and a payment of 38 euros was taken twice. I have already called 3 times and nobody has called me back. I am very disappointed with how this has been handled.",Resolved at first contact,0.0
CMP-002131,2026-02-09,Current account,Mobile app,Retail,33.0,6.4,3.0,68.82,1.0,1.0,3.0,67.0,-1.0,Since this morning the app shows the same payment of 69 euros twice and I cannot get through to anyone. This is unacceptable and I am furious.,Resolved at first contact,0.0
CMP-002132,2026-02-09,Current account,Mobile app,Affluent,55.0,6.2,4.0,68.14,0.0,3.0,4.0,102.0,-0.48,"After the update the app would not let me log in, and a payment of 68 euros was taken twice. After 3 contacts with the branch and the call centre, nothing has changed. I am very disappointed with how this has been handled.",Resolved at first contact,0.0
CMP-002133,2026-02-09,Current account,Mobile app,Retail,38.0,6.5,4.0,70.69,1.0,2.0,4.0,112.0,-0.42,Since this morning the app shows the same payment of 71 euros twice and I cannot get through to anyone. I expect a refund and a clear explanation.,Resolved at first contact,0.0
CMP-002134,2026-02-09,Current account,Mobile app,Retail,36.0,7.4,3.0,26.55,0.0,0.0,5.0,74.0,-0.14,"After the update the app would not let me log in, and a payment of 27 euros was taken twice. Please let me know what happened and how it will be fixed.",Resolved at first contact,0.0
CMP-002135,2026-02-09,Current account,Mobile app,Retail,24.0,3.2,2.0,26.81,1.0,2.0,5.0,110.0,-0.39,Since this morning the app shows the same payment of 27 euros twice and I cannot get through to anyone. I am very disappointed with how this has been handled.,Resolved at first contact,0.0
CMP-002136,2026-02-09,Current account,Mobile app,Retail,45.0,10.1,3.0,36.96,1.0,2.0,1.0,95.0,-0.58,Since this morning the app shows the same payment of 37 euros twice and I cannot get through to anyone. This is unacceptable and I am furious.,Resolved at first contact,0.0
CMP-002137,2026-02-09,Current account,Mobile app,Retail,30.0,7.2,2.0,77.48,0.0,0.0,2.0,95.0,-0.82,Since this morning the app shows the same payment of 77 euros twice and I cannot get through to anyone. This is unacceptable and I am furious.,Resolved at first contact,0.0
CMP-002138,2026-02-09,Current account,Mobile app,Affluent,19.0,1.0,1.0,65.47,0.0,0.0,0.0,,,,Resolved at first contact,0.0
CMP-002139,2026-02-09,Current account,Mobile app,Retail,56.0,11.6,5.0,49.44,0.0,0.0,0.0,118.0,-0.2,"After the update the app would not let me log in, and a payment of 49 euros was taken twice. I would like this to be checked and corrected.",Resolved at first contact,0.0
CMP-002140,2026-02-09,Current account,Mobile app,Affluent,31.0,6.3,4.0,32.72,1.0,2.0,1.0,82.0,-0.41,Since this morning the app shows the same payment of 33 euros twice and I cannot get through to anyone. I am very disappointed with how this has been handled.,Resolved at first contact,0.0
CMP-002141,2026-02-09,Current account,Mobile app,Retail,,5.8,3.0,124.68,1.0,0.0,0.0,70.0,-0.04,"Since this morning the app shows the same payment of 125 euros twice and I cannot get through to anyone. I assume it is a mistake, but it needs to be resolved.",Resolved at first contact,0.0
CMP-002142,2026-02-09,Current account,Mobile app,Retail,35.0,8.1,3.0,47.74,0.0,1.0,0.0,88.0,-0.74,Since this morning the app shows the same payment of 48 euros twice and I cannot get through to anyone. I demand an immediate refund and a written apology.,Resolved at first contact,0.0
CMP-002143,2026-02-09,Current account,Mobile app,Retail,37.0,6.9,3.0,111.61,0.0,0.0,1.0,110.0,-0.53,The mobile app has been down for two days and my payment of 112 euros bounced. This has caused me a lot of stress and wasted time.,Resolved after investigation,0.0
CMP-002144,2026-02-09,Current account,Mobile app,Retail,35.0,9.3,3.0,33.3,0.0,1.0,2.0,84.0,-0.61,The mobile app has been down for two days and my payment of 33 euros bounced. If this is not resolved within a week I will take it to the ombudsman.,Resolved at first contact,0.0
CMP-002145,2026-02-09,Current account,Mobile app,Affluent,29.0,7.7,4.0,59.69,2.0,3.0,3.0,97.0,-0.16,"After the update the app would not let me log in, and a payment of 60 euros was taken twice. I have already called 3 times and nobody has called me back. This is not the first time I have had to complain about this. Please let me know what happened and how it will be fixed.",Resolved at first contact,0.0
CMP-002146,2026-02-09,Current account,Mobile app,Affluent,30.0,3.8,2.0,41.65,1.0,1.0,1.0,104.0,-0.56,Since this morning the app shows the same payment of 42 euros twice and I cannot get through to anyone. I have never been treated so badly by a bank.,Resolved at first contact,0.0
CMP-002147,2026-02-09,Current account,Mobile app,Retail,34.0,0.8,2.0,48.56,1.0,1.0,3.0,109.0,-0.53,Since this morning the app shows the same payment of 49 euros twice and I cannot get through to anyone. I am very disappointed with how this has been handled.,Resolved at first contact,0.0
CMP-002148,2026-02-09,Current account,Mobile app,Retail,42.0,0.1,1.0,33.39,0.0,0.0,0.0,92.0,-0.13,"The mobile app has been down for two days and my payment of 33 euros bounced. I assume it is a mistake, but it needs to be resolved.",Resolved at first contact,0.0
CMP-002149,2026-02-09,Current account,Mobile app,Retail,27.0,8.0,3.0,30.28,0.0,0.0,0.0,41.0,-0.2,Since this morning the app shows the same payment of 30 euros twice and I cannot get through to anyone. Please let me know what happened and how it will be fixed.,Resolved at first contact,0.0
CMP-002150,2026-02-09,Current account,Mobile app,Retail,32.0,3.2,1.0,35.74,0.0,2.0,5.0,95.0,-0.68,"After the update the app would not let me log in, and a payment of 36 euros was taken twice. I demand an immediate refund and a written apology.",Resolved at first contact,0.0
CMP-002151,2026-02-09,Current account,Mobile app,SME,34.0,7.2,2.0,29.09,1.0,3.0,3.0,75.0,-0.21,"After the update the app would not let me log in, and a payment of 29 euros was taken twice. This is my third attempt to get an answer from you. This has caused me a lot of stress and wasted time.",Resolved after investigation,9.25
CMP-002152,2026-02-09,Current account,Mobile app,Retail,25.0,2.7,1.0,23.44,0.0,0.0,5.0,86.0,-0.2,"After the update the app would not let me log in, and a payment of 23 euros was taken twice. I would like this to be checked and corrected.",Resolved at first contact,0.0
CMP-002153,2026-02-09,Current account,Mobile app,Affluent,36.0,6.9,3.0,59.06,0.0,2.0,5.0,62.0,0.33,"After the update the app would not let me log in, and a payment of 59 euros was taken twice. I have always been happy with the bank, so I am sure this can be sorted out quickly.",Resolved at first contact,0.0
CMP-002154,2026-02-09,Current account,Mobile app,Affluent,30.0,10.7,5.0,74.25,0.0,2.0,0.0,44.0,-0.72,The mobile app has been down for two days and my payment of 74 euros bounced. I have never been treated so badly by a bank.,Resolved at first contact,22.67
CMP-002155,2026-02-09,Current account,Mobile app,Retail,53.0,7.9,5.0,29.19,0.0,1.0,0.0,125.0,-0.24,The mobile app has been down for two days and my payment of 29 euros bounced. This has caused me a lot of stress and wasted time.,Resolved at first contact,0.0
CMP-002156,2026-02-09,Current account,Mobile app,Retail,40.0,0.5,2.0,66.06,0.0,0.0,1.0,64.0,-0.46,Since this morning the app shows the same payment of 66 euros twice and I cannot get through to anyone. I am very disappointed with how this has been handled.,Resolved at first contact,45.88
CMP-002157,2026-02-09,Current account,Mobile app,SME,34.0,5.3,2.0,26.44,0.0,2.0,5.0,94.0,-0.68,The mobile app has been down for two days and my payment of 26 euros bounced. This is unacceptable and I am furious.,Resolved at first contact,0.0
CMP-002158,2026-02-09,Current account,Mobile app,Retail,37.0,0.1,1.0,48.44,1.0,1.0,2.0,73.0,-0.49,"After the update the app would not let me log in, and a payment of 48 euros was taken twice. This has caused me a lot of stress and wasted time.",Resolved after investigation,19.76
CMP-002159,2026-02-09,Current account,Mobile app,Retail,25.0,6.7,4.0,33.8,0.0,1.0,1.0,57.0,-0.52,Since this morning the app shows the same payment of 34 euros twice and I cannot get through to anyone. I expect a refund and a clear explanation.,Resolved at first contact,0.0
CMP-002160,2026-02-09,Current account,Mobile app,Retail,19.0,1.0,1.0,50.42,0.0,1.0,3.0,61.0,-0.34,The mobile app has been down for two days and my payment of 50 euros bounced. This has caused me a lot of stress and wasted time.,Resolved after investigation,0.0
CMP-002161,2026-02-09,Current account,Mobile app,Retail,25.0,4.4,3.0,43.28,0.0,0.0,4.0,115.0,-0.27,The mobile app has been down for two days and my payment of 43 euros bounced. I expect a refund and a clear explanation.,Resolved after investigation,20.48
CMP-002162,2026-02-09,Current account,Mobile app,Retail,44.0,4.1,3.0,,0.0,1.0,2.0,73.0,-0.5,The mobile app has been down for two days and my payment of 46 euros bounced. I expect a refund and a clear explanation.,Resolved at first contact,0.0
CMP-002163,2026-02-09,Current account,Mobile app,Retail,44.0,9.7,3.0,34.47,0.0,1.0,5.0,76.0,-0.63,Since this morning the app shows the same payment of 34 euros twice and I cannot get through to anyone. I demand an immediate refund and a written apology.,Resolved at first contact,0.0
CMP-002164,2026-02-09,Current account,Mobile app,Retail,50.0,4.3,2.0,47.95,1.0,0.0,5.0,103.0,-0.35,"After the update the app would not let me log in, and a payment of 48 euros was taken twice. I expect a refund and a clear explanation.",Escalated to ombudsman,222.52
CMP-002165,2026-02-09,Current account,Mobile app,Retail,28.0,7.3,2.0,58.68,1.0,1.0,1.0,86.0,-0.33,The mobile app has been down for two days and my payment of 59 euros bounced. I expect a refund and a clear explanation.,Resolved at first contact,0.0
CMP-002166,2026-02-09,Current account,Mobile app,Retail,18.0,0.0,1.0,37.72,1.0,2.0,2.0,76.0,-0.03,"After the update the app would not let me log in, and a payment of 38 euros was taken twice. I assume it is a mistake, but it needs to be resolved.",Resolved at first contact,0.0
CMP-002167,2026-02-09,Current account,Mobile app,Retail,46.0,7.6,3.0,35.28,0.0,2.0,4.0,124.0,-0.16,Since this morning the app shows the same payment of 35 euros twice and I cannot get through to anyone. Please let me know what happened and how it will be fixed.,Resolved at first contact,0.0
CMP-002168,2026-02-09,Current account,Mobile app,SME,27.0,0.1,1.0,27.26,0.0,1.0,1.0,96.0,-0.58,Since this morning the app shows the same payment of 27 euros twice and I cannot get through to anyone. I demand an immediate refund and a written apology.,Resolved at first contact,0.0
CMP-002169,2026-02-10,Personal loan,Phone,Retail,21.0,0.1,1.0,446.22,0.0,4.0,26.0,220.0,-0.08,"I asked to repay my loan early and the fee applied, 446 euros, is far above what the contract says. This is my fourth attempt to get an answer from you. I assume it is a mistake, but it needs to be resolved.",Resolved at first contact,0.0
CMP-002170,2026-02-10,Current account,Branch,Affluent,78.0,30.7,8.0,,2.0,3.0,41.0,,,,Resolved at first contact,0.0
CMP-002171,2026-02-10,Current account,Mobile app,Retail,24.0,1.1,2.0,58.52,0.0,1.0,5.0,68.0,-0.33,"After the update the app would not let me log in, and a payment of 59 euros was taken twice. I am very disappointed with how this has been handled.",Resolved at first contact,0.0
CMP-002172,2026-02-10,Current account,Mobile app,Retail,21.0,3.0,3.0,48.8,2.0,2.0,5.0,95.0,-0.28,Since this morning the app shows the same payment of 49 euros twice and I cannot get through to anyone. This is not the first time I have had to complain about this. This has caused me a lot of stress and wasted time.,Resolved after investigation,16.41
CMP-002173,2026-02-10,Current account,Mobile app,Retail,43.0,2.8,1.0,38.71,1.0,2.0,1.0,106.0,-0.55,Since this morning the app shows the same payment of 39 euros twice and I cannot get through to anyone. This has caused me a lot of stress and wasted time.,Resolved at first contact,0.0
CMP-002174,2026-02-10,Current account,Mobile app,Retail,25.0,6.3,3.0,74.89,1.0,2.0,2.0,91.0,-0.39,"After the update the app would not let me log in, and a payment of 75 euros was taken twice. I expect a refund and a clear explanation.",Resolved at first contact,0.0
CMP-002175,2026-02-10,Current account,Mobile app,Retail,18.0,0.0,1.0,62.03,0.0,1.0,5.0,50.0,-0.57,The mobile app has been down for two days and my payment of 62 euros bounced. This is unacceptable and I am furious.,Resolved at first contact,0.0
CMP-002176,2026-02-10,Current account,Mobile app,Affluent,42.0,2.1,1.0,48.79,0.0,2.0,5.0,61.0,-0.52,The mobile app has been down for two days and my payment of 49 euros bounced. I am very disappointed with how this has been handled.,Escalated to ombudsman,218.01
CMP-002177,2026-02-10,Current account,Mobile app,Retail,40.0,0.1,2.0,74.26,0.0,1.0,3.0,107.0,-0.41,Since this morning the app shows the same payment of 74 euros twice and I cannot get through to anyone. This has caused me a lot of stress and wasted time.,Resolved at first contact,0.0
CMP-002178,2026-02-10,Current account,Mobile app,Retail,41.0,8.4,4.0,50.65,0.0,0.0,5.0,96.0,-0.87,The mobile app has been down for two days and my payment of 51 euros bounced. I demand an immediate refund and a written apology.,Resolved at first contact,0.0
CMP-002179,2026-02-10,Current account,Mobile app,SME,18.0,0.0,1.0,76.33,0.0,0.0,4.0,69.0,-0.57,The mobile app has been down for two days and my payment of 76 euros bounced. If this is not resolved within a week I will take it to the ombudsman.,Resolved at first contact,0.0
CMP-002180,2026-02-10,Current account,Mobile app,Retail,20.0,2.0,4.0,47.47,1.0,1.0,5.0,111.0,-0.84,"After the update the app would not let me log in, and a payment of 47 euros was taken twice. If this is not resolved within a week I will take it to the ombudsman.",Resolved at first contact,0.0
CMP-002181,2026-02-10,Current account,Mobile app,Retail,58.0,9.8,3.0,31.13,0.0,0.0,1.0,28.0,-0.35,"After the update the app would not let me log in, and a payment of 31 euros was taken twice. I expect a refund and a clear explanation.",Resolved at first contact,0.0
CMP-002182,2026-02-10,Current account,Mobile app,SME,44.0,5.8,3.0,46.08,1.0,1.0,2.0,109.0,-0.39,"After the update the app would not let me log in, and a payment of 46 euros was taken twice. I expect a refund and a clear explanation.",Resolved at first contact,0.0
CMP-002183,2026-02-10,Current account,Mobile app,Retail,37.0,1.6,1.0,93.05,0.0,0.0,5.0,63.0,-0.66,Since this morning the app shows the same payment of 93 euros twice and I cannot get through to anyone. This is unacceptable and I am furious.,Resolved at first contact,0.0
CMP-002184,2026-02-10,Current account,Mobile app,Retail,46.0,0.1,2.0,43.32,1.0,1.0,1.0,48.0,-0.3,"After the update the app would not let me log in, and a payment of 43 euros was taken twice. I expect a refund and a clear explanation.",Resolved at first contact,0.0
CMP-002185,2026-02-10,Current account,Mobile app,Retail,45.0,1.2,1.0,45.24,0.0,1.0,3.0,129.0,-0.67,Since this morning the app shows the same payment of 45 euros twice and I cannot get through to anyone. I have never been treated so badly by a bank.,Resolved at first contact,0.0
CMP-002186,2026-02-11,Investments,Phone,Retail,,7.0,3.0,,1.0,4.0,41.0,116.0,-0.31,I asked to sell my fund units on the 4th; the order was executed days later at a loss of 595 euros. This is my fourth attempt to get an answer from you. I am very disappointed with how this has been handled.,Escalated to ombudsman,536.37
CMP-002187,2026-02-11,Credit card,Mobile app,Affluent,52.0,13.0,8.0,3155.91,2.0,6.0,43.0,257.0,-0.87,"There is a transaction of 3,156 euros on my card statement that I never made. After 6 contacts with the branch and the call centre, nothing has changed. This is not the first time I have had to complain about this. I have never been treated so badly by a bank.",Escalated to ombudsman,1222.39
CMP-002188,2026-02-11,Current account,Phone,Retail,42.0,7.3,4.0,1835.36,1.0,3.0,35.0,,,,Resolved after investigation,613.58
CMP-002189,2026-02-11,Insurance,Email,Private,43.0,0.1,3.0,1048.99,1.0,1.0,35.0,231.0,-0.75,"My claim of 1,049 euros on the policy linked to my account was rejected without any explanation. This is unacceptable and I am furious.",Escalated to ombudsman,1105.81
CMP-002190,2026-02-11,Credit card,Web form,Retail,51.0,9.4,5.0,231.05,2.0,3.0,27.0,183.0,-0.72,My card was charged twice for the same purchase of 231 euros. This is my third attempt to get an answer from you. This is not the first time I have had to complain about this. I demand an immediate refund and a written apology.,Resolved after investigation,92.22
CMP-002191,2026-02-11,Current account,Phone,Affluent,62.0,14.4,6.0,2817.12,2.0,3.0,41.0,211.0,-0.36,"A transfer of 2,817 euros I sent on the 18th never reached the beneficiary and nobody can tell me where it is. This is my third attempt to get an answer from you. This is not the first time I have had to complain about this. This has caused me a lot of stress and wasted time.",Resolved at first contact,0.0
CMP-002192,2026-02-11,Current account,Mobile app,Retail,,4.0,2.0,40.18,0.0,2.0,5.0,68.0,-0.37,"After the update the app would not let me log in, and a payment of 40 euros was taken twice. This has caused me a lot of stress and wasted time.",Resolved at first contact,0.0
CMP-002193,2026-02-11,Current account,Mobile app,Retail,,3.7,1.0,20.22,1.0,0.0,0.0,25.0,-0.26,Since this morning the app shows the same payment of 20 euros twice and I cannot get through to anyone. I expect a refund and a clear explanation.,Resolved at first contact,0.0
CMP-002194,2026-02-11,Current account,Mobile app,Retail,37.0,6.2,3.0,109.76,0.0,1.0,4.0,80.0,-0.2,"After the update the app would not let me log in, and a payment of 110 euros was taken twice. Please let me know what happened and how it will be fixed.",Resolved at first contact,0.0
CMP-002195,2026-02-11,Current account,Mobile app,Retail,35.0,7.8,4.0,65.33,0.0,1.0,2.0,120.0,-0.22,The mobile app has been down for two days and my payment of 65 euros bounced. I expect a refund and a clear explanation.,Resolved at first contact,0.0
CMP-002196,2026-02-11,Current account,Mobile app,Retail,30.0,5.7,2.0,53.97,0.0,1.0,0.0,94.0,0.05,"After the update the app would not let me log in, and a payment of 54 euros was taken twice. Please let me know what happened and how it will be fixed.",Resolved after investigation,22.93
CMP-002197,2026-02-11,Current account,Mobile app,Retail,36.0,4.9,3.0,33.25,0.0,1.0,3.0,112.0,-0.4,"After the update the app would not let me log in, and a payment of 33 euros was taken twice. I am very disappointed with how this has been handled.",Resolved at first contact,0.0
CMP-002198,2026-02-11,Current account,Mobile app,Retail,30.0,0.2,1.0,68.28,0.0,1.0,4.0,108.0,-0.72,"After the update the app would not let me log in, and a payment of 68 euros was taken twice. I have never been treated so badly by a bank.",Resolved at first contact,0.0
CMP-002199,2026-02-11,Current account,Mobile app,Retail,18.0,0.0,1.0,64.74,1.0,0.0,4.0,72.0,-0.54,Since this morning the app shows the same payment of 65 euros twice and I cannot get through to anyone. I am very disappointed with how this has been handled.,Resolved after investigation,6.83
CMP-002200,2026-02-11,Current account,Mobile app,Retail,47.0,6.2,3.0,34.06,0.0,1.0,4.0,116.0,-0.76,Since this morning the app shows the same payment of 34 euros twice and I cannot get through to anyone. This is unacceptable and I am furious.,Resolved at first contact,0.0
CMP-002201,2026-02-11,Current account,Mobile app,Retail,45.0,4.9,3.0,16.39,0.0,0.0,3.0,145.0,-0.22,"After the update the app would not let me log in, and a payment of 16 euros was taken twice. I am very disappointed with how this has been handled.",Resolved at first contact,0.0
CMP-002202,2026-02-11,Current account,Mobile app,Retail,48.0,3.9,2.0,49.81,1.0,2.0,5.0,74.0,-0.64,Since this morning the app shows the same payment of 50 euros twice and I cannot get through to anyone. This is unacceptable and I am furious.,Resolved at first contact,0.0
CMP-002203,2026-02-11,Current account,Mobile app,Retail,22.0,4.0,3.0,,0.0,1.0,1.0,106.0,-0.58,Since this morning the app shows the same payment of 36 euros twice and I cannot get through to anyone. I demand an immediate refund and a written apology.,Resolved at first contact,0.0
CMP-002204,2026-02-11,Current account,Mobile app,Retail,61.0,5.0,3.0,14.65,1.0,0.0,2.0,81.0,-0.24,Since this morning the app shows the same payment of 15 euros twice and I cannot get through to anyone. This has caused me a lot of stress and wasted time.,Resolved at first contact,0.0
CMP-002205,2026-02-12,Credit card,Mobile app,Affluent,42.0,6.3,3.0,42.68,1.0,2.0,7.0,70.0,-0.15,My card was charged twice for the same purchase of 43 euros. Please let me know what happened and how it will be fixed.,Resolved at first contact,0.0
CMP-002206,2026-02-12,Credit card,Branch,Retail,53.0,13.7,6.0,146.97,1.0,0.0,25.0,,,,Resolved after investigation,29.03
CMP-002207,2026-02-12,Credit card,Branch,Affluent,43.0,8.8,5.0,,1.0,1.0,16.0,194.0,0.14,My card was charged twice for the same purchase of 81 euros. Please let me know what happened and how it will be fixed.,Resolved at first contact,0.0
CMP-002208,2026-02-12,Investments,Web form,Retail,36.0,7.7,4.0,474.27,0.0,3.0,35.0,133.0,0.07,"My advisor moved my savings into a fund I never approved and the position is now 474 euros below what I invested. I have already called 3 times and nobody has called me back. I assume it is a mistake, but it needs to be resolved.",Resolved after investigation,0.0
CMP-002209,2026-02-12,Investments,Phone,Private,51.0,7.6,5.0,13404.81,2.0,4.0,53.0,,,,Escalated to ombudsman,13890.93
CMP-002210,2026-02-12,Credit card,Email,Retail,59.0,11.5,5.0,285.17,1.0,1.0,22.0,219.0,-0.42,There is a transaction of 285 euros on my card statement that I never made. I am very disappointed with how this has been handled.,Resolved at first contact,0.0
CMP-002211,2026-02-12,Investments,Phone,Retail,46.0,13.0,5.0,,1.0,2.0,35.0,,,,Resolved after investigation,934.47
CMP-002212,2026-02-12,Credit card,Phone,Affluent,70.0,18.9,8.0,,2.0,3.0,44.0,243.0,-0.36,"The cash-advance fee of 3,685 euros on my card is not the one stated in the terms. This is my third attempt to get an answer from you. This is not the first time I have had to complain about this. I expect a refund and a clear explanation.",Escalated to ombudsman,3470.91
CMP-002213,2026-02-12,Credit card,Phone,Retail,54.0,10.8,4.0,473.06,1.0,2.0,18.0,199.0,-0.5,My card was blocked while I was abroad and I had to pay 473 euros in cash with no explanation. I am very disappointed with how this has been handled.,Resolved after investigation,209.03
CMP-002214,2026-02-12,Insurance,Phone,Retail,63.0,16.0,6.0,271.37,0.0,2.0,26.0,192.0,-0.44,My claim of 271 euros on the policy linked to my account was rejected without any explanation. I expect a refund and a clear explanation.,Resolved after investigation,123.66
CMP-002215,2026-02-12,Credit card,Email,Affluent,18.0,0.0,3.0,301.08,1.0,1.0,30.0,116.0,-0.2,My card was charged twice for the same purchase of 301 euros. Please let me know what happened and how it will be fixed.,Resolved after investigation,124.51
CMP-002216,2026-02-12,Mortgage,Branch,Retail,44.0,2.8,2.0,1310.39,0.0,2.0,47.0,,,,Resolved after investigation,578.0
CMP-002217,2026-02-12,Current account,Mobile app,SME,23.0,4.5,3.0,29.1,1.0,0.0,4.0,97.0,-0.44,"After the update the app would not let me log in, and a payment of 29 euros was taken twice. I am very disappointed with how this has been handled.",Resolved after investigation,9.54
CMP-002218,2026-02-12,Current account,Mobile app,Retail,44.0,6.3,3.0,29.71,0.0,2.0,2.0,92.0,-0.2,"Since this morning the app shows the same payment of 30 euros twice and I cannot get through to anyone. I assume it is a mistake, but it needs to be resolved.",Resolved at first contact,0.0
CMP-002219,2026-02-12,Current account,Mobile app,Retail,25.0,6.1,3.0,40.04,1.0,1.0,5.0,64.0,-0.62,The mobile app has been down for two days and my payment of 40 euros bounced. This is unacceptable and I am furious.,Resolved at first contact,0.0
CMP-002220,2026-02-12,Current account,Mobile app,Affluent,25.0,5.5,3.0,52.43,0.0,1.0,1.0,90.0,-0.35,"After the update the app would not let me log in, and a payment of 52 euros was taken twice. This has caused me a lot of stress and wasted time.",Resolved at first contact,0.0
CMP-002221,2026-02-12,Current account,Mobile app,Retail,31.0,9.0,3.0,41.19,0.0,2.0,4.0,100.0,-0.14,"After the update the app would not let me log in, and a payment of 41 euros was taken twice. I would like this to be checked and corrected.",Resolved at first contact,0.0
CMP-002222,2026-02-12,Current account,Mobile app,Retail,33.0,2.4,2.0,40.41,0.0,0.0,5.0,108.0,-0.15,"The mobile app has been down for two days and my payment of 40 euros bounced. I assume it is a mistake, but it needs to be resolved.",Resolved after investigation,10.52
CMP-002223,2026-02-12,Current account,Mobile app,Affluent,33.0,3.9,2.0,36.63,0.0,2.0,1.0,109.0,-0.53,"After the update the app would not let me log in, and a payment of 37 euros was taken twice. I expect a refund and a clear explanation.",Resolved at first contact,0.0
CMP-002224,2026-02-12,Current account,Mobile app,Retail,31.0,4.5,1.0,30.76,1.0,0.0,5.0,107.0,-0.5,The mobile app has been down for two days and my payment of 31 euros bounced. I am very disappointed with how this has been handled.,Resolved at first contact,0.0
CMP-002225,2026-02-12,Current account,Mobile app,Retail,31.0,8.6,2.0,14.06,1.0,0.0,0.0,95.0,-0.2,Since this morning the app shows the same payment of 14 euros twice and I cannot get through to anyone. Please let me know what happened and how it will be fixed.,Resolved at first contact,0.0
CMP-002226,2026-02-12,Current account,Mobile app,Retail,25.0,7.0,4.0,46.8,1.0,0.0,0.0,51.0,-0.43,Since this morning the app shows the same payment of 47 euros twice and I cannot get through to anyone. I am very disappointed with how this has been handled.,Resolved at first contact,0.0
CMP-002227,2026-02-12,Current account,Mobile app,Retail,33.0,2.3,3.0,35.13,0.0,1.0,4.0,144.0,-0.33,Since this morning the app shows the same payment of 35 euros twice and I cannot get through to anyone. I am very disappointed with how this has been handled.,Resolved at first contact,0.0
CMP-002228,2026-02-12,Current account,Mobile app,Retail,23.0,4.8,3.0,84.45,0.0,1.0,3.0,39.0,-0.37,The mobile app has been down for two days and my payment of 84 euros bounced. This has caused me a lot of stress and wasted time.,Resolved at first contact,0.0
CMP-002229,2026-02-12,Current account,Mobile app,Retail,47.0,1.1,1.0,28.14,1.0,0.0,4.0,87.0,-0.59,"After the update the app would not let me log in, and a payment of 28 euros was taken twice. I have never been treated so badly by a bank.",Resolved at first contact,0.0
CMP-002230,2026-02-12,Current account,Mobile app,Affluent,38.0,0.9,2.0,46.29,0.0,2.0,5.0,62.0,-0.55,Since this morning the app shows the same payment of 46 euros twice and I cannot get through to anyone. This has caused me a lot of stress and wasted time.,Resolved at first contact,0.0
CMP-002231,2026-02-12,Current account,Mobile app,Retail,21.0,3.0,1.0,33.04,0.0,1.0,4.0,104.0,-0.42,"After the update the app would not let me log in, and a payment of 33 euros was taken twice. This has caused me a lot of stress and wasted time.",Resolved at first contact,0.0
CMP-002232,2026-02-13,Personal loan,Email,Retail,28.0,10.0,4.0,2032.21,3.0,4.0,17.0,235.0,-0.59,"The instalment taken for my loan is 2,032 euros higher than the amount agreed in the contract. After 4 contacts with the branch and the call centre, nothing has changed. This is not the first time I have had to complain about this. I have never been treated so badly by a bank.",Resolved after investigation,291.74
CMP-002233,2026-02-13,Credit card,Social media,SME,51.0,19.0,6.0,110.67,0.0,2.0,7.0,122.0,-0.22,The cash-advance fee of 111 euros on my card is not the one stated in the terms. I am very disappointed with how this has been handled.,Resolved at first contact,0.0
CMP-002234,2026-02-13,Current account,Mobile app,Affluent,37.0,7.3,4.0,44.59,0.0,0.0,3.0,94.0,-0.17,"The mobile app has been down for two days and my payment of 45 euros bounced. I assume it is a mistake, but it needs to be resolved.",Resolved at first contact,0.0
CMP-002235,2026-02-13,Current account,Mobile app,Retail,48.0,2.8,3.0,52.52,1.0,2.0,5.0,65.0,-0.39,"After the update the app would not let me log in, and a payment of 53 euros was taken twice. I expect a refund and a clear explanation.",Resolved at first contact,0.0
CMP-002236,2026-02-13,Current account,Mobile app,Retail,35.0,2.5,1.0,35.52,0.0,2.0,4.0,134.0,-0.43,Since this morning the app shows the same payment of 36 euros twice and I cannot get through to anyone. I expect a refund and a clear explanation.,Resolved at first contact,0.0
CMP-002237,2026-02-13,Current account,Mobile app,Retail,30.0,3.7,2.0,73.94,0.0,1.0,1.0,112.0,-0.27,"After the update the app would not let me log in, and a payment of 74 euros was taken twice. This has caused me a lot of stress and wasted time.",Resolved at first contact,0.0
CMP-002238,2026-02-13,Current account,Mobile app,Retail,35.0,5.5,2.0,52.38,0.0,2.0,4.0,133.0,-0.36,Since this morning the app shows the same payment of 52 euros twice and I cannot get through to anyone. I am very disappointed with how this has been handled.,Resolved at first contact,0.0
CMP-002239,2026-02-13,Current account,Mobile app,Retail,33.0,3.7,3.0,83.17,0.0,1.0,4.0,114.0,-0.49,Since this morning the app shows the same payment of 83 euros twice and I cannot get through to anyone. I expect a refund and a clear explanation.,Resolved at first contact,0.0
CMP-002240,2026-02-13,Current account,Mobile app,Affluent,47.0,8.3,4.0,24.73,1.0,0.0,0.0,67.0,-0.73,"After the update the app would not let me log in, and a payment of 25 euros was taken twice. I have never been treated so badly by a bank.",Resolved at first contact,0.0
CMP-002241,2026-02-13,Current account,Mobile app,Retail,45.0,14.3,6.0,49.96,1.0,0.0,3.0,83.0,-1.0,"After the update the app would not let me log in, and a payment of 50 euros was taken twice. I demand an immediate refund and a written apology.",Resolved after investigation,5.59
CMP-002242,2026-02-13,Current account,Mobile app,Affluent,37.0,7.9,3.0,61.08,0.0,1.0,5.0,127.0,-0.11,"After the update the app would not let me log in, and a payment of 61 euros was taken twice. Please let me know what happened and how it will be fixed.",Resolved at first contact,0.0
CMP-002243,2026-02-13,Current account,Mobile app,Retail,39.0,3.6,1.0,64.91,0.0,3.0,1.0,61.0,-0.35,"Since this morning the app shows the same payment of 65 euros twice and I cannot get through to anyone. After 3 contacts with the branch and the call centre, nothing has changed. I expect a refund and a clear explanation.",Resolved at first contact,0.0
CMP-002244,2026-02-13,Current account,Mobile app,Retail,25.0,6.4,2.0,40.07,0.0,0.0,4.0,120.0,-0.36,The mobile app has been down for two days and my payment of 40 euros bounced. I am very disappointed with how this has been handled.,Resolved at first contact,0.0
CMP-002245,2026-02-13,Current account,Mobile app,Retail,30.0,0.1,1.0,51.55,0.0,0.0,0.0,90.0,-0.16,Since this morning the app shows the same payment of 52 euros twice and I cannot get through to anyone. Please let me know what happened and how it will be fixed.,Resolved at first contact,0.0
CMP-002246,2026-02-13,Current account,Mobile app,Retail,35.0,2.2,2.0,60.94,1.0,1.0,3.0,37.0,-0.78,The mobile app has been down for two days and my payment of 61 euros bounced. I have never been treated so badly by a bank.,Resolved at first contact,0.0
CMP-002247,2026-02-13,Current account,Mobile app,Retail,52.0,0.3,1.0,82.1,1.0,1.0,2.0,85.0,-0.55,Since this morning the app shows the same payment of 82 euros twice and I cannot get through to anyone. This has caused me a lot of stress and wasted time.,Resolved at first contact,0.0
CMP-002248,2026-02-13,Current account,Mobile app,Retail,37.0,9.6,4.0,48.17,0.0,2.0,5.0,20.0,-0.93,The mobile app has been down for two days and my payment of 48 euros bounced. I have never been treated so badly by a bank.,Resolved at first contact,0.0
CMP-002249,2026-02-13,Current account,Mobile app,Retail,18.0,0.0,1.0,,0.0,2.0,1.0,118.0,-0.82,"After the update the app would not let me log in, and a payment of 54 euros was taken twice. I demand an immediate refund and a written apology.",Resolved at first contact,0.0
CMP-002250,2026-02-13,Current account,Mobile app,Retail,,2.0,1.0,46.44,0.0,1.0,5.0,30.0,-0.8,The mobile app has been down for two days and my payment of 46 euros bounced. If this is not resolved within a week I will take it to the ombudsman.,Resolved at first contact,0.0
CMP-002251,2026-02-13,Current account,Mobile app,Retail,34.0,6.5,4.0,21.76,2.0,0.0,3.0,71.0,0.28,"After the update the app would not let me log in, and a payment of 22 euros was taken twice. This is not the first time I have had to complain about this. Thank you in advance for looking into it.",Resolved at first contact,0.0
CMP-002252,2026-02-13,Current account,Mobile app,Retail,22.0,2.3,2.0,88.05,0.0,2.0,5.0,102.0,-0.52,"After the update the app would not let me log in, and a payment of 88 euros was taken twice. I am very disappointed with how this has been handled.",Resolved at first contact,0.0
CMP-002253,2026-02-13,Current account,Mobile app,Retail,54.0,7.2,4.0,57.4,1.0,1.0,4.0,99.0,-0.36,"After the update the app would not let me log in, and a payment of 57 euros was taken twice. This has caused me a lot of stress and wasted time.",Resolved at first contact,0.0
CMP-002254,2026-02-13,Current account,Mobile app,Retail,35.0,2.9,2.0,135.51,0.0,0.0,4.0,81.0,-0.59,Since this morning the app shows the same payment of 136 euros twice and I cannot get through to anyone. I demand an immediate refund and a written apology.,Resolved at first contact,0.0
CMP-002255,2026-02-13,Current account,Mobile app,SME,43.0,12.3,6.0,37.93,1.0,1.0,1.0,88.0,-0.7,"After the update the app would not let me log in, and a payment of 38 euros was taken twice. This is unacceptable and I am furious.",Resolved at first contact,9.12
CMP-002256,2026-02-13,Current account,Mobile app,Retail,31.0,1.2,1.0,62.75,1.0,1.0,5.0,76.0,-0.41,"After the update the app would not let me log in, and a payment of 63 euros was taken twice. This has caused me a lot of stress and wasted time.",Resolved at first contact,0.0
CMP-002257,2026-02-14,Current account,Phone,Retail,29.0,5.7,3.0,344.97,1.0,2.0,23.0,,,,Resolved at first contact,0.0
CMP-002258,2026-02-14,Current account,Phone,Affluent,49.0,7.0,5.0,212.94,1.0,1.0,3.0,,,,Resolved at first contact,0.0
CMP-002259,2026-02-14,Insurance,Email,Affluent,66.0,18.7,8.0,632.04,2.0,4.0,12.0,214.0,-0.28,The insurance policy was renewed and 632 euros charged although I had cancelled it in writing. I have already called 4 times and nobody has called me back. This is not the first time I have had to complain about this. I expect a refund and a clear explanation.,Resolved after investigation,238.35
CMP-002260,2026-02-15,Investments,Email,Retail,54.0,17.1,6.0,571.87,0.0,2.0,38.0,139.0,-0.21,My advisor moved my savings into a fund I never approved and the position is now 572 euros below what I invested. This has caused me a lot of stress and wasted time.,Resolved after investigation,258.17
CMP-002261,2026-02-15,Mortgage,Phone,Affluent,50.0,6.6,4.0,12957.39,1.0,3.0,51.0,,,,Resolved after investigation,0.0
CMP-002262,2026-02-15,Current account,Phone,Retail,63.0,19.1,8.0,184.63,0.0,2.0,16.0,243.0,-0.19,"I was charged 185 euros in fees that were never mentioned when I opened the account. I assume it is a mistake, but it needs to be resolved.",Resolved after investigation,0.0
CMP-002263,2026-02-16,Credit card,Phone,Affluent,56.0,5.6,5.0,669.09,2.0,5.0,32.0,,,,Resolved at first contact,0.0
CMP-002264,2026-02-16,Credit card,Mobile app,SME,58.0,0.1,1.0,743.17,1.0,2.0,35.0,147.0,-0.48,The cash-advance fee of 743 euros on my card is not the one stated in the terms. I expect a refund and a clear explanation.,Resolved after investigation,0.0
CMP-002265,2026-02-16,Current account,Email,Retail,52.0,11.3,3.0,578.14,2.0,4.0,33.0,229.0,-0.45,"My current account was blocked for three days without any notice, and a transfer of 578 euros bounced. This is my fourth attempt to get an answer from you. This is not the first time I have had to complain about this. I am very disappointed with how this has been handled.",Resolved after investigation,142.97
CMP-002266,2026-02-16,Investments,Web form,Retail,41.0,6.9,3.0,389.06,1.0,3.0,40.0,95.0,0.13,"I asked to sell my fund units on the 7th; the order was executed days later at a loss of 389 euros. I have already called 3 times and nobody has called me back. I assume it is a mistake, but it needs to be resolved.",Resolved after investigation,84.23
CMP-002267,2026-02-16,Personal loan,Phone,Retail,37.0,2.4,2.0,180.49,0.0,1.0,11.0,137.0,0.53,"I asked to repay my loan early and the fee applied, 180 euros, is far above what the contract says. Your staff have been helpful so far; I just need this last point solved.",Resolved at first contact,0.0
CMP-002268,2026-02-16,Credit card,Phone,Retail,65.0,21.7,7.0,,1.0,3.0,24.0,,,,Resolved after investigation,1351.48
CMP-002269,2026-02-16,Credit card,Web form,Affluent,50.0,2.5,2.0,729.27,2.0,5.0,22.0,241.0,-0.5,"The cash-advance fee of 729 euros on my card is not the one stated in the terms. After 5 contacts with the branch and the call centre, nothing has changed. This is not the first time I have had to complain about this. I am very disappointed with how this has been handled.",Resolved after investigation,90.31
CMP-002270,2026-02-16,Investments,Phone,Retail,72.0,28.6,8.0,2804.3,2.0,4.0,43.0,,,,Resolved after investigation,593.5
CMP-002271,2026-02-16,Credit card,Phone,Retail,54.0,15.3,6.0,2218.16,2.0,3.0,32.0,,,,Resolved after investigation,0.0
CMP-002272,2026-02-16,Insurance,Mobile app,Private,59.0,14.0,8.0,220.12,0.0,1.0,13.0,69.0,-0.17,My claim of 220 euros on the policy linked to my account was rejected without any explanation. Please let me know what happened and how it will be fixed.,Resolved at first contact,0.0
CMP-002273,2026-02-16,Credit card,Phone,Affluent,57.0,10.3,5.0,368.11,2.0,4.0,28.0,,,,Resolved at first contact,0.0
CMP-002274,2026-02-16,Insurance,Branch,Affluent,43.0,8.7,6.0,826.61,2.0,1.0,21.0,211.0,-0.38,My claim of 827 euros on the policy linked to my account was rejected without any explanation. This is not the first time I have had to complain about this. I am very disappointed with how this has been handled.,Resolved after investigation,158.01
CMP-002275,2026-02-16,Current account,Social media,Retail,24.0,0.1,2.0,493.28,1.0,3.0,21.0,155.0,-0.37,"A transfer of 493 euros I sent on the 12th never reached the beneficiary and nobody can tell me where it is. After 3 contacts with the branch and the call centre, nothing has changed. I expect a refund and a clear explanation.",Resolved at first contact,0.0
CMP-002276,2026-02-16,Current account,Phone,Retail,43.0,4.9,2.0,219.96,1.0,3.0,22.0,181.0,0.16,"A transfer of 220 euros I sent on the 25th never reached the beneficiary and nobody can tell me where it is. After 3 contacts with the branch and the call centre, nothing has changed. I assume it is a mistake, but it needs to be resolved.",Resolved at first contact,0.0
CMP-002277,2026-02-16,Current account,Phone,Affluent,59.0,16.2,7.0,524.15,1.0,1.0,23.0,215.0,-0.33,I was charged 524 euros in fees that were never mentioned when I opened the account. I expect a refund and a clear explanation.,Resolved at first contact,0.0
CMP-002278,2026-02-16,Credit card,Web form,Retail,26.0,8.0,4.0,468.42,3.0,3.0,36.0,235.0,-0.2,"My card was charged twice for the same purchase of 468 euros. This is my third attempt to get an answer from you. This is not the first time I have had to complain about this. I assume it is a mistake, but it needs to be resolved.",Resolved after investigation,140.98
CMP-002279,2026-02-16,Insurance,Phone,Retail,42.0,5.6,3.0,208.42,1.0,2.0,26.0,,,,Escalated to ombudsman,435.58
CMP-002280,2026-02-16,Current account,Phone,Retail,57.0,13.1,4.0,15.68,0.0,0.0,0.0,,,,Resolved at first contact,0.0
CMP-002281,2026-02-16,Current account,Email,Affluent,29.0,8.8,5.0,407.21,0.0,1.0,16.0,124.0,-0.04,I was charged 407 euros in fees that were never mentioned when I opened the account. I would like this to be checked and corrected.,Resolved at first contact,0.0
CMP-002282,2026-02-16,Personal loan,Phone,Affluent,,6.8,4.0,355.06,1.0,0.0,22.0,,,,Resolved at first contact,0.0
CMP-002283,2026-02-16,Personal loan,Email,Retail,40.0,14.4,5.0,203.57,0.0,1.0,25.0,147.0,0.01,"My loan application was rejected after 9 days and the 204 euros I paid for the appraisal were not refunded. I assume it is a mistake, but it needs to be resolved.",Resolved after investigation,68.21
CMP-002284,2026-02-16,Insurance,Phone,Retail,35.0,5.4,2.0,48.89,0.0,0.0,0.0,,,,Resolved at first contact,0.0
CMP-002285,2026-02-16,Mortgage,Social media,Retail,31.0,13.0,5.0,2723.26,0.0,2.0,61.0,160.0,0.05,"My request to renegotiate the mortgage has been pending for weeks and the delay has cost me 2,723 euros. The problem dates back more than a month and is still open. I assume it is a mistake, but it needs to be resolved.",Escalated to ombudsman,2250.34
CMP-002286,2026-02-16,Mortgage,Mobile app,Retail,42.0,4.3,4.0,579.92,1.0,2.0,22.0,179.0,-0.03,"The interest rate applied to my mortgage does not match the offer I signed, and I have overpaid 580 euros. I would like this to be checked and corrected.",Resolved after investigation,281.59
CMP-002287,2026-02-16,Current account,Mobile app,Retail,26.0,8.0,2.0,22.78,0.0,1.0,0.0,141.0,-0.7,The mobile app has been down for two days and my payment of 23 euros bounced. I have never been treated so badly by a bank.,Resolved at first contact,0.0
CMP-002288,2026-02-16,Current account,Mobile app,Retail,34.0,7.1,3.0,46.91,1.0,2.0,1.0,96.0,-0.37,Since this morning the app shows the same payment of 47 euros twice and I cannot get through to anyone. This has caused me a lot of stress and wasted time.,Resolved at first contact,0.0
CMP-002289,2026-02-16,Current account,Mobile app,Retail,33.0,7.1,2.0,46.88,0.0,1.0,4.0,72.0,-0.56,"After the update the app would not let me log in, and a payment of 47 euros was taken twice. I have never been treated so badly by a bank.",Resolved at first contact,0.0
CMP-002290,2026-02-16,Current account,Mobile app,Retail,26.0,0.1,1.0,30.65,0.0,0.0,1.0,100.0,-0.35,"After the update the app would not let me log in, and a payment of 31 euros was taken twice. I am very disappointed with how this has been handled.",Resolved at first contact,0.0
CMP-002291,2026-02-16,Current account,Mobile app,Retail,27.0,0.4,1.0,58.62,0.0,0.0,3.0,129.0,-0.22,Since this morning the app shows the same payment of 59 euros twice and I cannot get through to anyone. I am very disappointed with how this has been handled.,Resolved at first contact,0.0
CMP-002292,2026-02-16,Current account,Mobile app,Retail,31.0,1.4,1.0,53.25,1.0,1.0,0.0,112.0,-0.66,The mobile app has been down for two days and my payment of 53 euros bounced. If this is not resolved within a week I will take it to the ombudsman.,Resolved at first contact,0.0
CMP-002293,2026-02-16,Current account,Mobile app,Retail,38.0,0.1,1.0,50.17,0.0,0.0,1.0,114.0,0.07,"The mobile app has been down for two days and my payment of 50 euros bounced. I assume it is a mistake, but it needs to be resolved.",Resolved at first contact,0.0
CMP-002294,2026-02-16,Current account,Mobile app,Retail,24.0,0.1,1.0,27.4,0.0,1.0,2.0,80.0,-0.6,Since this morning the app shows the same payment of 27 euros twice and I cannot get through to anyone. If this is not resolved within a week I will take it to the ombudsman.,Resolved at first contact,0.0
CMP-002295,2026-02-16,Current account,Mobile app,Retail,44.0,6.3,3.0,60.53,0.0,0.0,1.0,84.0,-0.09,Since this morning the app shows the same payment of 61 euros twice and I cannot get through to anyone. Please let me know what happened and how it will be fixed.,Resolved at first contact,0.0
CMP-002296,2026-02-16,Current account,Mobile app,SME,45.0,0.1,2.0,109.98,1.0,3.0,2.0,121.0,-0.45,"After the update the app would not let me log in, and a payment of 110 euros was taken twice. I have already called 3 times and nobody has called me back. I expect a refund and a clear explanation.",Resolved at first contact,0.0
CMP-002297,2026-02-16,Current account,Mobile app,Retail,26.0,8.0,5.0,52.32,1.0,0.0,2.0,108.0,-0.83,"After the update the app would not let me log in, and a payment of 52 euros was taken twice. If this is not resolved within a week I will take it to the ombudsman.",Resolved at first contact,0.0
CMP-002298,2026-02-16,Current account,Mobile app,SME,40.0,5.9,3.0,159.94,0.0,0.0,4.0,99.0,-0.2,"After the update the app would not let me log in, and a payment of 160 euros was taken twice. Please let me know what happened and how it will be fixed.",Resolved after investigation,26.81
CMP-002299,2026-02-16,Current account,Mobile app,Retail,37.0,0.1,1.0,127.55,1.0,1.0,4.0,53.0,0.38,"After the update the app would not let me log in, and a payment of 128 euros was taken twice. Your staff have been helpful so far; I just need this last point solved.",Resolved at first contact,0.0
CMP-002300,2026-02-16,Current account,Mobile app,Retail,41.0,5.7,4.0,30.48,0.0,2.0,1.0,88.0,-1.0,Since this morning the app shows the same payment of 30 euros twice and I cannot get through to anyone. This is unacceptable and I am furious.,Resolved at first contact,14.37
CMP-002301,2026-02-16,Current account,Mobile app,Retail,38.0,4.1,3.0,76.64,0.0,0.0,2.0,106.0,-0.4,The mobile app has been down for two days and my payment of 77 euros bounced. I expect a refund and a clear explanation.,Resolved at first contact,0.0
CMP-002302,2026-02-16,Current account,Mobile app,Retail,26.0,0.1,2.0,51.53,1.0,0.0,1.0,92.0,-0.16,Since this morning the app shows the same payment of 52 euros twice and I cannot get through to anyone. Please let me know what happened and how it will be fixed.,Resolved at first contact,0.0
CMP-002303,2026-02-17,Mortgage,Phone,Retail,55.0,16.5,5.0,503.47,0.0,2.0,25.0,,,,Resolved at first contact,43.21
CMP-002304,2026-02-17,Credit card,Mobile app,Retail,41.0,5.4,3.0,204.22,0.0,2.0,26.0,190.0,-0.36,My card was charged twice for the same purchase of 204 euros. I expect a refund and a clear explanation.,Resolved at first contact,0.0
CMP-002305,2026-02-17,Current account,Mobile app,Retail,54.0,12.2,5.0,,1.0,3.0,17.0,210.0,-0.16,"My current account was blocked for three days without any notice, and a transfer of 122 euros bounced. I have already called 3 times and nobody has called me back. I would like this to be checked and corrected.",Resolved at first contact,0.0
CMP-002306,2026-02-18,Current account,Phone,Retail,61.0,10.3,3.0,190.15,1.0,4.0,51.0,153.0,-0.58,An unauthorised direct debit of 190 euros was taken from my current account on the 16th. This is my fourth attempt to get an answer from you. The problem dates back more than a month and is still open. This is unacceptable and I am furious.,Resolved after investigation,47.18
CMP-002307,2026-02-18,Current account,Mobile app,Affluent,52.0,5.3,4.0,333.37,0.0,4.0,13.0,227.0,0.03,"An unauthorised direct debit of 333 euros was taken from my current account on the 7th. This is my fourth attempt to get an answer from you. I assume it is a mistake, but it needs to be resolved.",Resolved at first contact,0.0
CMP-002308,2026-02-18,Mortgage,Phone,Retail,40.0,3.0,2.0,174.34,0.0,1.0,41.0,,,,Resolved at first contact,0.0
CMP-002309,2026-02-18,Investments,Phone,Retail,35.0,0.1,1.0,176.99,1.0,2.0,19.0,,,,Resolved at first contact,0.0
CMP-002310,2026-02-18,Investments,Email,Retail,33.0,4.7,3.0,1309.73,1.0,2.0,37.0,111.0,0.06,"My advisor moved my savings into a fund I never approved and the position is now 1,310 euros below what I invested. I assume it is a mistake, but it needs to be resolved.",Resolved after investigation,390.66
CMP-002311,2026-02-18,Current account,Social media,Retail,49.0,15.0,5.0,754.77,1.0,1.0,15.0,232.0,-0.74,A transfer of 755 euros I sent on the 18th never reached the beneficiary and nobody can tell me where it is. This is unacceptable and I am furious.,Resolved after investigation,0.0
CMP-002312,2026-02-18,Credit card,Web form,Affluent,63.0,13.9,7.0,306.04,0.0,3.0,27.0,97.0,-0.27,There is a transaction of 306 euros on my card statement that I never made. I have already called 3 times and nobody has called me back. I am very disappointed with how this has been handled.,Resolved after investigation,122.54
CMP-002313,2026-02-19,Current account,Email,Retail,57.0,11.1,5.0,676.98,2.0,3.0,27.0,215.0,-0.07,A transfer of 677 euros I sent on the 12th never reached the beneficiary and nobody can tell me where it is. This is my third attempt to get an answer from you. This is not the first time I have had to complain about this. I would like this to be checked and corrected.,Resolved at first contact,0.0
CMP-002314,2026-02-19,Investments,Phone,Retail,50.0,9.6,5.0,1813.63,1.0,3.0,38.0,,,,Resolved at first contact,0.0
CMP-002315,2026-02-19,Current account,Phone,Retail,71.0,16.1,6.0,2398.46,1.0,2.0,39.0,150.0,-0.44,"I was charged 2,398 euros in fees that were never mentioned when I opened the account. This has caused me a lot of stress and wasted time.",Resolved after investigation,738.92
CMP-002316,2026-02-19,Credit card,Branch,Private,74.0,6.4,5.0,723.46,0.0,0.0,0.0,163.0,-0.13,My card was charged twice for the same purchase of 723 euros. Please let me know what happened and how it will be fixed.,Resolved at first contact,0.0
CMP-002317,2026-02-20,Personal loan,Branch,Retail,63.0,14.3,6.0,549.16,1.0,0.0,15.0,122.0,-0.16,"I asked to repay my loan early and the fee applied, 549 euros, is far above what the contract says. I assume it is a mistake, but it needs to be resolved.",Resolved at first contact,0.0
CMP-002318,2026-02-20,Personal loan,Web form,Retail,53.0,6.8,4.0,1224.95,1.0,2.0,29.0,218.0,-0.17,"The instalment taken for my loan is 1,225 euros higher than the amount agreed in the contract. I assume it is a mistake, but it needs to be resolved.",Resolved after investigation,143.66
CMP-002319,2026-02-20,Current account,Phone,Retail,44.0,13.5,6.0,14.02,0.0,2.0,26.0,,,,Resolved at first contact,0.0
CMP-002320,2026-02-20,Insurance,Phone,Retail,53.0,14.0,6.0,891.57,1.0,3.0,12.0,163.0,-0.3,My claim of 892 euros on the policy linked to my account was rejected without any explanation. I have already called 3 times and nobody has called me back. I am very disappointed with how this has been handled.,Resolved after investigation,0.0
CMP-002321,2026-02-20,Personal loan,Branch,Retail,40.0,13.9,6.0,,1.0,3.0,26.0,276.0,-0.29,"I asked to repay my loan early and the fee applied, 2,644 euros, is far above what the contract says. This is my third attempt to get an answer from you. I expect a refund and a clear explanation.",Resolved after investigation,0.0
CMP-002322,2026-02-20,Mortgage,Branch,Retail,41.0,0.1,2.0,1199.26,0.0,1.0,26.0,,,,Resolved at first contact,0.0
CMP-002323,2026-02-20,Current account,Branch,Retail,62.0,7.1,3.0,53.98,1.0,0.0,11.0,185.0,-0.34,I was charged 54 euros in fees that were never mentioned when I opened the account. This has caused me a lot of stress and wasted time.,Resolved at first contact,0.0
CMP-002324,2026-02-22,Investments,Email,Private,40.0,1.0,2.0,,1.0,4.0,39.0,166.0,-0.25,"The costs of the investment product were never explained to me and I have paid 2,588 euros in charges. After 4 contacts with the branch and the call centre, nothing has changed. I am very disappointed with how this has been handled.",Escalated to ombudsman,1570.09
CMP-002325,2026-02-22,Credit card,Phone,Affluent,61.0,13.7,5.0,171.67,0.0,1.0,5.0,,,,Resolved at first contact,0.0
CMP-002326,2026-02-22,Credit card,Mobile app,Retail,58.0,23.7,8.0,614.63,2.0,2.0,28.0,143.0,-0.01,My card was blocked while I was abroad and I had to pay 615 euros in cash with no explanation. This is not the first time I have had to complain about this. I would like this to be checked and corrected.,Resolved after investigation,265.54
CMP-002327,2026-02-22,Credit card,Web form,Private,56.0,0.1,3.0,,2.0,3.0,44.0,177.0,-0.2,"My card was charged twice for the same purchase of 2,812 euros. This is my third attempt to get an answer from you. This is not the first time I have had to complain about this. I would like this to be checked and corrected.",Resolved after investigation,930.17
CMP-002328,2026-02-23,Investments,Branch,Retail,35.0,2.4,2.0,682.78,1.0,4.0,40.0,219.0,-0.33,"The costs of the investment product were never explained to me and I have paid 683 euros in charges. After 4 contacts with the branch and the call centre, nothing has changed. I am very disappointed with how this has been handled.",Resolved after investigation,304.87
CMP-002329,2026-02-23,Investments,Phone,Retail,53.0,13.9,5.0,,0.0,0.0,31.0,,,,Resolved after investigation,60.99
CMP-002330,2026-02-23,Personal loan,Email,Retail,60.0,11.5,4.0,74.83,0.0,2.0,17.0,117.0,0.09,My loan application was rejected after 11 days and the 75 euros I paid for the appraisal were not refunded. Please let me know what happened and how it will be fixed.,Resolved at first contact,0.0
CMP-002331,2026-02-23,Current account,Branch,Affluent,54.0,10.8,6.0,204.22,0.0,1.0,17.0,,,,Resolved after investigation,101.54
CMP-002332,2026-02-23,Credit card,Branch,Retail,36.0,13.0,5.0,172.61,0.0,2.0,17.0,137.0,-0.06,My card was charged twice for the same purchase of 173 euros. I would like this to be checked and corrected.,Resolved at first contact,0.0
CMP-002333,2026-02-23,Credit card,Social media,Retail,25.0,0.1,1.0,,2.0,4.0,33.0,221.0,-0.54,"My card was blocked while I was abroad and I had to pay 1,063 euros in cash with no explanation. I have already called 4 times and nobody has called me back. This is not the first time I have had to complain about this. I am very disappointed with how this has been handled.",Escalated to ombudsman,1344.33
CMP-002334,2026-02-23,Current account,Phone,Retail,47.0,15.4,6.0,45.13,1.0,1.0,12.0,88.0,-0.23,An unauthorised direct debit of 45 euros was taken from my current account on the 4th. This has caused me a lot of stress and wasted time.,Resolved at first contact,0.0
CMP-002335,2026-02-23,Credit card,Branch,Affluent,44.0,5.8,4.0,456.04,0.0,3.0,17.0,99.0,0.13,"There is a transaction of 456 euros on my card statement that I never made. After 3 contacts with the branch and the call centre, nothing has changed. Please let me know what happened and how it will be fixed.",Resolved at first contact,0.0
CMP-002336,2026-02-23,Investments,Branch,Retail,47.0,4.2,2.0,983.63,1.0,3.0,17.0,255.0,-0.18,My advisor moved my savings into a fund I never approved and the position is now 984 euros below what I invested. I have already called 3 times and nobody has called me back. Please let me know what happened and how it will be fixed.,Resolved after investigation,0.0
CMP-002337,2026-02-23,Credit card,Phone,Retail,50.0,6.3,3.0,28.59,0.0,1.0,6.0,51.0,0.06,My card was charged twice for the same purchase of 29 euros. I would like this to be checked and corrected.,Resolved at first contact,10.32
CMP-002338,2026-02-23,Mortgage,Email,Retail,,15.6,5.0,,2.0,4.0,49.0,283.0,-0.49,"An insurance premium of 6,059 euros was added to my mortgage instalment without my consent. After 4 contacts with the branch and the call centre, nothing has changed. This is not the first time I have had to complain about this. The problem dates back more than a month and is still open. I am very disappointed with how this has been handled.",Escalated to ombudsman,2842.28
CMP-002339,2026-02-23,Mortgage,Mobile app,Retail,44.0,3.4,2.0,,2.0,2.0,37.0,191.0,0.0,"My request to renegotiate the mortgage has been pending for weeks and the delay has cost me 1,264 euros. This is not the first time I have had to complain about this. I would like this to be checked and corrected.",Resolved at first contact,0.0
CMP-002340,2026-02-23,Mortgage,Phone,Affluent,73.0,12.8,6.0,1417.27,1.0,3.0,51.0,128.0,-0.2,"My request to renegotiate the mortgage has been pending for weeks and the delay has cost me 1,417 euros. After 3 contacts with the branch and the call centre, nothing has changed. The problem dates back more than a month and is still open. Please let me know what happened and how it will be fixed.",Escalated to ombudsman,1278.06
CMP-002341,2026-02-23,Credit card,Phone,Retail,48.0,8.2,4.0,427.11,1.0,2.0,22.0,,,,Resolved at first contact,0.0
CMP-002342,2026-02-23,Credit card,Social media,Affluent,58.0,7.7,4.0,231.34,1.0,2.0,20.0,205.0,0.24,There is a transaction of 231 euros on my card statement that I never made. Your staff have been helpful so far; I just need this last point solved.,Resolved after investigation,59.33
CMP-002343,2026-02-23,Investments,Phone,Retail,53.0,3.3,2.0,1186.93,1.0,5.0,36.0,,,,Resolved after investigation,437.05
CMP-002344,2026-02-23,Investments,Mobile app,Retail,37.0,8.9,4.0,582.97,0.0,1.0,39.0,186.0,0.12,The costs of the investment product were never explained to me and I have paid 583 euros in charges. I would like this to be checked and corrected.,Resolved at first contact,0.0
CMP-002345,2026-02-23,Current account,Phone,Retail,46.0,10.6,4.0,975.06,3.0,5.0,41.0,,,,Escalated to ombudsman,590.62
CMP-002346,2026-02-23,Mortgage,Phone,Retail,40.0,10.7,3.0,983.28,1.0,1.0,36.0,,,,Resolved at first contact,0.0
CMP-002347,2026-02-24,Current account,Web form,Retail,41.0,3.8,2.0,145.68,0.0,0.0,12.0,107.0,0.53,A transfer of 146 euros I sent on the 15th never reached the beneficiary and nobody can tell me where it is. Thank you in advance for looking into it.,Resolved at first contact,0.0
CMP-002348,2026-02-24,Credit card,Email,Private,56.0,14.8,5.0,153.93,1.0,1.0,17.0,49.0,0.37,"There is a transaction of 154 euros on my card statement that I never made. I have always been happy with the bank, so I am sure this can be sorted out quickly.",Resolved at first contact,0.0
CMP-002349,2026-02-24,Mortgage,Phone,Affluent,,21.0,8.0,4549.71,2.0,4.0,67.0,,,,Escalated to ombudsman,2153.04
CMP-002350,2026-02-24,Credit card,Phone,Retail,41.0,0.1,2.0,1668.13,2.0,3.0,33.0,,,,Resolved after investigation,202.02
CMP-002351,2026-02-24,Investments,Branch,Retail,49.0,11.8,4.0,125.48,1.0,0.0,10.0,,,,Resolved at first contact,0.0
CMP-002352,2026-02-24,Current account,Phone,Retail,59.0,9.7,4.0,118.77,0.0,0.0,18.0,,,,Resolved at first contact,0.0
CMP-002353,2026-02-24,Current account,Branch,SME,52.0,6.4,3.0,82.08,0.0,1.0,13.0,,,,Resolved at first contact,0.0
CMP-002354,2026-02-25,Investments,Phone,Retail,70.0,9.6,4.0,642.63,1.0,0.0,23.0,,,,Resolved at first contact,0.0
CMP-002355,2026-02-25,Personal loan,Mobile app,unknown,20.0,0.1,1.0,190.96,0.0,3.0,29.0,98.0,-0.23,My loan application was rejected after 25 days and the 191 euros I paid for the appraisal were not refunded. I have already called 3 times and nobody has called me back. This has caused me a lot of stress and wasted time.,Resolved at first contact,0.0
CMP-002356,2026-02-25,Credit card,Email,Affluent,76.0,20.0,8.0,459.82,0.0,2.0,40.0,173.0,-0.43,There is a transaction of 460 euros on my card statement that I never made. I am very disappointed with how this has been handled.,Resolved after investigation,96.43
CMP-002357,2026-02-25,Credit card,Mobile app,Affluent,59.0,14.0,6.0,351.28,0.0,2.0,37.0,144.0,0.04,There is a transaction of 351 euros on my card statement that I never made. I would like this to be checked and corrected.,Resolved at first contact,36.84
CMP-002358,2026-02-25,Current account,Phone,Retail,18.0,0.0,1.0,76.31,2.0,5.0,23.0,,,,Resolved after investigation,28.61
CMP-002359,2026-02-26,Investments,Email,Retail,52.0,13.8,5.0,443.85,0.0,1.0,41.0,149.0,0.0,"The costs of the investment product were never explained to me and I have paid 444 euros in charges. I assume it is a mistake, but it needs to be resolved.",Resolved after investigation,132.63
CMP-002360,2026-02-26,Mortgage,Mobile app,Retail,42.0,4.3,3.0,90.39,0.0,1.0,16.0,53.0,0.52,My request to renegotiate the mortgage has been pending for weeks and the delay has cost me 90 euros. Your staff have been helpful so far; I just need this last point solved.,Resolved at first contact,0.0
CMP-002361,2026-02-26,Current account,Branch,Private,70.0,20.1,8.0,1202.99,1.0,2.0,27.0,,,,Resolved after investigation,487.89
CMP-002362,2026-02-26,Credit card,Phone,SME,50.0,7.1,3.0,203.61,0.0,1.0,15.0,,,,Resolved after investigation,62.63
CMP-002363,2026-02-27,Current account,Phone,Retail,58.0,10.8,6.0,115.76,2.0,2.0,40.0,179.0,-0.59,I was charged 116 euros in fees that were never mentioned when I opened the account. This is not the first time I have had to complain about this. This is unacceptable and I am furious.,Resolved after investigation,51.07
CMP-002364,2026-02-27,Personal loan,Mobile app,unknown,20.0,0.1,1.0,581.71,2.0,3.0,32.0,184.0,-0.53,"The instalment taken for my loan is 582 euros higher than the amount agreed in the contract. After 3 contacts with the branch and the call centre, nothing has changed. This is not the first time I have had to complain about this. This has caused me a lot of stress and wasted time.",Resolved after investigation,158.89
CMP-002365,2026-02-27,Current account,Branch,Retail,63.0,16.4,6.0,773.9,1.0,4.0,15.0,,,,Resolved at first contact,0.0
CMP-002366,2026-02-27,Personal loan,Email,Retail,43.0,1.7,2.0,102.73,0.0,0.0,0.0,170.0,0.1,"I asked to repay my loan early and the fee applied, 103 euros, is far above what the contract says. Please let me know what happened and how it will be fixed.",Resolved at first contact,0.0
CMP-002367,2026-02-27,Current account,Phone,Affluent,33.0,7.2,4.0,159.4,1.0,2.0,4.0,138.0,-0.15,"I was charged 159 euros in fees that were never mentioned when I opened the account. I assume it is a mistake, but it needs to be resolved.",Resolved at first contact,0.0
CMP-002368,2026-02-27,Credit card,Branch,Retail,49.0,7.7,3.0,180.35,2.0,2.0,12.0,,,,Resolved at first contact,0.0
CMP-002369,2026-02-27,Current account,Mobile app,Private,45.0,13.1,7.0,1436.36,2.0,3.0,46.0,232.0,-0.54,"I was charged 1,436 euros in fees that were never mentioned when I opened the account. I have already called 3 times and nobody has called me back. This is not the first time I have had to complain about this. The problem dates back more than a month and is still open. I expect a refund and a clear explanation.",Resolved after investigation,292.43
CMP-002370,2026-02-28,Investments,Mobile app,Retail,33.0,9.8,4.0,239.95,0.0,2.0,21.0,187.0,0.11,"My advisor moved my savings into a fund I never approved and the position is now 240 euros below what I invested. I assume it is a mistake, but it needs to be resolved.",Resolved at first contact,0.0
CMP-002371,2026-03-01,Investments,Phone,Retail,57.0,7.7,3.0,1303.34,0.0,1.0,25.0,91.0,0.2,"The costs of the investment product were never explained to me and I have paid 1,303 euros in charges. Thank you in advance for looking into it.",Resolved after investigation,569.4
CMP-002372,2026-03-02,Investments,Phone,Retail,,8.9,4.0,2162.24,2.0,3.0,32.0,,,,Resolved after investigation,299.33
CMP-002373,2026-03-02,Current account,Mobile app,Retail,33.0,9.3,3.0,272.99,2.0,4.0,25.0,234.0,-0.31,"A transfer of 273 euros I sent on the 11th never reached the beneficiary and nobody can tell me where it is. After 4 contacts with the branch and the call centre, nothing has changed. This is not the first time I have had to complain about this. I am very disappointed with how this has been handled.",Resolved at first contact,0.0
CMP-002374,2026-03-02,Mortgage,Email,Retail,32.0,0.1,1.0,314.74,0.0,1.0,29.0,90.0,0.15,My request to renegotiate the mortgage has been pending for weeks and the delay has cost me 315 euros. Please let me know what happened and how it will be fixed.,Resolved at first contact,0.0
CMP-002375,2026-03-02,Investments,Phone,Retail,58.0,6.3,1.0,1002.41,1.0,4.0,43.0,,,,Resolved after investigation,383.25
CMP-002376,2026-03-02,Mortgage,Web form,Retail,41.0,7.8,4.0,178.83,1.0,1.0,42.0,133.0,-0.5,An insurance premium of 179 euros was added to my mortgage instalment without my consent. I expect a refund and a clear explanation.,Resolved after investigation,67.9
CMP-002377,2026-03-02,Current account,Social media,SME,34.0,3.3,2.0,,2.0,4.0,44.0,198.0,-0.29,"My current account was blocked for three days without any notice, and a transfer of 5,529 euros bounced. After 4 contacts with the branch and the call centre, nothing has changed. This is not the first time I have had to complain about this. I expect a refund and a clear explanation.",Escalated to ombudsman,2869.96
CMP-002378,2026-03-02,Current account,Mobile app,Retail,23.0,0.8,3.0,257.91,2.0,3.0,41.0,172.0,-0.4,"An unauthorised direct debit of 258 euros was taken from my current account on the 5th. After 3 contacts with the branch and the call centre, nothing has changed. This is not the first time I have had to complain about this. I expect a refund and a clear explanation.",Resolved at first contact,0.0
CMP-002379,2026-03-02,Investments,Mobile app,Retail,34.0,9.6,4.0,369.85,0.0,3.0,27.0,220.0,0.23,"My advisor moved my savings into a fund I never approved and the position is now 370 euros below what I invested. I have already called 3 times and nobody has called me back. I have always been happy with the bank, so I am sure this can be sorted out quickly.",Resolved after investigation,78.99
CMP-002380,2026-03-02,Investments,Branch,Retail,57.0,10.9,5.0,143.8,0.0,1.0,27.0,190.0,-0.3,My advisor moved my savings into a fund I never approved and the position is now 144 euros below what I invested. I expect a refund and a clear explanation.,Resolved after investigation,25.46
CMP-002381,2026-03-02,Credit card,Phone,Retail,68.0,13.4,5.0,596.15,2.0,3.0,28.0,200.0,-0.76,My card was charged twice for the same purchase of 596 euros. I have already called 3 times and nobody has called me back. This is not the first time I have had to complain about this. I have never been treated so badly by a bank.,Resolved after investigation,125.99
CMP-002382,2026-03-02,Current account,Phone,Retail,48.0,12.5,5.0,678.68,3.0,3.0,28.0,,,,Resolved after investigation,208.15
CMP-002383,2026-03-02,Current account,Branch,Affluent,77.0,14.0,6.0,847.19,0.0,2.0,23.0,190.0,-0.25,I was charged 847 euros in fees that were never mentioned when I opened the account. I am very disappointed with how this has been handled.,Resolved after investigation,0.0
CMP-002384,2026-03-02,Personal loan,Branch,Retail,83.0,30.1,8.0,839.47,1.0,2.0,27.0,129.0,-0.65,The instalment taken for my loan is 839 euros higher than the amount agreed in the contract. I have never been treated so badly by a bank.,Resolved after investigation,172.8
CMP-002385,2026-03-02,Credit card,Web form,Affluent,42.0,13.4,8.0,185.92,1.0,4.0,33.0,191.0,-0.14,My card was blocked while I was abroad and I had to pay 186 euros in cash with no explanation. This is my fourth attempt to get an answer from you. Please let me know what happened and how it will be fixed.,Resolved at first contact,0.0
CMP-002386,2026-03-02,Current account,Web form,Retail,56.0,17.8,6.0,183.31,0.0,3.0,27.0,208.0,-0.14,"A transfer of 183 euros I sent on the 24th never reached the beneficiary and nobody can tell me where it is. This is my third attempt to get an answer from you. I assume it is a mistake, but it needs to be resolved.",Resolved at first contact,0.0
CMP-002387,2026-03-02,Mortgage,Phone,Retail,36.0,8.7,4.0,,2.0,3.0,57.0,249.0,-0.57,"My request to renegotiate the mortgage has been pending for weeks and the delay has cost me 6,396 euros. After 3 contacts with the branch and the call centre, nothing has changed. This is not the first time I have had to complain about this. The problem dates back more than a month and is still open. If this is not resolved within a week I will take it to the ombudsman.",Escalated to ombudsman,7275.51
CMP-002388,2026-03-02,Personal loan,Mobile app,Retail,47.0,9.8,4.0,578.94,2.0,5.0,21.0,237.0,-0.7,The instalment taken for my loan is 579 euros higher than the amount agreed in the contract. I have already called 5 times and nobody has called me back. This is not the first time I have had to complain about this. This is unacceptable and I am furious.,Resolved after investigation,178.44
CMP-002389,2026-03-02,Current account,Web form,Retail,30.0,5.8,3.0,488.66,2.0,4.0,41.0,225.0,-0.61,An unauthorised direct debit of 489 euros was taken from my current account on the 16th. This is my fourth attempt to get an answer from you. This is not the first time I have had to complain about this. This is unacceptable and I am furious.,Escalated to ombudsman,480.87
CMP-002390,2026-03-03,Credit card,Mobile app,Retail,30.0,5.3,3.0,,2.0,5.0,37.0,252.0,-0.38,"There is a transaction of 739 euros on my card statement that I never made. After 5 contacts with the branch and the call centre, nothing has changed. This is not the first time I have had to complain about this. This has caused me a lot of stress and wasted time.",Resolved after investigation,220.74
CMP-002391,2026-03-03,Mortgage,Mobile app,Retail,43.0,1.5,1.0,1950.55,3.0,5.0,53.0,242.0,-0.6,"My request to renegotiate the mortgage has been pending for weeks and the delay has cost me 1,951 euros. I have already called 5 times and nobody has called me back. This is not the first time I have had to complain about this. The problem dates back more than a month and is still open. I demand an immediate refund and a written apology.",Escalated to ombudsman,2394.66
CMP-002392,2026-03-04,Current account,Mobile app,Retail,35.0,1.5,1.0,372.5,1.0,2.0,12.0,176.0,0.45,I was charged 372 euros in fees that were never mentioned when I opened the account. Your staff have been helpful so far; I just need this last point solved.,Resolved at first contact,0.0
CMP-002393,2026-03-04,Credit card,Social media,Affluent,41.0,0.1,2.0,586.33,1.0,2.0,24.0,197.0,-0.28,My card was charged twice for the same purchase of 586 euros. I expect a refund and a clear explanation.,Resolved after investigation,99.66
CMP-002394,2026-03-04,Credit card,Branch,Affluent,64.0,7.7,5.0,236.91,0.0,1.0,23.0,115.0,-0.11,"My card was charged twice for the same purchase of 237 euros. I assume it is a mistake, but it needs to be resolved.",Resolved at first contact,0.0
CMP-002395,2026-03-04,Investments,Web form,Retail,37.0,7.8,4.0,1037.1,2.0,1.0,28.0,204.0,-0.28,"The costs of the investment product were never explained to me and I have paid 1,037 euros in charges. This is not the first time I have had to complain about this. I am very disappointed with how this has been handled.",Escalated to ombudsman,1342.65
CMP-002396,2026-03-04,Current account,Phone,Retail,45.0,4.5,3.0,15.52,0.0,0.0,19.0,,,,Resolved after investigation,5.93
CMP-002397,2026-03-05,Personal loan,Phone,Retail,,11.3,6.0,362.29,0.0,2.0,29.0,,,,Resolved at first contact,0.0
CMP-002398,2026-03-05,Current account,Email,Affluent,44.0,11.6,6.0,5980.82,2.0,1.0,36.0,152.0,-0.47,"My current account was blocked for three days without any notice, and a transfer of 5,981 euros bounced. This is not the first time I have had to complain about this. This has caused me a lot of stress and wasted time.",Resolved after investigation,1889.32
CMP-002399,2026-03-05,Investments,Email,Affluent,40.0,2.6,2.0,453.14,0.0,0.0,7.0,157.0,0.14,I asked to sell my fund units on the 14th; the order was executed days later at a loss of 453 euros. I would like this to be checked and corrected.,Resolved at first contact,0.0
CMP-002400,2026-03-05,Credit card,Phone,Retail,57.0,17.7,5.0,934.37,2.0,5.0,40.0,,,,Escalated to ombudsman,930.5
CMP-002401,2026-03-05,Credit card,Email,Retail,43.0,3.5,2.0,22.37,0.0,1.0,15.0,87.0,-0.42,My card was blocked while I was abroad and I had to pay 22 euros in cash with no explanation. I expect a refund and a clear explanation.,Resolved at first contact,0.0
CMP-002402,2026-03-05,Mortgage,Phone,Retail,60.0,11.4,5.0,2726.39,1.0,4.0,60.0,176.0,-0.38,"My request to renegotiate the mortgage has been pending for weeks and the delay has cost me 2,726 euros. I have already called 4 times and nobody has called me back. The problem dates back more than a month and is still open. This has caused me a lot of stress and wasted time.",Resolved after investigation,605.77
CMP-002403,2026-03-05,Current account,Branch,Retail,51.0,22.2,7.0,250.98,1.0,3.0,23.0,204.0,-0.25,"My current account was blocked for three days without any notice, and a transfer of 251 euros bounced. This is my third attempt to get an answer from you. I expect a refund and a clear explanation.",Resolved at first contact,0.0
CMP-002404,2026-03-06,Personal loan,Web form,Affluent,49.0,9.1,5.0,126.12,0.0,0.0,23.0,248.0,-0.26,The instalment taken for my loan is 126 euros higher than the amount agreed in the contract. This has caused me a lot of stress and wasted time.,Resolved after investigation,30.45
CMP-002405,2026-03-06,Current account,Branch,Private,60.0,14.7,7.0,,1.0,2.0,16.0,173.0,-0.27,I was charged 750 euros in fees that were never mentioned when I opened the account. I am very disappointed with how this has been handled.,Resolved at first contact,0.0
CMP-002406,2026-03-06,Current account,Mobile app,Affluent,64.0,8.2,6.0,549.1,2.0,3.0,27.0,128.0,-0.11,"An unauthorised direct debit of 549 euros was taken from my current account on the 14th. After 3 contacts with the branch and the call centre, nothing has changed. This is not the first time I have had to complain about this. Please let me know what happened and how it will be fixed.",Resolved after investigation,166.11
CMP-002407,2026-03-07,Credit card,Phone,Retail,54.0,11.9,5.0,265.44,2.0,4.0,30.0,,,,Resolved after investigation,0.0
CMP-002408,2026-03-09,Credit card,Web form,Retail,50.0,15.2,6.0,91.61,1.0,1.0,21.0,9800.0,-0.35,My card was charged twice for the same purchase of 92 euros. This has caused me a lot of stress and wasted time.,Resolved at first contact,0.0
CMP-002409,2026-03-09,Mortgage,Phone,Affluent,42.0,7.4,3.0,1638.41,1.0,3.0,26.0,178.0,-0.31,"The interest rate applied to my mortgage does not match the offer I signed, and I have overpaid 1,638 euros. After 3 contacts with the branch and the call centre, nothing has changed. I am very disappointed with how this has been handled.",Escalated to ombudsman,830.78
CMP-002410,2026-03-09,Personal loan,Email,Affluent,42.0,4.8,2.0,694.04,0.0,2.0,21.0,190.0,-0.31,My loan application was rejected after 16 days and the 694 euros I paid for the appraisal were not refunded. This has caused me a lot of stress and wasted time.,Resolved after investigation,187.37
CMP-002411,2026-03-09,Personal loan,Email,Retail,42.0,23.0,7.0,2212.11,2.0,4.0,42.0,195.0,-0.47,"The instalment taken for my loan is 2,212 euros higher than the amount agreed in the contract. I have already called 4 times and nobody has called me back. This is not the first time I have had to complain about this. I expect a refund and a clear explanation.",Resolved after investigation,741.79
CMP-002412,2026-03-09,Mortgage,Branch,Retail,52.0,12.9,6.0,4298.64,1.0,4.0,42.0,226.0,-0.73,"The interest rate applied to my mortgage does not match the offer I signed, and I have overpaid 4,299 euros. After 4 contacts with the branch and the call centre, nothing has changed. If this is not resolved within a week I will take it to the ombudsman.",Escalated to ombudsman,3921.37
CMP-002413,2026-03-09,Investments,Phone,Retail,42.0,13.6,6.0,873.73,1.0,2.0,43.0,195.0,-0.51,I asked to sell my fund units on the 26th; the order was executed days later at a loss of 874 euros. I expect a refund and a clear explanation.,Resolved after investigation,0.0
CMP-002414,2026-03-09,Personal loan,Phone,Retail,54.0,13.3,5.0,1540.74,2.0,5.0,42.0,188.0,-0.58,"The instalment taken for my loan is 1,541 euros higher than the amount agreed in the contract. This is my fifth attempt to get an answer from you. This is not the first time I have had to complain about this. If this is not resolved within a week I will take it to the ombudsman.",Resolved after investigation,287.6
CMP-002415,2026-03-09,Current account,Email,Retail,43.0,0.1,2.0,57.85,0.0,0.0,16.0,20.0,0.02,An unauthorised direct debit of 58 euros was taken from my current account on the 25th. I would like this to be checked and corrected.,Resolved at first contact,0.0
CMP-002416,2026-03-09,Credit card,Phone,Retail,60.0,24.8,8.0,82.64,1.0,1.0,23.0,,,,Resolved at first contact,0.0
CMP-002417,2026-03-09,Personal loan,Phone,Retail,60.0,13.0,5.0,487.27,0.0,2.0,33.0,,,,Resolved after investigation,192.0
CMP-002418,2026-03-09,Current account,Mobile app,Affluent,60.0,17.6,8.0,30.92,0.0,1.0,3.0,65.0,-0.09,An unauthorised direct debit of 31 euros was taken from my current account on the 18th. Please let me know what happened and how it will be fixed.,Resolved at first contact,0.0
CMP-002419,2026-03-09,Mortgage,Mobile app,Retail,62.0,16.6,6.0,436.8,1.0,1.0,18.0,160.0,-0.09,An insurance premium of 437 euros was added to my mortgage instalment without my consent. Please let me know what happened and how it will be fixed.,Resolved after investigation,131.43
CMP-002420,2026-03-09,Investments,Mobile app,Affluent,,11.6,5.0,874.72,0.0,0.0,29.0,124.0,-0.16,My advisor moved my savings into a fund I never approved and the position is now 875 euros below what I invested. I would like this to be checked and corrected.,Resolved at first contact,0.0
CMP-002421,2026-03-09,Current account,Email,Retail,69.0,18.5,6.0,189.58,1.0,2.0,19.0,170.0,0.25,An unauthorised direct debit of 190 euros was taken from my current account on the 26th. Your staff have been helpful so far; I just need this last point solved.,Resolved at first contact,0.0
CMP-002422,2026-03-09,Mortgage,Mobile app,Retail,39.0,5.5,1.0,2847.59,2.0,4.0,61.0,253.0,-1.0,"My request to renegotiate the mortgage has been pending for weeks and the delay has cost me 2,848 euros. This is my fourth attempt to get an answer from you. This is not the first time I have had to complain about this. The problem dates back more than a month and is still open. This is unacceptable and I am furious.",Escalated to ombudsman,2996.24
CMP-002423,2026-03-10,Current account,Social media,Retail,34.0,3.5,2.0,54.2,0.0,4.0,7.0,135.0,0.1,"My current account was blocked for three days without any notice, and a transfer of 54 euros bounced. This is my fourth attempt to get an answer from you. Please let me know what happened and how it will be fixed.",Resolved at first contact,24.18
CMP-002424,2026-03-10,Investments,Phone,Retail,34.0,5.0,3.0,,1.0,3.0,44.0,,,,Resolved after investigation,359.45
CMP-002425,2026-03-10,Credit card,Phone,Retail,44.0,5.8,3.0,613.51,0.0,2.0,31.0,134.0,-0.09,"My card was charged twice for the same purchase of 614 euros. I assume it is a mistake, but it needs to be resolved.",Resolved at first contact,0.0
CMP-002426,2026-03-10,Mortgage,Mobile app,Retail,62.0,12.2,5.0,,1.0,1.0,47.0,193.0,-0.57,"My request to renegotiate the mortgage has been pending for weeks and the delay has cost me 3,700 euros. The problem dates back more than a month and is still open. If this is not resolved within a week I will take it to the ombudsman.",Resolved after investigation,1663.97
CMP-002427,2026-03-10,Credit card,Web form,Retail,53.0,19.2,6.0,,2.0,4.0,10.0,126.0,-0.46,The cash-advance fee of 479 euros on my card is not the one stated in the terms. I have already called 4 times and nobody has called me back. This is not the first time I have had to complain about this. I am very disappointed with how this has been handled.,Resolved after investigation,126.31
CMP-002428,2026-03-10,Insurance,Phone,Retail,75.0,16.6,5.0,721.8,1.0,3.0,17.0,,,,Resolved at first contact,0.0
CMP-002429,2026-03-11,Current account,Phone,Retail,49.0,9.8,4.0,1867.2,3.0,3.0,37.0,,,,Resolved after investigation,0.0
CMP-002430,2026-03-11,Mortgage,Branch,Affluent,66.0,7.1,4.0,979.93,1.0,3.0,36.0,,,,Resolved after investigation,272.55
CMP-002431,2026-03-11,Current account,Email,Retail,36.0,0.1,2.0,775.03,2.0,3.0,24.0,152.0,-0.28,"My current account was blocked for three days without any notice, and a transfer of 775 euros bounced. I have already called 3 times and nobody has called me back. This is not the first time I have had to complain about this. I am very disappointed with how this has been handled.",Escalated to ombudsman,860.87
CMP-002432,2026-03-11,Mortgage,Web form,Retail,57.0,3.3,3.0,1348.23,0.0,6.0,61.0,135.0,-0.63,"The interest rate applied to my mortgage does not match the offer I signed, and I have overpaid 1,348 euros. After 6 contacts with the branch and the call centre, nothing has changed. The problem dates back more than a month and is still open. I have never been treated so badly by a bank.",Resolved after investigation,156.21
CMP-002433,2026-03-11,Credit card,Phone,Retail,,0.0,1.0,237.83,1.0,4.0,11.0,183.0,-0.43,"There is a transaction of 238 euros on my card statement that I never made. After 4 contacts with the branch and the call centre, nothing has changed. This has caused me a lot of stress and wasted time.",Resolved after investigation,112.52
CMP-002434,2026-03-12,Investments,Branch,Retail,63.0,17.8,7.0,1278.89,2.0,4.0,34.0,,,,Resolved after investigation,238.15
CMP-002435,2026-03-12,Current account,Phone,Retail,39.0,0.5,2.0,29.56,1.0,1.0,0.0,96.0,0.24,I was charged 30 euros in fees that were never mentioned when I opened the account. Thank you in advance for looking into it.,Resolved at first contact,0.0
CMP-002436,2026-03-12,Mortgage,Email,Affluent,55.0,11.1,6.0,1353.93,0.0,1.0,47.0,115.0,-0.22,"My request to renegotiate the mortgage has been pending for weeks and the delay has cost me 1,354 euros. The problem dates back more than a month and is still open. This has caused me a lot of stress and wasted time.",Resolved after investigation,587.43
CMP-002437,2026-03-12,Insurance,Email,Retail,50.0,10.8,4.0,641.11,2.0,3.0,38.0,252.0,-0.62,"My claim of 641 euros on the policy linked to my account was rejected without any explanation. After 3 contacts with the branch and the call centre, nothing has changed. This is not the first time I have had to complain about this. I have never been treated so badly by a bank.",Escalated to ombudsman,909.55
CMP-002438,2026-03-13,Mortgage,Phone,SME,47.0,7.5,4.0,1034.08,1.0,2.0,38.0,,,,Resolved after investigation,322.82
CMP-002439,2026-03-13,Current account,Phone,Retail,50.0,4.4,2.0,391.0,1.0,3.0,23.0,178.0,-0.23,I was charged 391 euros in fees that were never mentioned when I opened the account. This is my third attempt to get an answer from you. I expect a refund and a clear explanation.,Resolved at first contact,0.0
CMP-002440,2026-03-13,Investments,Email,SME,58.0,17.1,7.0,1977.51,1.0,3.0,33.0,,,,Resolved after investigation,954.03
CMP-002441,2026-03-13,Current account,Social media,Private,29.0,0.1,3.0,982.2,1.0,3.0,29.0,191.0,-0.09,"My current account was blocked for three days without any notice, and a transfer of 982 euros bounced. I have already called 3 times and nobody has called me back. I assume it is a mistake, but it needs to be resolved.",Resolved after investigation,344.69
CMP-002442,2026-03-13,Personal loan,Phone,Retail,26.0,1.2,1.0,179.0,1.0,2.0,18.0,,,,Resolved at first contact,0.0
CMP-002443,2026-03-13,Personal loan,Phone,Affluent,46.0,8.5,5.0,501.82,1.0,1.0,11.0,,,,Resolved after investigation,146.9
CMP-002444,2026-03-13,Current account,Mobile app,Retail,25.0,6.8,3.0,295.98,2.0,3.0,36.0,200.0,-0.53,"My current account was blocked for three days without any notice, and a transfer of 296 euros bounced. This is my third attempt to get an answer from you. This is not the first time I have had to complain about this. I expect a refund and a clear explanation.",Resolved at first contact,0.0
CMP-002445,2026-03-14,Insurance,Phone,Affluent,70.0,15.9,8.0,85.62,0.0,3.0,4.0,135.0,0.01,"My claim of 86 euros on the policy linked to my account was rejected without any explanation. After 3 contacts with the branch and the call centre, nothing has changed. I assume it is a mistake, but it needs to be resolved.",Resolved at first contact,0.0
CMP-002446,2026-03-15,Credit card,Phone,Affluent,62.0,19.7,8.0,587.21,1.0,1.0,1.0,,,,Resolved at first contact,0.0
CMP-002447,2026-03-15,Credit card,Mobile app,Private,32.0,3.0,5.0,306.08,2.0,1.0,32.0,115.0,-0.22,My card was blocked while I was abroad and I had to pay 306 euros in cash with no explanation. This is not the first time I have had to complain about this. This has caused me a lot of stress and wasted time.,Resolved at first contact,0.0
CMP-002448,2026-03-16,Current account,Phone,Affluent,40.0,2.3,3.0,160.23,1.0,3.0,33.0,,,,Resolved at first contact,0.0
CMP-002449,2026-03-16,Personal loan,Email,Retail,49.0,11.5,5.0,171.72,0.0,1.0,8.0,139.0,0.06,"My loan application was rejected after 4 days and the 172 euros I paid for the appraisal were not refunded. I assume it is a mistake, but it needs to be resolved.",Resolved at first contact,0.0
CMP-002450,2026-03-16,Insurance,Phone,Retail,53.0,8.0,3.0,704.26,0.0,2.0,12.0,,,,Resolved after investigation,322.06
CMP-002451,2026-03-16,Investments,Phone,Retail,34.0,11.9,4.0,639.27,2.0,5.0,45.0,,,,Resolved after investigation,202.38
CMP-002452,2026-03-16,Current account,Phone,Retail,,18.5,7.0,1478.25,0.0,4.0,26.0,159.0,-0.41,"A transfer of 1,478 euros I sent on the 17th never reached the beneficiary and nobody can tell me where it is. I have already called 4 times and nobody has called me back. I am very disappointed with how this has been handled.",Resolved at first contact,0.0
CMP-002453,2026-03-16,Current account,Email,Retail,42.0,14.4,6.0,30.1,1.0,1.0,13.0,184.0,0.32,A transfer of 30 euros I sent on the 8th never reached the beneficiary and nobody can tell me where it is. Your staff have been helpful so far; I just need this last point solved.,Resolved at first contact,0.0
CMP-002454,2026-03-16,Credit card,Branch,Retail,55.0,7.0,3.0,908.03,1.0,3.0,42.0,215.0,-0.06,My card was blocked while I was abroad and I had to pay 908 euros in cash with no explanation. This is my third attempt to get an answer from you. Please let me know what happened and how it will be fixed.,Resolved at first contact,0.0
CMP-002455,2026-03-16,Current account,Phone,Retail,51.0,19.7,6.0,463.39,2.0,2.0,23.0,158.0,-0.35,"My current account was blocked for three days without any notice, and a transfer of 463 euros bounced. This is not the first time I have had to complain about this. This has caused me a lot of stress and wasted time.",Resolved after investigation,203.01
CMP-002456,2026-03-16,Current account,Email,Affluent,51.0,11.3,5.0,124.16,0.0,2.0,24.0,177.0,-0.46,An unauthorised direct debit of 124 euros was taken from my current account on the 5th. I expect a refund and a clear explanation.,Resolved at first contact,0.0
CMP-002457,2026-03-16,Credit card,Email,Private,52.0,8.3,6.0,293.16,0.0,1.0,27.0,193.0,0.03,"My card was blocked while I was abroad and I had to pay 293 euros in cash with no explanation. I assume it is a mistake, but it needs to be resolved.",Resolved at first contact,0.0
CMP-002458,2026-03-16,Current account,Web form,Retail,65.0,15.9,6.0,297.88,1.0,3.0,31.0,126.0,-0.69,I was charged 298 euros in fees that were never mentioned when I opened the account. This is my third attempt to get an answer from you. I have never been treated so badly by a bank.,Resolved at first contact,0.0
CMP-002459,2026-03-16,Investments,Email,Affluent,43.0,2.3,4.0,154.26,0.0,1.0,41.0,111.0,0.04,"My advisor moved my savings into a fund I never approved and the position is now 154 euros below what I invested. I assume it is a mistake, but it needs to be resolved.",Resolved at first contact,0.0
CMP-002460,2026-03-17,Credit card,Web form,SME,42.0,3.5,2.0,,2.0,4.0,40.0,195.0,-0.73,"There is a transaction of 1,118 euros on my card statement that I never made. After 4 contacts with the branch and the call centre, nothing has changed. This is not the first time I have had to complain about this. I have never been treated so badly by a bank.",Resolved after investigation,0.0
CMP-002461,2026-03-17,Investments,Phone,Retail,43.0,9.2,5.0,801.02,0.0,0.0,9.0,,,,Resolved at first contact,0.0
CMP-002462,2026-03-17,Credit card,Mobile app,Retail,29.0,6.5,4.0,273.7,2.0,4.0,45.0,149.0,-0.46,"My card was blocked while I was abroad and I had to pay 274 euros in cash with no explanation. After 4 contacts with the branch and the call centre, nothing has changed. This is not the first time I have had to complain about this. This has caused me a lot of stress and wasted time.",Escalated to ombudsman,407.39
CMP-002463,2026-03-17,Current account,Web form,Retail,56.0,16.8,8.0,159.91,1.0,2.0,31.0,192.0,-0.37,A transfer of 160 euros I sent on the 17th never reached the beneficiary and nobody can tell me where it is. I am very disappointed with how this has been handled.,Resolved at first contact,0.0
CMP-002464,2026-03-18,Investments,Email,Retail,35.0,0.1,1.0,1545.38,2.0,4.0,42.0,199.0,-0.17,"My advisor moved my savings into a fund I never approved and the position is now 1,545 euros below what I invested. I have already called 4 times and nobody has called me back. This is not the first time I have had to complain about this. I assume it is a mistake, but it needs to be resolved.",Escalated to ombudsman,1809.98
CMP-002465,2026-03-18,Current account,Email,Retail,26.0,2.3,2.0,242.08,1.0,2.0,30.0,230.0,-0.12,I was charged 242 euros in fees that were never mentioned when I opened the account. I would like this to be checked and corrected.,Resolved at first contact,0.0
CMP-002466,2026-03-18,Insurance,Mobile app,Retail,30.0,0.1,1.0,2250.12,2.0,3.0,34.0,171.0,-0.88,"The insurance policy was renewed and 2,250 euros charged although I had cancelled it in writing. After 3 contacts with the branch and the call centre, nothing has changed. This is not the first time I have had to complain about this. This is unacceptable and I am furious.",Escalated to ombudsman,2859.65
CMP-002467,2026-03-18,Current account,Web form,Private,65.0,11.4,7.0,,1.0,0.0,16.0,179.0,-0.23,"A transfer of 1,993 euros I sent on the 17th never reached the beneficiary and nobody can tell me where it is. This has caused me a lot of stress and wasted time.",Resolved at first contact,0.0
CMP-002468,2026-03-18,Current account,Email,Affluent,46.0,15.6,7.0,760.76,1.0,2.0,25.0,198.0,-0.16,A transfer of 761 euros I sent on the 4th never reached the beneficiary and nobody can tell me where it is. Please let me know what happened and how it will be fixed.,Escalated to ombudsman,606.86
CMP-002469,2026-03-18,Insurance,Social media,Retail,27.0,0.1,1.0,190.35,0.0,1.0,28.0,149.0,-0.19,The insurance policy was renewed and 190 euros charged although I had cancelled it in writing. I would like this to be checked and corrected.,Resolved after investigation,29.72
CMP-002470,2026-03-19,Credit card,Phone,Retail,39.0,5.1,3.0,52.47,0.0,0.0,7.0,,,,Resolved at first contact,0.0
CMP-002471,2026-03-19,Personal loan,Phone,Affluent,54.0,11.7,5.0,481.08,0.0,3.0,25.0,,,,Resolved at first contact,0.0
CMP-002472,2026-03-19,Investments,Email,SME,58.0,0.1,1.0,1219.86,1.0,1.0,30.0,159.0,-0.31,"The costs of the investment product were never explained to me and I have paid 1,220 euros in charges. This has caused me a lot of stress and wasted time.",Resolved after investigation,191.28
CMP-002473,2026-03-20,Personal loan,Email,Private,57.0,14.1,7.0,438.27,1.0,3.0,10.0,193.0,-0.33,"I asked to repay my loan early and the fee applied, 438 euros, is far above what the contract says. After 3 contacts with the branch and the call centre, nothing has changed. I expect a refund and a clear explanation.",Resolved at first contact,0.0
CMP-002474,2026-03-20,Current account,Email,Retail,67.0,12.4,5.0,131.53,1.0,1.0,23.0,122.0,-0.35,A transfer of 132 euros I sent on the 25th never reached the beneficiary and nobody can tell me where it is. This has caused me a lot of stress and wasted time.,Resolved at first contact,0.0
CMP-002475,2026-03-20,Current account,Email,SME,45.0,0.1,1.0,5333.51,2.0,5.0,22.0,196.0,-0.87,"My current account was blocked for three days without any notice, and a transfer of 5,334 euros bounced. I have already called 5 times and nobody has called me back. This is not the first time I have had to complain about this. This is unacceptable and I am furious.",Escalated to ombudsman,2635.72
CMP-002476,2026-03-20,Current account,Phone,Retail,29.0,2.4,2.0,447.17,0.0,2.0,18.0,179.0,-0.13,An unauthorised direct debit of 447 euros was taken from my current account on the 9th. Please let me know what happened and how it will be fixed.,Resolved at first contact,0.0
CMP-002477,2026-03-20,Mortgage,Branch,Retail,60.0,16.3,6.0,2173.12,0.0,0.0,44.0,150.0,-0.65,"An insurance premium of 2,173 euros was added to my mortgage instalment without my consent. I demand an immediate refund and a written apology.",Escalated to ombudsman,2461.78
CMP-002478,2026-03-20,Credit card,Phone,Retail,74.0,26.0,8.0,2899.21,1.0,3.0,33.0,248.0,-0.58,"My card was blocked while I was abroad and I had to pay 2,899 euros in cash with no explanation. This is my third attempt to get an answer from you. If this is not resolved within a week I will take it to the ombudsman.",Resolved after investigation,0.0
CMP-002479,2026-03-20,Credit card,Email,Retail,64.0,7.6,2.0,316.9,0.0,2.0,13.0,159.0,-0.31,My card was blocked while I was abroad and I had to pay 317 euros in cash with no explanation. This has caused me a lot of stress and wasted time.,Resolved at first contact,0.0
CMP-002480,2026-03-21,Credit card,Mobile app,SME,55.0,12.7,5.0,8497.59,2.0,4.0,49.0,213.0,-0.9,"The cash-advance fee of 8,498 euros on my card is not the one stated in the terms. I have already called 4 times and nobody has called me back. This is not the first time I have had to complain about this. The problem dates back more than a month and is still open. If this is not resolved within a week I will take it to the ombudsman.",Escalated to ombudsman,9080.63
CMP-002481,2026-03-21,Credit card,Branch,Retail,,26.0,8.0,409.26,0.0,3.0,21.0,,,,Resolved at first contact,0.0
CMP-002482,2026-03-22,Investments,Branch,Retail,78.0,17.1,7.0,1103.33,0.0,2.0,25.0,,,,Resolved after investigation,380.39
CMP-002483,2026-03-22,Credit card,Web form,Retail,41.0,13.8,5.0,197.62,0.0,2.0,14.0,115.0,-0.06,"My card was blocked while I was abroad and I had to pay 198 euros in cash with no explanation. I assume it is a mistake, but it needs to be resolved.",Resolved at first contact,0.0
CMP-002484,2026-03-23,Credit card,Web form,Affluent,58.0,9.1,6.0,778.27,2.0,3.0,31.0,162.0,-0.84,There is a transaction of 778 euros on my card statement that I never made. I have already called 3 times and nobody has called me back. This is not the first time I have had to complain about this. If this is not resolved within a week I will take it to the ombudsman.,Escalated to ombudsman,1031.63
CMP-002485,2026-03-23,Current account,Social media,Retail,40.0,6.8,3.0,3125.78,1.0,2.0,31.0,112.0,-0.71,"An unauthorised direct debit of 3,126 euros was taken from my current account on the 19th. This is unacceptable and I am furious.",Escalated to ombudsman,2668.51
CMP-002486,2026-03-23,Current account,Email,Private,64.0,8.9,7.0,136.49,0.0,2.0,3.0,111.0,0.15,I was charged 136 euros in fees that were never mentioned when I opened the account. Please let me know what happened and how it will be fixed.,Resolved at first contact,0.0
CMP-002487,2026-03-23,Current account,Social media,Retail,54.0,7.2,4.0,360.96,1.0,3.0,20.0,171.0,-0.76,"A transfer of 361 euros I sent on the 16th never reached the beneficiary and nobody can tell me where it is. After 3 contacts with the branch and the call centre, nothing has changed. If this is not resolved within a week I will take it to the ombudsman.",Escalated to ombudsman,457.96
CMP-002488,2026-03-23,Investments,Phone,Retail,75.0,26.6,8.0,621.58,2.0,2.0,30.0,,,,Resolved at first contact,0.0
CMP-002489,2026-03-23,Personal loan,Branch,Affluent,51.0,7.4,4.0,338.52,1.0,3.0,16.0,,,,Resolved after investigation,116.5
CMP-002490,2026-03-23,Credit card,Web form,Retail,21.0,0.1,1.0,,1.0,5.0,34.0,176.0,-0.3,There is a transaction of 349 euros on my card statement that I never made. This is my fifth attempt to get an answer from you. I am very disappointed with how this has been handled.,Escalated to ombudsman,356.74
CMP-002491,2026-03-23,Investments,Email,Retail,27.0,0.1,2.0,1061.56,0.0,3.0,39.0,174.0,0.3,"I asked to sell my fund units on the 12th; the order was executed days later at a loss of 1,062 euros. This is my third attempt to get an answer from you. I have always been happy with the bank, so I am sure this can be sorted out quickly.",Resolved at first contact,0.0
CMP-002492,2026-03-23,Investments,email,Retail,56.0,21.5,8.0,26235.21,3.0,5.0,57.0,,,,Escalated to ombudsman,16342.19
CMP-002493,2026-03-23,Current account,Phone,Retail,47.0,13.3,4.0,893.14,2.0,4.0,33.0,199.0,-0.39,"A transfer of 893 euros I sent on the 12th never reached the beneficiary and nobody can tell me where it is. After 4 contacts with the branch and the call centre, nothing has changed. This is not the first time I have had to complain about this. I expect a refund and a clear explanation.",Resolved after investigation,356.98
CMP-002494,2026-03-23,Current account,Branch,Affluent,45.0,8.9,5.0,36.69,0.0,0.0,4.0,,,,Resolved at first contact,0.0
CMP-002495,2026-03-24,Mortgage,Phone,Retail,52.0,15.2,3.0,331.34,2.0,1.0,30.0,,,,Resolved after investigation,73.89
CMP-002496,2026-03-24,Mortgage,Email,Retail,33.0,2.4,3.0,947.26,1.0,3.0,41.0,265.0,-0.31,An insurance premium of 947 euros was added to my mortgage instalment without my consent. This is my third attempt to get an answer from you. This has caused me a lot of stress and wasted time.,Resolved at first contact,0.0
CMP-002497,2026-03-24,Current account,Email,Affluent,67.0,21.4,7.0,582.44,2.0,4.0,39.0,232.0,-0.78,An unauthorised direct debit of 582 euros was taken from my current account on the 18th. I have already called 4 times and nobody has called me back. This is not the first time I have had to complain about this. I demand an immediate refund and a written apology.,Escalated to ombudsman,539.66
CMP-002498,2026-03-25,Insurance,Email,Retail,45.0,8.4,4.0,116.28,2.0,4.0,40.0,174.0,-0.59,"The insurance policy was renewed and 116 euros charged although I had cancelled it in writing. After 4 contacts with the branch and the call centre, nothing has changed. This is not the first time I have had to complain about this. I demand an immediate refund and a written apology.",Resolved at first contact,0.0
CMP-002499,2026-03-25,Current account,Phone,SME,,5.1,3.0,339.41,0.0,2.0,16.0,,,,Resolved at first contact,0.0
CMP-002500,2026-03-25,Investments,Branch,SME,53.0,7.0,3.0,,3.0,7.0,53.0,285.0,-0.78,"The costs of the investment product were never explained to me and I have paid 20,846 euros in charges. After 7 contacts with the branch and the call centre, nothing has changed. This is not the first time I have had to complain about this. The problem dates back more than a month and is still open. If this is not resolved within a week I will take it to the ombudsman.",Escalated to ombudsman,12322.01
CMP-002501,2026-03-25,Current account,Email,Affluent,48.0,8.7,5.0,158.11,0.0,1.0,22.0,102.0,0.12,"My current account was blocked for three days without any notice, and a transfer of 158 euros bounced. I would like this to be checked and corrected.",Resolved at first contact,0.0
CMP-002502,2026-03-25,Mortgage,Web form,Private,45.0,6.0,6.0,2965.04,1.0,5.0,54.0,262.0,-0.63,"The interest rate applied to my mortgage does not match the offer I signed, and I have overpaid 2,965 euros. I have already called 5 times and nobody has called me back. The problem dates back more than a month and is still open. I have never been treated so badly by a bank.",Escalated to ombudsman,2600.32
CMP-002503,2026-03-26,Investments,Web form,SME,53.0,5.6,3.0,981.01,0.0,2.0,24.0,129.0,-0.13,The costs of the investment product were never explained to me and I have paid 981 euros in charges. I would like this to be checked and corrected.,Resolved at first contact,0.0
CMP-002504,2026-03-26,Credit card,Email,Affluent,59.0,10.4,5.0,197.02,2.0,3.0,30.0,209.0,-0.47,"The cash-advance fee of 197 euros on my card is not the one stated in the terms. After 3 contacts with the branch and the call centre, nothing has changed. This is not the first time I have had to complain about this. This has caused me a lot of stress and wasted time.",Resolved after investigation,70.76
CMP-002505,2026-03-26,Credit card,Email,Retail,,0.2,1.0,51.28,0.0,2.0,0.0,84.0,0.6,"My card was blocked while I was abroad and I had to pay 51 euros in cash with no explanation. I have always been happy with the bank, so I am sure this can be sorted out quickly.",Resolved at first contact,0.0
CMP-002506,2026-03-26,Current account,Web form,Retail,39.0,12.5,5.0,135.75,0.0,2.0,19.0,96.0,0.24,"A transfer of 136 euros I sent on the 13th never reached the beneficiary and nobody can tell me where it is. I have always been happy with the bank, so I am sure this can be sorted out quickly.",Resolved at first contact,0.0
CMP-002507,2026-03-26,Mortgage,Social media,Private,30.0,0.1,3.0,10339.48,1.0,1.0,42.0,202.0,-0.64,"My request to renegotiate the mortgage has been pending for weeks and the delay has cost me 10,339 euros. If this is not resolved within a week I will take it to the ombudsman.",Escalated to ombudsman,4945.89
CMP-002508,2026-03-26,Investments,Web form,Affluent,52.0,5.3,4.0,,1.0,3.0,49.0,205.0,-0.42,"The costs of the investment product were never explained to me and I have paid 3,126 euros in charges. I have already called 3 times and nobody has called me back. The problem dates back more than a month and is still open. This has caused me a lot of stress and wasted time.",Resolved after investigation,818.35
CMP-002509,2026-03-26,Credit card,Email,Retail,55.0,10.5,4.0,453.93,0.0,2.0,31.0,171.0,0.24,My card was charged twice for the same purchase of 454 euros. Thank you in advance for looking into it.,Resolved at first contact,0.0
CMP-002510,2026-03-26,Personal loan,Email,Retail,42.0,12.0,4.0,679.74,1.0,3.0,23.0,229.0,-0.29,"I asked to repay my loan early and the fee applied, 680 euros, is far above what the contract says. This is my third attempt to get an answer from you. I expect a refund and a clear explanation.",Resolved after investigation,110.02
CMP-002511,2026-03-26,Credit card,Mobile app,Retail,31.0,10.5,4.0,109.84,0.0,1.0,22.0,154.0,-0.15,The cash-advance fee of 110 euros on my card is not the one stated in the terms. I would like this to be checked and corrected.,Resolved at first contact,0.0
CMP-002512,2026-03-27,Credit card,Phone,Retail,43.0,10.0,4.0,402.58,1.0,4.0,17.0,160.0,-0.57,"My card was charged twice for the same purchase of 403 euros. After 4 contacts with the branch and the call centre, nothing has changed. I have never been treated so badly by a bank.",Resolved at first contact,0.0
CMP-002513,2026-03-27,Personal loan,Social media,Retail,33.0,0.4,1.0,493.56,2.0,5.0,49.0,238.0,-0.52,My loan application was rejected after 12 days and the 494 euros I paid for the appraisal were not refunded. This is my fifth attempt to get an answer from you. This is not the first time I have had to complain about this. The problem dates back more than a month and is still open. This has caused me a lot of stress and wasted time.,Escalated to ombudsman,502.63
CMP-002514,2026-03-27,Current account,Email,Private,47.0,7.3,5.0,390.9,0.0,1.0,7.0,120.0,-0.39,"My current account was blocked for three days without any notice, and a transfer of 391 euros bounced. I expect a refund and a clear explanation.",Resolved at first contact,15.45
CMP-002515,2026-03-27,Credit card,Branch,Retail,59.0,15.3,6.0,379.5,1.0,3.0,36.0,,,,Resolved after investigation,168.13
CMP-002516,2026-03-27,Insurance,Mobile app,Retail,41.0,3.7,2.0,468.91,2.0,3.0,32.0,182.0,-0.21,The insurance policy was renewed and 469 euros charged although I had cancelled it in writing. This is my third attempt to get an answer from you. This is not the first time I have had to complain about this. I am very disappointed with how this has been handled.,Resolved after investigation,130.34
CMP-002517,2026-03-27,Investments,Mobile app,Retail,52.0,0.1,2.0,1655.63,1.0,2.0,26.0,148.0,-0.16,"The costs of the investment product were never explained to me and I have paid 1,656 euros in charges. Please let me know what happened and how it will be fixed.",Resolved at first contact,0.0
CMP-002518,2026-03-27,Credit card,Branch,Retail,59.0,18.9,7.0,261.71,1.0,5.0,31.0,,,,Resolved at first contact,0.0
CMP-002519,2026-03-29,Current account,Mobile app,Affluent,72.0,16.6,5.0,691.66,1.0,3.0,27.0,140.0,-0.41,"My current account was blocked for three days without any notice, and a transfer of 692 euros bounced. After 3 contacts with the branch and the call centre, nothing has changed. I am very disappointed with how this has been handled.",Resolved at first contact,0.0
CMP-002520,2026-03-30,Investments,Branch,Retail,48.0,12.3,4.0,804.39,0.0,3.0,34.0,,,,Resolved at first contact,0.0
CMP-002521,2026-03-30,Personal loan,Web form,Retail,45.0,10.3,3.0,94.65,1.0,2.0,15.0,111.0,-0.08,The instalment taken for my loan is 95 euros higher than the amount agreed in the contract. Please let me know what happened and how it will be fixed.,Resolved at first contact,0.0
CMP-002522,2026-03-30,Current account,Email,Affluent,36.0,2.1,3.0,301.32,0.0,1.0,14.0,150.0,-0.11,"My current account was blocked for three days without any notice, and a transfer of 301 euros bounced. I assume it is a mistake, but it needs to be resolved.",Resolved after investigation,32.38
CMP-002523,2026-03-30,Credit card,Email,Retail,44.0,8.2,3.0,96.13,0.0,1.0,14.0,131.0,-0.05,"My card was charged twice for the same purchase of 96 euros. I assume it is a mistake, but it needs to be resolved.",Resolved at first contact,0.0
CMP-002524,2026-03-30,Credit card,Mobile app,Retail,51.0,9.5,4.0,107.15,0.0,1.0,16.0,98.0,-0.06,"There is a transaction of 107 euros on my card statement that I never made. I assume it is a mistake, but it needs to be resolved.",Resolved at first contact,0.0
CMP-002525,2026-03-30,Mortgage,Web form,Affluent,48.0,11.5,6.0,682.94,0.0,2.0,31.0,170.0,0.22,An insurance premium of 683 euros was added to my mortgage instalment without my consent. Thank you in advance for looking into it.,Resolved at first contact,36.52
CMP-002526,2026-03-30,Credit card,Email,Retail,44.0,8.1,5.0,153.84,1.0,3.0,14.0,125.0,-0.31,"My card was blocked while I was abroad and I had to pay 154 euros in cash with no explanation. After 3 contacts with the branch and the call centre, nothing has changed. I expect a refund and a clear explanation.",Resolved after investigation,52.36
CMP-002527,2026-03-31,Current account,Web form,Retail,34.0,0.1,2.0,194.12,1.0,3.0,23.0,169.0,-0.06,"An unauthorised direct debit of 194 euros was taken from my current account on the 15th. After 3 contacts with the branch and the call centre, nothing has changed. I assume it is a mistake, but it needs to be resolved.",Resolved at first contact,0.0
CMP-002528,2026-03-31,Credit card,Phone,Retail,40.0,9.0,4.0,1972.55,2.0,3.0,51.0,,,,Resolved after investigation,208.17
CMP-002529,2026-03-31,Personal loan,Email,Affluent,63.0,13.9,6.0,248.74,1.0,2.0,36.0,207.0,-0.54,My loan application was rejected after 12 days and the 249 euros I paid for the appraisal were not refunded. I am very disappointed with how this has been handled.,Resolved at first contact,0.0
CMP-002530,2026-03-31,Current account,Email,Retail,42.0,10.1,5.0,588.86,1.0,4.0,37.0,194.0,-0.39,I was charged 589 euros in fees that were never mentioned when I opened the account. This is my fourth attempt to get an answer from you. I expect a refund and a clear explanation.,Resolved after investigation,0.0
CMP-002531,2026-03-31,Current account,Email,Retail,56.0,9.7,4.0,756.96,1.0,1.0,24.0,189.0,-0.11,"My current account was blocked for three days without any notice, and a transfer of 757 euros bounced. I would like this to be checked and corrected.",Resolved at first contact,0.0
CMP-002532,2026-03-31,Current account,Phone,Affluent,36.0,5.6,4.0,95.11,0.0,0.0,0.0,,,,Resolved at first contact,0.0
CMP-002533,2026-03-31,Current account,Email,Retail,65.0,17.6,7.0,178.96,1.0,2.0,7.0,193.0,-0.41,"My current account was blocked for three days without any notice, and a transfer of 179 euros bounced. This has caused me a lot of stress and wasted time.",Resolved after investigation,33.66
CMP-002534,2026-04-01,Current account,Web form,Retail,46.0,5.1,1.0,158.47,1.0,1.0,6.0,166.0,-0.05,"My current account was blocked for three days without any notice, and a transfer of 158 euros bounced. I would like this to be checked and corrected.",Resolved at first contact,0.0
CMP-002535,2026-04-01,Personal loan,Phone,Affluent,38.0,2.0,4.0,577.58,0.0,2.0,10.0,,,,Resolved at first contact,0.0
CMP-002536,2026-04-01,Credit card,Phone,SME,,2.2,4.0,1436.73,1.0,4.0,37.0,180.0,-0.33,"The cash-advance fee of 1,437 euros on my card is not the one stated in the terms. After 4 contacts with the branch and the call centre, nothing has changed. I am very disappointed with how this has been handled.",Resolved after investigation,438.32
CMP-002537,2026-04-01,Current account,Phone,Affluent,63.0,12.5,4.0,256.66,1.0,2.0,17.0,,,,Resolved at first contact,0.0
CMP-002538,2026-04-01,Current account,Email,Affluent,52.0,10.7,6.0,480.78,0.0,2.0,32.0,141.0,-0.14,I was charged 481 euros in fees that were never mentioned when I opened the account. I would like this to be checked and corrected.,Resolved after investigation,154.62
CMP-002539,2026-04-01,Mortgage,Branch,Retail,45.0,4.4,2.0,,0.0,0.0,34.0,,,,Resolved after investigation,433.21
CMP-002540,2026-04-01,Personal loan,Mobile app,Affluent,42.0,15.8,6.0,2411.69,2.0,4.0,35.0,243.0,-0.53,"My loan application was rejected after 19 days and the 2,412 euros I paid for the appraisal were not refunded. After 4 contacts with the branch and the call centre, nothing has changed. This is not the first time I have had to complain about this. I expect a refund and a clear explanation.",Escalated to ombudsman,1838.68
CMP-002541,2026-04-02,Credit card,Branch,Retail,58.0,11.7,5.0,702.29,3.0,4.0,20.0,,,,Resolved after investigation,90.9
CMP-002542,2026-04-02,Personal loan,Email,SME,51.0,10.8,5.0,1954.91,1.0,2.0,36.0,167.0,-0.5,"I asked to repay my loan early and the fee applied, 1,955 euros, is far above what the contract says. I am very disappointed with how this has been handled.",Resolved at first contact,0.0
CMP-002543,2026-04-02,Credit card,Phone,Retail,54.0,14.8,6.0,1135.3,3.0,2.0,14.0,,,,Resolved after investigation,526.62
CMP-002544,2026-04-02,Personal loan,Social media,Affluent,38.0,5.5,5.0,338.72,0.0,1.0,18.0,106.0,-0.11,"I asked to repay my loan early and the fee applied, 339 euros, is far above what the contract says. I would like this to be checked and corrected.",Resolved at first contact,0.0
CMP-002545,2026-04-02,Credit card,Branch,Retail,44.0,18.0,6.0,945.89,1.0,3.0,27.0,212.0,-0.42,The cash-advance fee of 946 euros on my card is not the one stated in the terms. This is my third attempt to get an answer from you. This has caused me a lot of stress and wasted time.,Resolved after investigation,309.91
CMP-002546,2026-04-02,Credit card,Email,unknown,59.0,13.5,6.0,805.75,0.0,6.0,35.0,217.0,-0.24,My card was charged twice for the same purchase of 806 euros. I have already called 6 times and nobody has called me back. I expect a refund and a clear explanation.,Resolved after investigation,139.73
CMP-002547,2026-04-02,Mortgage,Phone,Retail,63.0,22.2,7.0,3020.73,2.0,2.0,30.0,210.0,-0.53,"My request to renegotiate the mortgage has been pending for weeks and the delay has cost me 3,021 euros. This is not the first time I have had to complain about this. This has caused me a lot of stress and wasted time.",Resolved after investigation,973.36
CMP-002548,2026-04-03,Insurance,Web form,Retail,46.0,9.5,4.0,2408.91,2.0,6.0,29.0,262.0,-0.55,"My claim of 2,409 euros on the policy linked to my account was rejected without any explanation. After 6 contacts with the branch and the call centre, nothing has changed. This is not the first time I have had to complain about this. I am very disappointed with how this has been handled.",Escalated to ombudsman,974.14
CMP-002549,2026-04-03,Credit card,Phone,Retail,35.0,1.6,1.0,559.23,2.0,5.0,48.0,,,,Resolved after investigation,276.51
CMP-002550,2026-04-03,Current account,Phone,Retail,69.0,9.6,4.0,213.62,2.0,4.0,42.0,173.0,-0.48,"An unauthorised direct debit of 214 euros was taken from my current account on the 15th. After 4 contacts with the branch and the call centre, nothing has changed. This is not the first time I have had to complain about this. I expect a refund and a clear explanation.",Resolved after investigation,67.83
CMP-002551,2026-04-03,Personal loan,Mobile app,Retail,45.0,1.0,3.0,159.62,1.0,3.0,6.0,143.0,-0.24,"I asked to repay my loan early and the fee applied, 160 euros, is far above what the contract says. After 3 contacts with the branch and the call centre, nothing has changed. I am very disappointed with how this has been handled.",Resolved at first contact,0.0
CMP-002552,2026-04-03,Credit card,Email,SME,,16.5,6.0,234.58,0.0,3.0,11.0,153.0,-0.09,My card was charged twice for the same purchase of 235 euros. I have already called 3 times and nobody has called me back. I would like this to be checked and corrected.,Resolved at first contact,0.0
CMP-002553,2026-04-04,Mortgage,Branch,Retail,67.0,18.7,7.0,756.97,1.0,1.0,38.0,,,,Resolved at first contact,0.0
CMP-002554,2026-04-04,Insurance,Phone,Affluent,51.0,5.1,4.0,569.07,1.0,4.0,41.0,,,,Resolved after investigation,230.69
CMP-002555,2026-04-06,Current account,Branch,Retail,51.0,12.9,4.0,1318.18,1.0,2.0,30.0,,,,Resolved at first contact,11.32
CMP-002556,2026-04-06,Mortgage,Branch,Retail,37.0,6.2,3.0,4736.64,0.0,2.0,39.0,206.0,-0.31,"An insurance premium of 4,737 euros was added to my mortgage instalment without my consent. This has caused me a lot of stress and wasted time.",Resolved at first contact,0.0
CMP-002557,2026-04-06,Current account,Social media,Affluent,76.0,15.1,6.0,369.66,0.0,3.0,16.0,88.0,0.06,"An unauthorised direct debit of 370 euros was taken from my current account on the 13th. I have already called 3 times and nobody has called me back. I assume it is a mistake, but it needs to be resolved.",Resolved at first contact,0.0
CMP-002558,2026-04-06,Insurance,Email,Retail,84.0,13.8,5.0,,1.0,1.0,12.0,148.0,-0.1,My claim of 443 euros on the policy linked to my account was rejected without any explanation. Please let me know what happened and how it will be fixed.,Resolved at first contact,0.0
CMP-002559,2026-04-06,Personal loan,Email,Retail,37.0,7.7,4.0,621.49,0.0,0.0,0.0,120.0,0.01,"My loan application was rejected after 19 days and the 621 euros I paid for the appraisal were not refunded. I assume it is a mistake, but it needs to be resolved.",Resolved at first contact,0.0
CMP-002560,2026-04-06,Credit card,Phone,Retail,63.0,19.2,7.0,157.61,2.0,0.0,2.0,,,,Resolved at first contact,0.0
CMP-002561,2026-04-06,Credit card,Social media,Retail,52.0,8.6,3.0,385.79,0.0,2.0,22.0,247.0,-0.46,There is a transaction of 386 euros on my card statement that I never made. I expect a refund and a clear explanation.,Resolved after investigation,114.67
CMP-002562,2026-04-06,Personal loan,Phone ,Retail,48.0,11.1,5.0,399.79,1.0,3.0,31.0,,,,Resolved at first contact,0.0
CMP-002563,2026-04-06,Credit card,Phone,Affluent,58.0,18.3,8.0,194.07,0.0,2.0,16.0,,,,Resolved after investigation,44.77
CMP-002564,2026-04-06,Insurance,Phone,Retail,62.0,18.4,7.0,,2.0,3.0,33.0,,,,Resolved after investigation,831.55
CMP-002565,2026-04-06,Personal loan,Phone,SME,56.0,13.1,4.0,,1.0,2.0,28.0,212.0,-0.42,"My loan application was rejected after 13 days and the 1,133 euros I paid for the appraisal were not refunded. I am very disappointed with how this has been handled.",Resolved after investigation,295.27
CMP-002566,2026-04-06,Credit card,Web form,Retail,50.0,19.1,6.0,1598.96,2.0,5.0,43.0,246.0,-0.84,"My card was charged twice for the same purchase of 1,599 euros. I have already called 5 times and nobody has called me back. This is not the first time I have had to complain about this. I have never been treated so badly by a bank.",Resolved after investigation,614.52
CMP-002567,2026-04-06,Investments,Phone,Retail,63.0,12.7,6.0,4436.57,2.0,4.0,54.0,171.0,-0.62,"I asked to sell my fund units on the 12th; the order was executed days later at a loss of 4,437 euros. I have already called 4 times and nobody has called me back. This is not the first time I have had to complain about this. The problem dates back more than a month and is still open. This is unacceptable and I am furious.",Escalated to ombudsman,4884.15
CMP-002568,2026-04-07,Insurance,Phone,Retail,,16.8,5.0,494.8,0.0,4.0,20.0,,,,Resolved at first contact,0.0
CMP-002569,2026-04-07,Mortgage,Phone,Affluent,53.0,10.1,5.0,2659.47,2.0,4.0,34.0,,,,Resolved after investigation,1175.37
CMP-002570,2026-04-07,Mortgage,Web form,Affluent,39.0,7.5,4.0,,3.0,5.0,50.0,277.0,-1.0,"The interest rate applied to my mortgage does not match the offer I signed, and I have overpaid 10,897 euros. I have already called 5 times and nobody has called me back. This is not the first time I have had to complain about this. The problem dates back more than a month and is still open. This is unacceptable and I am furious.",Escalated to ombudsman,7160.64
CMP-002571,2026-04-07,Current account,Email,Retail,41.0,6.7,1.0,721.3,2.0,5.0,39.0,177.0,-0.9,"My current account was blocked for three days without any notice, and a transfer of 721 euros bounced. I have already called 5 times and nobody has called me back. This is not the first time I have had to complain about this. I demand an immediate refund and a written apology.",Resolved after investigation,120.2
CMP-002572,2026-04-07,Investments,Mobile app,Affluent,46.0,7.8,4.0,1708.37,0.0,2.0,31.0,176.0,-0.36,"My advisor moved my savings into a fund I never approved and the position is now 1,708 euros below what I invested. This has caused me a lot of stress and wasted time.",Resolved after investigation,0.0
CMP-002573,2026-04-07,Insurance,Email,SME,37.0,7.2,3.0,1359.89,2.0,4.0,18.0,200.0,-0.38,"My claim of 1,360 euros on the policy linked to my account was rejected without any explanation. This is my fourth attempt to get an answer from you. This is not the first time I have had to complain about this. I expect a refund and a clear explanation.",Resolved at first contact,0.0
CMP-002574,2026-04-07,Investments,Phone,Retail,39.0,5.1,4.0,247.11,0.0,1.0,21.0,76.0,-0.06,My advisor moved my savings into a fund I never approved and the position is now 247 euros below what I invested. I would like this to be checked and corrected.,Resolved at first contact,0.0
CMP-002575,2026-04-07,Credit card,Branch,Affluent,53.0,15.3,7.0,450.49,1.0,3.0,17.0,,,,Resolved at first contact,0.0
CMP-002576,2026-04-08,Personal loan,Email,Retail,49.0,14.3,5.0,155.28,0.0,2.0,20.0,154.0,0.25,My loan application was rejected after 19 days and the 155 euros I paid for the appraisal were not refunded. Your staff have been helpful so far; I just need this last point solved.,Resolved at first contact,0.0
CMP-002577,2026-04-08,Current account,Web form,Retail,18.0,0.0,1.0,397.52,1.0,2.0,17.0,130.0,0.08,A transfer of 398 euros I sent on the 4th never reached the beneficiary and nobody can tell me where it is. Please let me know what happened and how it will be fixed.,Resolved at first contact,0.0
CMP-002578,2026-04-08,Current account,Email,Retail,50.0,6.0,2.0,333.06,2.0,5.0,50.0,217.0,-0.52,A transfer of 333 euros I sent on the 6th never reached the beneficiary and nobody can tell me where it is. I have already called 5 times and nobody has called me back. This is not the first time I have had to complain about this. The problem dates back more than a month and is still open. I am very disappointed with how this has been handled.,Escalated to ombudsman,465.01
CMP-002579,2026-04-08,Personal loan,Phone,Affluent,76.0,11.9,5.0,192.46,0.0,2.0,18.0,,,,Resolved after investigation,61.53
CMP-002580,2026-04-09,Current account,Phone,Retail,62.0,7.0,3.0,575.08,1.0,3.0,28.0,,,,Resolved after investigation,0.0
CMP-002581,2026-04-09,Investments,Email,Retail,67.0,6.2,3.0,4394.06,1.0,3.0,44.0,203.0,-0.5,"The costs of the investment product were never explained to me and I have paid 4,394 euros in charges. I have already called 3 times and nobody has called me back. I expect a refund and a clear explanation.",Resolved after investigation,1950.64
CMP-002582,2026-04-09,Current account,Branch,Affluent,63.0,14.2,5.0,394.94,0.0,0.0,16.0,,,,Resolved at first contact,0.0
CMP-002583,2026-04-09,Credit card,Phone,Retail,29.0,10.2,4.0,271.77,0.0,2.0,21.0,,,,Resolved at first contact,0.0
CMP-002584,2026-04-09,Credit card,Branch,Affluent,63.0,0.1,3.0,409.55,1.0,4.0,32.0,176.0,0.0,There is a transaction of 410 euros on my card statement that I never made. This is my fourth attempt to get an answer from you. Please let me know what happened and how it will be fixed.,Resolved after investigation,162.61
CMP-002585,2026-04-09,Current account,Email,Private,35.0,0.1,2.0,914.65,1.0,4.0,35.0,177.0,-0.56,"My current account was blocked for three days without any notice, and a transfer of 915 euros bounced. After 4 contacts with the branch and the call centre, nothing has changed. This is unacceptable and I am furious.",Resolved after investigation,397.97
CMP-002586,2026-04-09,Investments,Web form,Retail,,9.5,4.0,1222.86,2.0,4.0,42.0,184.0,-0.72,"The costs of the investment product were never explained to me and I have paid 1,223 euros in charges. This is my fourth attempt to get an answer from you. This is not the first time I have had to complain about this. I have never been treated so badly by a bank.",Escalated to ombudsman,1544.2
CMP-002587,2026-04-09,Current account,Email,Retail,30.0,0.1,1.0,146.52,0.0,2.0,21.0,142.0,-0.25,I was charged 147 euros in fees that were never mentioned when I opened the account. This has caused me a lot of stress and wasted time.,Resolved at first contact,0.0
CMP-002588,2026-04-10,Current account,Email,Affluent,60.0,13.4,6.0,1098.6,0.0,2.0,23.0,188.0,-0.43,"A transfer of 1,099 euros I sent on the 15th never reached the beneficiary and nobody can tell me where it is. I expect a refund and a clear explanation.",Resolved after investigation,250.6
CMP-002589,2026-04-10,Mortgage,Phone,Retail,66.0,12.4,6.0,85.54,0.0,2.0,26.0,105.0,0.4,"An insurance premium of 86 euros was added to my mortgage instalment without my consent. I have always been happy with the bank, so I am sure this can be sorted out quickly.",Resolved at first contact,0.0
CMP-002590,2026-04-10,Investments,Phone,Retail,62.0,16.8,6.0,726.27,0.0,2.0,31.0,142.0,0.0,I asked to sell my fund units on the 5th; the order was executed days later at a loss of 726 euros. I would like this to be checked and corrected.,Resolved after investigation,210.64
CMP-002591,2026-04-11,Current account,Web form,Retail,33.0,0.1,1.0,473.94,1.0,4.0,25.0,274.0,-0.28,"A transfer of 474 euros I sent on the 27th never reached the beneficiary and nobody can tell me where it is. After 4 contacts with the branch and the call centre, nothing has changed. I expect a refund and a clear explanation.",Resolved after investigation,226.82
CMP-002592,2026-04-11,Current account,Phone,Retail,45.0,13.5,5.0,115.05,0.0,0.0,0.0,69.0,-0.28,I was charged 115 euros in fees that were never mentioned when I opened the account. I am very disappointed with how this has been handled.,Resolved at first contact,0.0
CMP-002593,2026-04-13,Credit card,Web form,Retail,39.0,5.4,2.0,,1.0,5.0,33.0,179.0,-0.45,"The cash-advance fee of 2,455 euros on my card is not the one stated in the terms. After 5 contacts with the branch and the call centre, nothing has changed. I am very disappointed with how this has been handled.",Resolved after investigation,977.2
CMP-002594,2026-04-13,Current account,Phone,Retail,33.0,2.6,1.0,455.78,0.0,2.0,12.0,,,,Resolved at first contact,0.0
CMP-002595,2026-04-13,Mortgage,Social media,Retail,41.0,8.0,2.0,344.46,0.0,2.0,25.0,135.0,-0.12,My request to renegotiate the mortgage has been pending for weeks and the delay has cost me 344 euros. I would like this to be checked and corrected.,Resolved after investigation,0.0
CMP-002596,2026-04-13,Mortgage,Phone,Retail,39.0,6.0,3.0,504.03,1.0,3.0,45.0,,,,Resolved at first contact,0.0
CMP-002597,2026-04-13,Investments,Email,Retail,46.0,0.1,3.0,451.05,1.0,2.0,42.0,146.0,-0.06,"I asked to sell my fund units on the 5th; the order was executed days later at a loss of 451 euros. I assume it is a mistake, but it needs to be resolved.",Resolved after investigation,75.94
CMP-002598,2026-04-13,Current account,Branch,Private,50.0,7.6,6.0,32.06,0.0,1.0,7.0,113.0,0.12,"My current account was blocked for three days without any notice, and a transfer of 32 euros bounced. Please let me know what happened and how it will be fixed.",Resolved at first contact,0.0
CMP-002599,2026-04-13,Credit card,Web form,SME,49.0,6.1,3.0,552.97,0.0,1.0,13.0,131.0,-0.16,"There is a transaction of 553 euros on my card statement that I never made. I assume it is a mistake, but it needs to be resolved.",Resolved at first contact,0.0
CMP-002600,2026-04-13,Investments,Mobile app,Affluent,53.0,16.9,6.0,,2.0,3.0,49.0,165.0,-0.54,"The costs of the investment product were never explained to me and I have paid 2,317 euros in charges. After 3 contacts with the branch and the call centre, nothing has changed. This is not the first time I have had to complain about this. The problem dates back more than a month and is still open. I expect a refund and a clear explanation.",Resolved after investigation,1034.53
CMP-002601,2026-04-13,Mortgage,Email,SME,48.0,8.1,3.0,,3.0,3.0,61.0,221.0,-0.36,"An insurance premium of 10,807 euros was added to my mortgage instalment without my consent. After 3 contacts with the branch and the call centre, nothing has changed. This is not the first time I have had to complain about this. The problem dates back more than a month and is still open. I am very disappointed with how this has been handled.",Escalated to ombudsman,9322.73
CMP-002602,2026-04-13,Investments,Social media,Retail,18.0,0.0,1.0,4591.13,2.0,4.0,42.0,172.0,-0.59,"My advisor moved my savings into a fund I never approved and the position is now 4,591 euros below what I invested. After 4 contacts with the branch and the call centre, nothing has changed. This is not the first time I have had to complain about this. I have never been treated so badly by a bank.",Resolved after investigation,2267.88
CMP-002603,2026-04-14,Mortgage,Branch,Private,71.0,23.0,8.0,,1.0,3.0,20.0,175.0,-0.3,"The interest rate applied to my mortgage does not match the offer I signed, and I have overpaid 4,237 euros. I have already called 3 times and nobody has called me back. I expect a refund and a clear explanation.",Resolved at first contact,0.0
CMP-002604,2026-04-14,Credit card,Phone,Private,58.0,7.9,6.0,,0.0,3.0,34.0,,,,Resolved after investigation,562.31
CMP-002605,2026-04-14,Credit card,Email,Affluent,32.0,0.1,3.0,427.39,2.0,3.0,40.0,258.0,-0.59,"My card was charged twice for the same purchase of 427 euros. After 3 contacts with the branch and the call centre, nothing has changed. This is not the first time I have had to complain about this. This is unacceptable and I am furious.",Escalated to ombudsman,407.81
CMP-002606,2026-04-14,Credit card,Phone,SME,53.0,14.3,5.0,2491.99,3.0,4.0,30.0,,,,Escalated to ombudsman,1945.56
CMP-002607,2026-04-15,Credit card,Phone,Retail,56.0,8.7,4.0,757.21,2.0,3.0,48.0,,,,Resolved at first contact,0.0
CMP-002608,2026-04-15,Personal loan,Branch,Retail,34.0,7.4,1.0,1449.15,1.0,5.0,31.0,,,,Resolved at first contact,0.0
CMP-002609,2026-04-15,Mortgage,Branch,Retail,36.0,0.1,1.0,1080.06,0.0,3.0,33.0,,,,Resolved at first contact,0.0
CMP-002610,2026-04-15,Investments,Mobile app,Private,37.0,1.9,4.0,508.53,1.0,0.0,14.0,130.0,0.44,I asked to sell my fund units on the 9th; the order was executed days later at a loss of 509 euros. Thank you in advance for looking into it.,Resolved at first contact,0.0
CMP-002611,2026-04-15,Current account,Email,SME,43.0,3.3,2.0,227.57,0.0,1.0,7.0,153.0,-0.52,An unauthorised direct debit of 228 euros was taken from my current account on the 6th. This has caused me a lot of stress and wasted time.,Resolved at first contact,0.0
CMP-002612,2026-04-15,Mortgage,Email,Retail,41.0,13.8,5.0,761.32,1.0,3.0,39.0,158.0,-0.19,"The interest rate applied to my mortgage does not match the offer I signed, and I have overpaid 761 euros. After 3 contacts with the branch and the call centre, nothing has changed. I would like this to be checked and corrected.",Resolved after investigation,157.28
CMP-002613,2026-04-16,Credit card,Branch,Retail,55.0,15.7,6.0,78.53,0.0,1.0,12.0,,,,Resolved at first contact,0.0
CMP-002614,2026-04-16,Credit card,Phone,Retail,58.0,16.0,7.0,320.79,1.0,5.0,37.0,193.0,-0.63,My card was blocked while I was abroad and I had to pay 321 euros in cash with no explanation. I have already called 5 times and nobody has called me back. I have never been treated so badly by a bank.,Resolved after investigation,39.56
CMP-002615,2026-04-16,Current account,Phone,Affluent,86.0,19.1,8.0,325.74,0.0,1.0,8.0,172.0,-0.13,"A transfer of 326 euros I sent on the 8th never reached the beneficiary and nobody can tell me where it is. I assume it is a mistake, but it needs to be resolved.",Resolved at first contact,0.0
CMP-002616,2026-04-17,Personal loan,Mobile app,Affluent,32.0,5.3,3.0,523.54,1.0,2.0,35.0,169.0,-0.24,My loan application was rejected after 16 days and the 524 euros I paid for the appraisal were not refunded. I am very disappointed with how this has been handled.,Resolved after investigation,100.02
CMP-002617,2026-04-17,Current account,Email,Affluent,52.0,5.9,4.0,116.22,0.0,3.0,16.0,148.0,-0.25,"My current account was blocked for three days without any notice, and a transfer of 116 euros bounced. This is my third attempt to get an answer from you. I expect a refund and a clear explanation.",Resolved after investigation,11.91
CMP-002618,2026-04-17,Current account,Mobile app,Retail,59.0,5.8,2.0,1507.85,1.0,3.0,27.0,234.0,-0.19,"My current account was blocked for three days without any notice, and a transfer of 1,508 euros bounced. This is my third attempt to get an answer from you. I would like this to be checked and corrected.",Resolved at first contact,0.0
CMP-002619,2026-04-17,Insurance,Email,SME,39.0,0.2,1.0,362.91,1.0,3.0,20.0,81.0,-0.21,My claim of 363 euros on the policy linked to my account was rejected without any explanation. I have already called 3 times and nobody has called me back. I expect a refund and a clear explanation.,Resolved at first contact,0.0
CMP-002620,2026-04-17,Current account,Phone,SME,48.0,5.9,3.0,129.92,0.0,0.0,6.0,78.0,0.5,"A transfer of 130 euros I sent on the 15th never reached the beneficiary and nobody can tell me where it is. I have always been happy with the bank, so I am sure this can be sorted out quickly.",Resolved at first contact,0.0
CMP-002621,2026-04-17,Credit card,Phone,Retail,46.0,6.4,3.0,525.68,1.0,3.0,23.0,,,,Resolved after investigation,188.42
CMP-002622,2026-04-17,Credit card,Phone,Retail,51.0,6.4,4.0,207.8,0.0,2.0,34.0,183.0,0.21,There is a transaction of 208 euros on my card statement that I never made. Thank you in advance for looking into it.,Resolved at first contact,0.0
CMP-002623,2026-04-18,Current account,Phone,Retail,52.0,15.5,5.0,544.23,3.0,4.0,17.0,175.0,-0.81,A transfer of 544 euros I sent on the 13th never reached the beneficiary and nobody can tell me where it is. This is my fourth attempt to get an answer from you. This is not the first time I have had to complain about this. If this is not resolved within a week I will take it to the ombudsman.,Resolved after investigation,112.55
CMP-002624,2026-04-18,Current account,Branch,Retail,64.0,8.7,3.0,2295.23,2.0,5.0,33.0,234.0,-0.7,"I was charged 2,295 euros in fees that were never mentioned when I opened the account. I have already called 5 times and nobody has called me back. This is not the first time I have had to complain about this. I have never been treated so badly by a bank.",Escalated to ombudsman,1143.82
CMP-002625,2026-04-20,Credit card,Phone,Retail,41.0,12.4,4.0,653.58,1.0,3.0,25.0,,,,Resolved at first contact,0.0
CMP-002626,2026-04-20,Mortgage,Email,Retail,43.0,2.9,2.0,220.4,0.0,0.0,31.0,70.0,0.06,"My request to renegotiate the mortgage has been pending for weeks and the delay has cost me 220 euros. I assume it is a mistake, but it needs to be resolved.",Resolved at first contact,0.0
CMP-002627,2026-04-20,Mortgage,Phone ,Retail,44.0,7.4,3.0,341.68,1.0,1.0,50.0,183.0,-0.3,"The interest rate applied to my mortgage does not match the offer I signed, and I have overpaid 342 euros. The problem dates back more than a month and is still open. I expect a refund and a clear explanation.",Resolved at first contact,0.0
CMP-002628,2026-04-20,Personal loan,Phone,Affluent,58.0,12.3,6.0,1104.69,0.0,2.0,29.0,257.0,-0.45,"I asked to repay my loan early and the fee applied, 1,105 euros, is far above what the contract says. I expect a refund and a clear explanation.",Resolved at first contact,0.0
CMP-002629,2026-04-20,Investments,Phone,Retail,65.0,7.2,4.0,2184.02,1.0,2.0,38.0,206.0,-0.34,"My advisor moved my savings into a fund I never approved and the position is now 2,184 euros below what I invested. This has caused me a lot of stress and wasted time.",Resolved after investigation,407.92
CMP-002630,2026-04-20,Credit card,Email,SME,40.0,7.9,3.0,371.09,0.0,2.0,21.0,148.0,-0.06,My card was charged twice for the same purchase of 371 euros. I would like this to be checked and corrected.,Resolved at first contact,0.0
CMP-002631,2026-04-20,Credit card,Phone,Retail,50.0,14.1,6.0,97.42,2.0,2.0,20.0,,,,Resolved at first contact,0.0
CMP-002632,2026-04-20,Credit card,Phone,Affluent,55.0,5.2,3.0,139.54,2.0,5.0,28.0,,,,Resolved at first contact,0.0
CMP-002633,2026-04-20,Current account,Email,Retail,37.0,10.7,4.0,196.85,2.0,3.0,28.0,152.0,-0.31,An unauthorised direct debit of 197 euros was taken from my current account on the 7th. This is my third attempt to get an answer from you. This is not the first time I have had to complain about this. I expect a refund and a clear explanation.,Resolved at first contact,0.0
CMP-002634,2026-04-20,Insurance,Web form,Affluent,49.0,9.1,5.0,108.7,0.0,1.0,8.0,92.0,0.0,My claim of 109 euros on the policy linked to my account was rejected without any explanation. I would like this to be checked and corrected.,Resolved at first contact,0.0
CMP-002635,2026-04-20,Credit card,Web form,Affluent,48.0,8.6,4.0,,2.0,1.0,38.0,201.0,-0.38,There is a transaction of 796 euros on my card statement that I never made. This is not the first time I have had to complain about this. This has caused me a lot of stress and wasted time.,Escalated to ombudsman,606.83
CMP-002636,2026-04-20,Credit card,Phone,Retail,65.0,0.3,1.0,388.12,1.0,2.0,0.0,106.0,-0.18,There is a transaction of 388 euros on my card statement that I never made. Please let me know what happened and how it will be fixed.,Resolved at first contact,0.0
CMP-002637,2026-04-21,Insurance,Phone,Retail,39.0,0.8,1.0,235.11,0.0,0.0,9.0,,,,Resolved at first contact,0.0
CMP-002638,2026-04-21,Investments,Phone,Retail,53.0,22.2,7.0,,2.0,6.0,56.0,,,,Escalated to ombudsman,11592.56
CMP-002639,2026-04-21,Current account,Phone,Retail,44.0,5.2,2.0,172.15,1.0,2.0,28.0,,,,Resolved at first contact,0.0
CMP-002640,2026-04-21,Personal loan,Phone,Retail,41.0,0.1,2.0,111.2,1.0,0.0,12.0,,,,Resolved at first contact,0.0
CMP-002641,2026-04-21,Current account,Social media,Retail,48.0,9.5,5.0,267.76,1.0,0.0,19.0,110.0,-0.25,A transfer of 268 euros I sent on the 8th never reached the beneficiary and nobody can tell me where it is. This has caused me a lot of stress and wasted time.,Resolved after investigation,35.92
CMP-002642,2026-04-22,Credit card,Phone,Retail,45.0,8.5,4.0,315.15,2.0,2.0,40.0,255.0,-0.31,The cash-advance fee of 315 euros on my card is not the one stated in the terms. This is not the first time I have had to complain about this. I expect a refund and a clear explanation.,Escalated to ombudsman,376.41
CMP-002643,2026-04-22,Credit card,Web form,Retail,30.0,0.1,1.0,865.03,2.0,3.0,19.0,198.0,-0.33,The cash-advance fee of 865 euros on my card is not the one stated in the terms. This is my third attempt to get an answer from you. This is not the first time I have had to complain about this. I expect a refund and a clear explanation.,Resolved after investigation,418.33
CMP-002644,2026-04-22,Investments,Email,Retail,56.0,20.9,8.0,,2.0,3.0,50.0,178.0,-0.2,"My advisor moved my savings into a fund I never approved and the position is now 4,705 euros below what I invested. This is my third attempt to get an answer from you. This is not the first time I have had to complain about this. The problem dates back more than a month and is still open. Please let me know what happened and how it will be fixed.",Resolved after investigation,616.0
CMP-002645,2026-04-22,Current account,Email,Retail,31.0,25.0,5.0,153.55,1.0,1.0,27.0,,,,Resolved after investigation,0.0
CMP-002646,2026-04-22,Current account,Email,Retail,47.0,12.2,5.0,72.81,1.0,1.0,25.0,210.0,-0.45,"My current account was blocked for three days without any notice, and a transfer of 73 euros bounced. I expect a refund and a clear explanation.",Resolved after investigation,35.38
CMP-002647,2026-04-22,Current account,Mobile app,Retail,59.0,17.2,8.0,310.78,1.0,3.0,19.0,167.0,-0.46,"I was charged 311 euros in fees that were never mentioned when I opened the account. After 3 contacts with the branch and the call centre, nothing has changed. This has caused me a lot of stress and wasted time.",Resolved after investigation,31.49
CMP-002648,2026-04-23,Investments,Mobile app,Retail,81.0,17.1,6.0,6392.76,3.0,6.0,57.0,,,,Escalated to ombudsman,7383.37
CMP-002649,2026-04-23,Personal loan,Email,Affluent,53.0,15.0,6.0,450.45,2.0,4.0,22.0,200.0,-0.2,"I asked to repay my loan early and the fee applied, 450 euros, is far above what the contract says. I have already called 4 times and nobody has called me back. This is not the first time I have had to complain about this. I would like this to be checked and corrected.",Resolved after investigation,182.17
CMP-002650,2026-04-23,Credit card,Branch,Retail,37.0,4.9,3.0,538.09,1.0,4.0,34.0,,,,Escalated to ombudsman,552.63
CMP-002651,2026-04-24,Current account,Phone,SME,42.0,4.3,3.0,343.86,1.0,2.0,13.0,201.0,0.09,"An unauthorised direct debit of 344 euros was taken from my current account on the 12th. I assume it is a mistake, but it needs to be resolved.",Resolved at first contact,0.0
CMP-002652,2026-04-24,Investments,Social media,Retail,47.0,9.0,4.0,417.26,1.0,2.0,30.0,195.0,-0.29,My advisor moved my savings into a fund I never approved and the position is now 417 euros below what I invested. I expect a refund and a clear explanation.,Resolved after investigation,99.82
CMP-002653,2026-04-24,Credit card,Mobile app,Retail,40.0,3.5,2.0,107.72,1.0,0.0,4.0,63.0,-0.13,My card was charged twice for the same purchase of 108 euros. I would like this to be checked and corrected.,Resolved at first contact,0.0
CMP-002654,2026-04-24,Insurance,Social media,Retail,18.0,0.0,2.0,2882.94,3.0,5.0,37.0,227.0,-1.0,"My claim of 2,883 euros on the policy linked to my account was rejected without any explanation. I have already called 5 times and nobody has called me back. This is not the first time I have had to complain about this. I demand an immediate refund and a written apology.",Escalated to ombudsman,3515.45
CMP-002655,2026-04-24,Credit card,Email,Retail,49.0,7.8,3.0,,0.0,0.0,33.0,166.0,0.23,There is a transaction of 178 euros on my card statement that I never made. Your staff have been helpful so far; I just need this last point solved.,Resolved after investigation,57.53
CMP-002656,2026-04-24,Current account,Mobile app,Retail,37.0,0.1,1.0,424.26,2.0,4.0,37.0,254.0,0.08,"My current account was blocked for three days without any notice, and a transfer of 424 euros bounced. After 4 contacts with the branch and the call centre, nothing has changed. This is not the first time I have had to complain about this. I assume it is a mistake, but it needs to be resolved.",Resolved after investigation,153.1
CMP-002657,2026-04-24,Credit card,Branch,Retail,62.0,24.4,8.0,325.73,1.0,2.0,20.0,,,,Resolved after investigation,84.92
CMP-002658,2026-04-24,Investments,Phone,Retail,35.0,12.0,5.0,2925.92,1.0,2.0,43.0,,,,Resolved at first contact,0.0
CMP-002659,2026-04-24,Investments,Branch,Affluent,55.0,7.4,5.0,1068.68,1.0,3.0,38.0,,,,Resolved at first contact,0.0
CMP-002660,2026-04-24,Credit card,Phone,Retail,40.0,9.4,4.0,303.32,1.0,3.0,32.0,131.0,-0.34,There is a transaction of 303 euros on my card statement that I never made. This is my third attempt to get an answer from you. This has caused me a lot of stress and wasted time.,Resolved at first contact,0.0
CMP-002661,2026-04-24,Current account,Phone,Affluent,53.0,12.2,6.0,475.69,0.0,2.0,14.0,,,,Resolved after investigation,56.53
CMP-002662,2026-04-26,Mortgage,Phone,Retail,38.0,10.6,4.0,2897.24,1.0,4.0,49.0,,,,Resolved after investigation,1225.3
CMP-002663,2026-04-26,Insurance,Phone,Retail,57.0,7.4,4.0,142.81,1.0,1.0,10.0,130.0,-0.1,The insurance policy was renewed and 143 euros charged although I had cancelled it in writing. I would like this to be checked and corrected.,Resolved at first contact,0.0
CMP-002664,2026-04-26,Current account,Phone,Affluent,51.0,10.6,5.0,243.96,1.0,2.0,51.0,,,,Resolved at first contact,0.0
CMP-002665,2026-04-26,Credit card,Phone,Retail,59.0,21.5,8.0,172.4,0.0,2.0,18.0,,,,Resolved at first contact,0.0
CMP-002666,2026-04-27,Insurance,Mobile app,SME,41.0,0.1,1.0,1194.21,2.0,4.0,35.0,172.0,-0.73,"My claim of 1,194 euros on the policy linked to my account was rejected without any explanation. This is my fourth attempt to get an answer from you. This is not the first time I have had to complain about this. If this is not resolved within a week I will take it to the ombudsman.",Resolved after investigation,0.0
CMP-002667,2026-04-27,Personal loan,Phone,Affluent,56.0,15.9,7.0,622.39,1.0,3.0,46.0,227.0,-0.68,The instalment taken for my loan is 622 euros higher than the amount agreed in the contract. I have already called 3 times and nobody has called me back. The problem dates back more than a month and is still open. I have never been treated so badly by a bank.,Escalated to ombudsman,875.37
CMP-002668,2026-04-27,Mortgage,Web form,Retail,43.0,13.6,4.0,143.49,2.0,2.0,38.0,104.0,-0.23,"The interest rate applied to my mortgage does not match the offer I signed, and I have overpaid 143 euros. This is not the first time I have had to complain about this. This has caused me a lot of stress and wasted time.",Resolved after investigation,59.9
CMP-002669,2026-04-27,Insurance,Social media,Retail,21.0,3.0,3.0,374.18,1.0,2.0,20.0,131.0,-0.26,The insurance policy was renewed and 374 euros charged although I had cancelled it in writing. I expect a refund and a clear explanation.,Resolved at first contact,0.0
CMP-002670,2026-04-27,Credit card,Phone,Retail,40.0,9.2,3.0,461.48,1.0,2.0,13.0,129.0,-0.41,There is a transaction of 461 euros on my card statement that I never made. This has caused me a lot of stress and wasted time.,Resolved at first contact,0.0
CMP-002671,2026-04-27,Current account,Phone,SME,51.0,13.8,6.0,85.4,0.0,1.0,11.0,,,,Resolved at first contact,0.0
CMP-002672,2026-04-27,Personal loan,Phone,Retail,36.0,9.6,4.0,228.37,2.0,2.0,37.0,,,,Resolved after investigation,38.85
CMP-002673,2026-04-27,Investments,Email,Retail,44.0,11.0,4.0,347.38,0.0,3.0,22.0,125.0,-0.44,The costs of the investment product were never explained to me and I have paid 347 euros in charges. I have already called 3 times and nobody has called me back. I am very disappointed with how this has been handled.,Resolved at first contact,0.0
CMP-002674,2026-04-28,Credit card,Phone,Retail,23.0,21.0,5.0,711.28,0.0,2.0,40.0,,,,Resolved at first contact,0.0
CMP-002675,2026-04-28,Personal loan,Branch,SME,36.0,3.5,2.0,,1.0,4.0,38.0,,,,Escalated to ombudsman,2838.19
CMP-002676,2026-04-28,Credit card,Mobile app,Retail,58.0,16.7,7.0,637.96,0.0,3.0,17.0,136.0,-0.13,"My card was blocked while I was abroad and I had to pay 638 euros in cash with no explanation. After 3 contacts with the branch and the call centre, nothing has changed. Please let me know what happened and how it will be fixed.",Resolved at first contact,0.0
CMP-002677,2026-04-28,Credit card,Email,Retail,52.0,4.6,1.0,2186.33,1.0,1.0,29.0,225.0,-0.58,"My card was charged twice for the same purchase of 2,186 euros. If this is not resolved within a week I will take it to the ombudsman.",Resolved at first contact,0.0
CMP-002678,2026-04-28,Current account,Email,Retail,55.0,14.8,5.0,1390.79,2.0,3.0,15.0,265.0,-0.53,"My current account was blocked for three days without any notice, and a transfer of 1,391 euros bounced. I have already called 3 times and nobody has called me back. This is not the first time I have had to complain about this. This has caused me a lot of stress and wasted time.",Resolved after investigation,0.0
CMP-002679,2026-04-29,Mortgage,Web form,Retail,35.0,4.0,2.0,1180.52,1.0,2.0,40.0,189.0,-0.72,"An insurance premium of 1,181 euros was added to my mortgage instalment without my consent. If this is not resolved within a week I will take it to the ombudsman.",Resolved at first contact,0.0
CMP-002680,2026-04-29,Insurance,Email,Retail,32.0,7.1,3.0,4306.93,2.0,5.0,52.0,231.0,-0.6,"My claim of 4,307 euros on the policy linked to my account was rejected without any explanation. After 5 contacts with the branch and the call centre, nothing has changed. This is not the first time I have had to complain about this. The problem dates back more than a month and is still open. I demand an immediate refund and a written apology.",Escalated to ombudsman,4239.13
CMP-002681,2026-04-29,Credit card,Social media,SME,63.0,18.3,6.0,1389.91,1.0,4.0,30.0,252.0,-0.31,"My card was blocked while I was abroad and I had to pay 1,390 euros in cash with no explanation. After 4 contacts with the branch and the call centre, nothing has changed. I am very disappointed with how this has been handled.",Escalated to ombudsman,1629.29
CMP-002682,2026-04-29,Investments,Mobile app,Retail,32.0,2.6,2.0,,0.0,1.0,19.0,69.0,0.25,I asked to sell my fund units on the 16th; the order was executed days later at a loss of 418 euros. Thank you in advance for looking into it.,Resolved at first contact,0.0
CMP-002683,2026-04-30,Mortgage,Email,Retail,21.0,0.1,1.0,125.28,1.0,2.0,34.0,146.0,0.49,"My request to renegotiate the mortgage has been pending for weeks and the delay has cost me 125 euros. I have always been happy with the bank, so I am sure this can be sorted out quickly.",Resolved at first contact,0.0
CMP-002684,2026-04-30,Mortgage,Phone,Private,47.0,6.4,6.0,297.02,0.0,3.0,19.0,,,,Escalated to ombudsman,291.31
CMP-002685,2026-04-30,Credit card,Phone,Affluent,54.0,16.4,8.0,180.7,0.0,2.0,16.0,,,,Resolved at first contact,0.0
CMP-002686,2026-05-01,Credit card,Phone,Retail,46.0,10.1,4.0,2002.67,1.0,4.0,31.0,,,,Resolved at first contact,0.0
CMP-002687,2026-05-01,Current account,Email,Retail,57.0,6.1,2.0,59.26,0.0,0.0,0.0,106.0,-0.14,"A transfer of 59 euros I sent on the 24th never reached the beneficiary and nobody can tell me where it is. I assume it is a mistake, but it needs to be resolved.",Resolved at first contact,0.0
CMP-002688,2026-05-01,Credit card,Branch,Retail,33.0,4.1,2.0,418.86,1.0,4.0,42.0,,,,Escalated to ombudsman,351.08
CMP-002689,2026-05-01,Current account,Branch,Retail,52.0,7.5,3.0,481.09,1.0,4.0,21.0,,,,Resolved at first contact,0.0
CMP-002690,2026-05-01,Current account,Web form,Affluent,39.0,0.1,1.0,119.38,0.0,2.0,26.0,202.0,-0.16,"An unauthorised direct debit of 119 euros was taken from my current account on the 18th. I assume it is a mistake, but it needs to be resolved.",Resolved after investigation,39.35
CMP-002691,2026-05-01,Investments,Phone,Retail,62.0,17.0,6.0,,2.0,4.0,47.0,,,,Resolved after investigation,0.0
CMP-002692,2026-05-01,Current account,Phone,Retail,48.0,19.5,8.0,255.48,1.0,2.0,23.0,169.0,-0.42,I was charged 255 euros in fees that were never mentioned when I opened the account. This has caused me a lot of stress and wasted time.,Resolved at first contact,0.0
CMP-002693,2026-05-02,Current account,Phone,Retail,36.0,11.9,4.0,82.51,0.0,2.0,9.0,162.0,-0.62,I was charged 83 euros in fees that were never mentioned when I opened the account. If this is not resolved within a week I will take it to the ombudsman.,Resolved at first contact,0.0
CMP-002694,2026-05-02,Credit card,Phone,Retail,,13.0,6.0,88.93,1.0,1.0,24.0,,,,Resolved at first contact,0.0
CMP-002695,2026-05-03,Investments,Mobile app,Retail,29.0,7.4,4.0,1528.86,2.0,5.0,36.0,184.0,-0.77,"My advisor moved my savings into a fund I never approved and the position is now 1,529 euros below what I invested. This is my fifth attempt to get an answer from you. This is not the first time I have had to complain about this. If this is not resolved within a week I will take it to the ombudsman.",Resolved after investigation,269.13
CMP-002696,2026-05-04,Insurance,Mobile app,Affluent,56.0,12.1,7.0,679.44,2.0,3.0,13.0,217.0,-0.03,"My claim of 679 euros on the policy linked to my account was rejected without any explanation. This is my third attempt to get an answer from you. This is not the first time I have had to complain about this. I assume it is a mistake, but it needs to be resolved.",Escalated to ombudsman,762.34
CMP-002697,2026-05-04,Personal loan,Email,Retail,52.0,10.4,4.0,1370.92,1.0,2.0,30.0,211.0,-0.76,"The instalment taken for my loan is 1,371 euros higher than the amount agreed in the contract. If this is not resolved within a week I will take it to the ombudsman.",Resolved at first contact,0.0
CMP-002698,2026-05-04,Investments,Phone,Retail,50.0,11.8,4.0,539.05,1.0,0.0,29.0,,,,Resolved at first contact,0.0
CMP-002699,2026-05-04,Current account,Mobile app,Retail,67.0,18.8,6.0,2100.33,1.0,4.0,47.0,164.0,-0.15,"My current account was blocked for three days without any notice, and a transfer of 2,100 euros bounced. This is my fourth attempt to get an answer from you. The problem dates back more than a month and is still open. I assume it is a mistake, but it needs to be resolved.",Resolved at first contact,0.0
CMP-002700,2026-05-04,Insurance,Email,Private,48.0,7.0,5.0,,1.0,2.0,41.0,148.0,-0.51,The insurance policy was renewed and 867 euros charged although I had cancelled it in writing. I expect a refund and a clear explanation.,Escalated to ombudsman,1234.6
CMP-002701,2026-05-04,Mortgage,Mobile app,Private,,6.5,5.0,790.77,0.0,2.0,27.0,168.0,-0.3,An insurance premium of 791 euros was added to my mortgage instalment without my consent. I expect a refund and a clear explanation.,Resolved at first contact,0.0
CMP-002702,2026-05-04,Investments,Web form,Retail,46.0,6.8,4.0,779.22,0.0,2.0,32.0,152.0,0.23,"The costs of the investment product were never explained to me and I have paid 779 euros in charges. I have always been happy with the bank, so I am sure this can be sorted out quickly.",Resolved at first contact,0.0
CMP-002703,2026-05-04,Current account,Email,Retail,38.0,10.2,4.0,20.92,0.0,0.0,0.0,149.0,-0.16,"I was charged 21 euros in fees that were never mentioned when I opened the account. I assume it is a mistake, but it needs to be resolved.",Resolved at first contact,0.0
CMP-002704,2026-05-04,Current account,Phone,Retail,62.0,16.0,6.0,228.24,1.0,3.0,22.0,96.0,-0.48,I was charged 228 euros in fees that were never mentioned when I opened the account. I have already called 3 times and nobody has called me back. I expect a refund and a clear explanation.,Resolved after investigation,76.41
CMP-002705,2026-05-05,Current account,Phone,Affluent,55.0,18.4,8.0,623.35,1.0,3.0,27.0,,,,Resolved at first contact,0.0
CMP-002706,2026-05-05,Current account,Email,Retail,21.0,1.1,2.0,92.88,1.0,1.0,15.0,,,,Resolved at first contact,0.0
CMP-002707,2026-05-05,Credit card,Email,Retail,72.0,14.8,5.0,5619.93,2.0,5.0,33.0,159.0,-0.99,"The cash-advance fee of 5,620 euros on my card is not the one stated in the terms. This is my fifth attempt to get an answer from you. This is not the first time I have had to complain about this. I demand an immediate refund and a written apology.",Escalated to ombudsman,4636.86
CMP-002708,2026-05-05,Credit card,Phone,Retail,55.0,13.2,5.0,1656.9,1.0,4.0,40.0,,,,Resolved after investigation,317.17
CMP-002709,2026-05-06,Credit card,Branch,Retail,58.0,16.4,6.0,1532.75,2.0,5.0,18.0,,,,Escalated to ombudsman,1588.72
CMP-002710,2026-05-06,Personal loan,Web form,Retail,54.0,15.6,5.0,,1.0,3.0,28.0,126.0,0.1,"My loan application was rejected after 15 days and the 746 euros I paid for the appraisal were not refunded. After 3 contacts with the branch and the call centre, nothing has changed. I would like this to be checked and corrected.",Resolved after investigation,143.08
CMP-002711,2026-05-06,Credit card,Phone,Retail,38.0,10.6,5.0,306.04,1.0,2.0,16.0,,,,Resolved at first contact,0.0
CMP-002712,2026-05-07,Credit card,Email,Retail,26.0,0.1,1.0,714.29,0.0,2.0,27.0,155.0,-0.01,There is a transaction of 714 euros on my card statement that I never made. Please let me know what happened and how it will be fixed.,Resolved after investigation,268.98
CMP-002713,2026-05-07,Current account,Mobile app,Retail,42.0,9.3,3.0,141.03,1.0,1.0,26.0,194.0,-0.39,An unauthorised direct debit of 141 euros was taken from my current account on the 5th. This has caused me a lot of stress and wasted time.,Resolved after investigation,42.41
CMP-002714,2026-05-07,Mortgage,Email,Affluent,53.0,2.1,3.0,1372.35,1.0,3.0,49.0,203.0,-0.34,"My request to renegotiate the mortgage has been pending for weeks and the delay has cost me 1,372 euros. After 3 contacts with the branch and the call centre, nothing has changed. The problem dates back more than a month and is still open. I am very disappointed with how this has been handled.",Escalated to ombudsman,868.29
CMP-002715,2026-05-07,Credit card,Phone,Private,63.0,15.9,7.0,1195.54,1.0,3.0,41.0,,,,Resolved after investigation,383.82
CMP-002716,2026-05-07,Mortgage,Email,SME,,9.9,4.0,3934.57,1.0,3.0,44.0,128.0,-0.51,"The interest rate applied to my mortgage does not match the offer I signed, and I have overpaid 3,935 euros. I have already called 3 times and nobody has called me back. I am very disappointed with how this has been handled.",Escalated to ombudsman,3594.47
CMP-002717,2026-05-07,Insurance,Mobile app,Affluent,51.0,3.9,3.0,468.61,0.0,3.0,26.0,163.0,-0.25,My claim of 469 euros on the policy linked to my account was rejected without any explanation. This is my third attempt to get an answer from you. This has caused me a lot of stress and wasted time.,Resolved after investigation,0.0
CMP-002718,2026-05-07,Current account,Phone,Retail,55.0,18.4,5.0,119.17,0.0,1.0,10.0,,,,Resolved at first contact,0.0
CMP-002719,2026-05-08,Credit card,Phone,Retail,33.0,0.1,2.0,150.49,2.0,5.0,37.0,196.0,-0.51,"My card was charged twice for the same purchase of 150 euros. After 5 contacts with the branch and the call centre, nothing has changed. This is not the first time I have had to complain about this. I am very disappointed with how this has been handled.",Escalated to ombudsman,256.25
CMP-002720,2026-05-08,Investments,Web form,SME,32.0,12.1,5.0,2843.27,2.0,3.0,33.0,167.0,-0.25,"The costs of the investment product were never explained to me and I have paid 2,843 euros in charges. This is my third attempt to get an answer from you. This is not the first time I have had to complain about this. I expect a refund and a clear explanation.",Resolved after investigation,1033.64
CMP-002721,2026-05-08,Credit card,Branch,Affluent,63.0,7.0,4.0,160.3,0.0,3.0,24.0,113.0,-0.2,The cash-advance fee of 160 euros on my card is not the one stated in the terms. This is my third attempt to get an answer from you. Please let me know what happened and how it will be fixed.,Resolved at first contact,0.0
CMP-002722,2026-05-09,Mortgage,Mobile app,Retail,51.0,4.3,4.0,1069.58,0.0,3.0,21.0,162.0,-0.65,"An insurance premium of 1,070 euros was added to my mortgage instalment without my consent. I have already called 3 times and nobody has called me back. This is unacceptable and I am furious.",Resolved at first contact,0.0
CMP-002723,2026-05-09,Current account,Mobile app,Affluent,52.0,7.4,4.0,228.29,1.0,0.0,6.0,101.0,-0.19,"A transfer of 228 euros I sent on the 24th never reached the beneficiary and nobody can tell me where it is. I assume it is a mistake, but it needs to be resolved.",Resolved at first contact,0.0
CMP-002724,2026-05-10,Current account,Web form,Affluent,78.0,22.7,8.0,219.42,1.0,0.0,4.0,120.0,-0.05,"My current account was blocked for three days without any notice, and a transfer of 219 euros bounced. I assume it is a mistake, but it needs to be resolved.",Resolved at first contact,0.0
CMP-002725,2026-05-10,Personal loan,Social media,Retail,37.0,15.6,5.0,6442.43,2.0,5.0,44.0,259.0,-0.82,"I asked to repay my loan early and the fee applied, 6,442 euros, is far above what the contract says. This is my fifth attempt to get an answer from you. This is not the first time I have had to complain about this. If this is not resolved within a week I will take it to the ombudsman.",Escalated to ombudsman,5675.84
CMP-002726,2026-05-11,Insurance,Phone,Retail,30.0,3.5,3.0,123.39,0.0,2.0,28.0,188.0,-0.12,The insurance policy was renewed and 123 euros charged although I had cancelled it in writing. I would like this to be checked and corrected.,Resolved after investigation,60.81
CMP-002727,2026-05-11,Personal loan,Email,Retail,53.0,15.6,6.0,191.99,1.0,2.0,11.0,155.0,-0.24,My loan application was rejected after 7 days and the 192 euros I paid for the appraisal were not refunded. This has caused me a lot of stress and wasted time.,Resolved at first contact,0.0
CMP-002728,2026-05-11,Current account,Phone,Retail,,0.1,1.0,1040.82,2.0,3.0,31.0,,,,Resolved after investigation,491.79
CMP-002729,2026-05-11,Credit card,Phone,Retail,35.0,5.4,3.0,445.67,2.0,3.0,12.0,,,,Resolved after investigation,71.82
CMP-002730,2026-05-11,Credit card,Web form,Retail,50.0,8.6,3.0,207.13,0.0,2.0,15.0,172.0,-0.29,There is a transaction of 207 euros on my card statement that I never made. This has caused me a lot of stress and wasted time.,Resolved at first contact,0.0
CMP-002731,2026-05-11,Insurance,Phone,Affluent,60.0,15.6,7.0,,0.0,0.0,14.0,,,,Resolved at first contact,0.0
CMP-002732,2026-05-11,Credit card,Web form,Retail,,17.6,6.0,776.81,1.0,3.0,25.0,162.0,-0.2,My card was blocked while I was abroad and I had to pay 777 euros in cash with no explanation. This is my third attempt to get an answer from you. Please let me know what happened and how it will be fixed.,Resolved at first contact,0.0
CMP-002733,2026-05-11,Credit card,Web form,Retail,38.0,0.1,1.0,209.7,0.0,2.0,19.0,148.0,-0.2,"My card was blocked while I was abroad and I had to pay 210 euros in cash with no explanation. I assume it is a mistake, but it needs to be resolved.",Resolved at first contact,0.0
CMP-002734,2026-05-11,Personal loan,Email,Retail,51.0,2.1,1.0,745.2,1.0,3.0,22.0,197.0,-0.4,The instalment taken for my loan is 745 euros higher than the amount agreed in the contract. I have already called 3 times and nobody has called me back. I am very disappointed with how this has been handled.,Resolved at first contact,0.0
CMP-002735,2026-05-11,Mortgage,Email,Private,56.0,2.6,4.0,29090.2,2.0,3.0,53.0,306.0,-0.57,"An insurance premium of 29,090 euros was added to my mortgage instalment without my consent. This is my third attempt to get an answer from you. This is not the first time I have had to complain about this. The problem dates back more than a month and is still open. This is unacceptable and I am furious.",Escalated to ombudsman,11090.18
CMP-002736,2026-05-11,Investments,Web form,Retail,50.0,8.7,2.0,700.9,1.0,1.0,18.0,92.0,-0.02,"My advisor moved my savings into a fund I never approved and the position is now 701 euros below what I invested. I assume it is a mistake, but it needs to be resolved.",Resolved at first contact,0.0
CMP-002737,2026-05-11,Investments,Social media,Retail,32.0,12.1,4.0,1618.92,1.0,4.0,33.0,167.0,-0.0,"The costs of the investment product were never explained to me and I have paid 1,619 euros in charges. I have already called 4 times and nobody has called me back. I would like this to be checked and corrected.",Resolved after investigation,0.0
CMP-002738,2026-05-11,Credit card,Phone,SME,78.0,22.7,8.0,541.95,1.0,2.0,18.0,,,,Resolved at first contact,0.0
CMP-002739,2026-05-11,Personal loan,Phone,Retail,28.0,0.1,1.0,1679.5,2.0,5.0,42.0,193.0,-0.78,"The instalment taken for my loan is 1,680 euros higher than the amount agreed in the contract. This is my fifth attempt to get an answer from you. This is not the first time I have had to complain about this. This is unacceptable and I am furious.",Resolved at first contact,0.0
CMP-002740,2026-05-11,Personal loan,Email,Retail,40.0,15.2,4.0,132.94,0.0,2.0,17.0,118.0,-0.1,"My loan application was rejected after 8 days and the 133 euros I paid for the appraisal were not refunded. I assume it is a mistake, but it needs to be resolved.",Resolved at first contact,0.0
CMP-002741,2026-05-11,Credit card,Email,Affluent,44.0,0.5,2.0,174.37,1.0,1.0,29.0,136.0,-0.39,My card was charged twice for the same purchase of 174 euros. I expect a refund and a clear explanation.,Resolved after investigation,79.91
CMP-002742,2026-05-12,Credit card,Mobile app,SME,57.0,13.6,5.0,631.76,0.0,1.0,8.0,137.0,0.02,There is a transaction of 632 euros on my card statement that I never made. I would like this to be checked and corrected.,Resolved at first contact,0.0
CMP-002743,2026-05-12,Insurance,Phone,Affluent,54.0,11.9,4.0,145.52,1.0,1.0,22.0,,,,Resolved at first contact,0.0
CMP-002744,2026-05-12,Credit card,Mobile app,Retail,39.0,3.9,1.0,575.03,1.0,3.0,23.0,160.0,-0.5,The cash-advance fee of 575 euros on my card is not the one stated in the terms. I have already called 3 times and nobody has called me back. This has caused me a lot of stress and wasted time.,Resolved at first contact,0.0
CMP-002745,2026-05-12,Credit card,Branch,Retail,42.0,2.7,3.0,46.66,0.0,1.0,3.0,140.0,0.16,The cash-advance fee of 47 euros on my card is not the one stated in the terms. I would like this to be checked and corrected.,Resolved at first contact,0.0
CMP-002746,2026-05-12,Mortgage,Phone,Affluent,57.0,9.9,7.0,278.02,0.0,0.0,25.0,141.0,0.11,"The interest rate applied to my mortgage does not match the offer I signed, and I have overpaid 278 euros. I would like this to be checked and corrected.",Resolved at first contact,0.0
CMP-002747,2026-05-12,Investments,Phone,unknown,52.0,16.2,7.0,,2.0,4.0,49.0,263.0,-0.65,"My advisor moved my savings into a fund I never approved and the position is now 5,833 euros below what I invested. I have already called 4 times and nobody has called me back. This is not the first time I have had to complain about this. The problem dates back more than a month and is still open. If this is not resolved within a week I will take it to the ombudsman.",Escalated to ombudsman,3266.07
CMP-002748,2026-05-12,Insurance,Branch,Retail,45.0,6.5,4.0,,2.0,5.0,19.0,,,,Resolved after investigation,133.58
CMP-002749,2026-05-12,Investments,Phone,SME,75.0,19.2,7.0,2554.31,1.0,4.0,37.0,166.0,0.05,"I asked to sell my fund units on the 25th; the order was executed days later at a loss of 2,554 euros. After 4 contacts with the branch and the call centre, nothing has changed. I would like this to be checked and corrected.",Resolved at first contact,0.0
CMP-002750,2026-05-13,Personal loan,Mobile app,Retail,39.0,0.1,1.0,1442.7,3.0,5.0,36.0,233.0,-0.42,"I asked to repay my loan early and the fee applied, 1,443 euros, is far above what the contract says. This is my fifth attempt to get an answer from you. This is not the first time I have had to complain about this. This has caused me a lot of stress and wasted time.",Resolved after investigation,478.66
CMP-002751,2026-05-13,Personal loan,Web form,Retail,18.0,0.0,1.0,323.42,0.0,2.0,35.0,184.0,-0.14,The instalment taken for my loan is 323 euros higher than the amount agreed in the contract. Please let me know what happened and how it will be fixed.,Resolved after investigation,151.79
CMP-002752,2026-05-13,Investments,Branch,SME,69.0,22.9,7.0,,0.0,2.0,36.0,213.0,-0.06,"The costs of the investment product were never explained to me and I have paid 4,341 euros in charges. I would like this to be checked and corrected.",Resolved after investigation,0.0
CMP-002753,2026-05-13,Credit card,Branch,Retail,47.0,6.2,3.0,79.27,0.0,0.0,12.0,122.0,0.04,My card was blocked while I was abroad and I had to pay 79 euros in cash with no explanation. I would like this to be checked and corrected.,Resolved at first contact,0.0
CMP-002754,2026-05-14,Current account,Email,Retail,27.0,1.7,2.0,152.0,2.0,3.0,24.0,155.0,-0.19,A transfer of 152 euros I sent on the 15th never reached the beneficiary and nobody can tell me where it is. I have already called 3 times and nobody has called me back. This is not the first time I have had to complain about this. Please let me know what happened and how it will be fixed.,Resolved after investigation,61.89
CMP-002755,2026-05-14,Current account,Phone,SME,62.0,7.6,5.0,1201.71,2.0,3.0,21.0,,,,Resolved after investigation,269.84
CMP-002756,2026-05-14,Current account,Phone,Retail,39.0,6.0,3.0,884.13,3.0,5.0,50.0,,,,Escalated to ombudsman,952.83
CMP-002757,2026-05-15,Credit card,Web form,Retail,42.0,6.5,3.0,87.59,1.0,4.0,27.0,178.0,-0.47,My card was blocked while I was abroad and I had to pay 88 euros in cash with no explanation. This is my fourth attempt to get an answer from you. I am very disappointed with how this has been handled.,Resolved after investigation,43.62
CMP-002758,2026-05-15,Mortgage,Email,Affluent,,9.8,4.0,652.95,0.0,1.0,13.0,140.0,-0.38,An insurance premium of 653 euros was added to my mortgage instalment without my consent. I am very disappointed with how this has been handled.,Resolved at first contact,0.0
CMP-002759,2026-05-15,Personal loan,Web form,Retail,58.0,7.2,2.0,342.56,2.0,3.0,34.0,142.0,-0.44,My loan application was rejected after 11 days and the 343 euros I paid for the appraisal were not refunded. This is my third attempt to get an answer from you. This is not the first time I have had to complain about this. I expect a refund and a clear explanation.,Resolved after investigation,118.75
CMP-002760,2026-05-16,Current account,Email,SME,66.0,10.5,4.0,779.79,1.0,1.0,22.0,163.0,-0.55,A transfer of 780 euros I sent on the 5th never reached the beneficiary and nobody can tell me where it is. I expect a refund and a clear explanation.,Resolved after investigation,344.25
CMP-002761,2026-05-17,Personal loan,Social media,Affluent,38.0,6.8,4.0,,1.0,5.0,31.0,225.0,-0.19,"The instalment taken for my loan is 2,959 euros higher than the amount agreed in the contract. After 5 contacts with the branch and the call centre, nothing has changed. I assume it is a mistake, but it needs to be resolved.",Resolved after investigation,401.95
CMP-002762,2026-05-18,Current account,Mobile app,SME,58.0,12.4,4.0,595.21,1.0,3.0,44.0,238.0,-0.77,"I was charged 595 euros in fees that were never mentioned when I opened the account. After 3 contacts with the branch and the call centre, nothing has changed. This is unacceptable and I am furious.",Resolved after investigation,261.5
CMP-002763,2026-05-18,Current account,Branch,Affluent,64.0,11.5,5.0,329.6,0.0,2.0,21.0,,,,Resolved at first contact,0.0
CMP-002764,2026-05-18,Current account,Mobile app,Private,36.0,11.3,6.0,151.93,0.0,3.0,28.0,129.0,-0.52,"An unauthorised direct debit of 152 euros was taken from my current account on the 11th. After 3 contacts with the branch and the call centre, nothing has changed. I expect a refund and a clear explanation.",Resolved at first contact,0.0
CMP-002765,2026-05-18,Investments,Phone,Retail,44.0,0.5,7.0,319.96,1.0,2.0,21.0,,,,Resolved at first contact,0.0
CMP-002766,2026-05-18,Credit card,Email,Retail,50.0,13.5,4.0,344.74,1.0,3.0,30.0,145.0,-0.37,My card was blocked while I was abroad and I had to pay 345 euros in cash with no explanation. This is my third attempt to get an answer from you. This has caused me a lot of stress and wasted time.,Resolved after investigation,147.49
CMP-002767,2026-05-18,Personal loan,Phone,SME,69.0,22.9,6.0,353.44,0.0,1.0,13.0,,,,Resolved at first contact,30.11
CMP-002768,2026-05-18,Current account,Phone,SME,66.0,16.8,6.0,196.81,1.0,2.0,23.0,93.0,0.17,A transfer of 197 euros I sent on the 11th never reached the beneficiary and nobody can tell me where it is. I would like this to be checked and corrected.,Resolved at first contact,0.0
CMP-002769,2026-05-18,Investments,Phone,SME,,12.7,5.0,762.78,2.0,0.0,24.0,145.0,-0.33,The costs of the investment product were never explained to me and I have paid 763 euros in charges. This is not the first time I have had to complain about this. This has caused me a lot of stress and wasted time.,Resolved after investigation,279.33
CMP-002770,2026-05-18,Current account,Mobile app,Retail,34.0,10.1,3.0,626.52,2.0,3.0,21.0,190.0,-0.88,"My current account was blocked for three days without any notice, and a transfer of 627 euros bounced. I have already called 3 times and nobody has called me back. This is not the first time I have had to complain about this. I demand an immediate refund and a written apology.",Resolved after investigation,0.0
CMP-002771,2026-05-18,Current account,Branch,Retail,45.0,10.7,4.0,230.89,0.0,1.0,15.0,,,,Resolved at first contact,0.0
CMP-002772,2026-05-18,Insurance,Phone,SME,63.0,12.2,4.0,3371.47,2.0,3.0,36.0,,,,Escalated to ombudsman,4100.21
CMP-002773,2026-05-18,Insurance,Web form,Affluent,43.0,0.1,2.0,351.37,1.0,3.0,26.0,220.0,-0.06,"The insurance policy was renewed and 351 euros charged although I had cancelled it in writing. After 3 contacts with the branch and the call centre, nothing has changed. Please let me know what happened and how it will be fixed.",Resolved at first contact,0.0
CMP-002774,2026-05-18,Personal loan,Web form,Retail,46.0,15.7,5.0,525.32,2.0,2.0,41.0,185.0,-0.4,"I asked to repay my loan early and the fee applied, 525 euros, is far above what the contract says. This is not the first time I have had to complain about this. I am very disappointed with how this has been handled.",Escalated to ombudsman,762.33
CMP-002775,2026-05-18,Current account,Mobile app,Retail,33.0,0.4,1.0,57.43,0.0,3.0,23.0,203.0,0.21,"My current account was blocked for three days without any notice, and a transfer of 57 euros bounced. I have already called 3 times and nobody has called me back. Thank you in advance for looking into it.",Resolved at first contact,0.0
CMP-002776,2026-05-19,Current account,Phone,Retail,30.0,2.1,2.0,14.67,0.0,1.0,17.0,,,,Resolved at first contact,0.0
CMP-002777,2026-05-19,Personal loan,Email,Private,41.0,7.2,5.0,355.2,0.0,1.0,19.0,125.0,-0.02,"The instalment taken for my loan is 355 euros higher than the amount agreed in the contract. I assume it is a mistake, but it needs to be resolved.",Resolved after investigation,76.21
CMP-002778,2026-05-19,Investments,Web form,Retail,18.0,0.0,1.0,4433.73,2.0,4.0,54.0,220.0,-0.86,"I asked to sell my fund units on the 25th; the order was executed days later at a loss of 4,434 euros. After 4 contacts with the branch and the call centre, nothing has changed. This is not the first time I have had to complain about this. The problem dates back more than a month and is still open. If this is not resolved within a week I will take it to the ombudsman.",Escalated to ombudsman,3212.53
CMP-002779,2026-05-19,Credit card,Email,Retail,35.0,0.1,1.0,423.62,0.0,2.0,21.0,162.0,-0.11,The cash-advance fee of 424 euros on my card is not the one stated in the terms. Please let me know what happened and how it will be fixed.,Escalated to ombudsman,404.32
CMP-002780,2026-05-20,Credit card,Phone,Retail,54.0,18.7,7.0,957.58,1.0,5.0,51.0,259.0,-0.99,My card was blocked while I was abroad and I had to pay 958 euros in cash with no explanation. This is my fifth attempt to get an answer from you. The problem dates back more than a month and is still open. This is unacceptable and I am furious.,Escalated to ombudsman,1032.24
CMP-002781,2026-05-20,Credit card,Email,Retail,24.0,3.1,3.0,244.8,0.0,1.0,8.0,97.0,-0.13,My card was blocked while I was abroad and I had to pay 245 euros in cash with no explanation. Please let me know what happened and how it will be fixed.,Resolved at first contact,0.0
CMP-002782,2026-05-20,Current account,Mobile app,Retail,34.0,9.1,4.0,227.11,0.0,3.0,23.0,186.0,-0.06,A transfer of 227 euros I sent on the 25th never reached the beneficiary and nobody can tell me where it is. This is my third attempt to get an answer from you. I would like this to be checked and corrected.,Resolved after investigation,27.05
CMP-002783,2026-05-20,Credit card,Phone,unknown,49.0,8.4,4.0,2807.19,2.0,5.0,42.0,,,,Escalated to ombudsman,2866.58
CMP-002784,2026-05-20,Current account,Web form,Retail,46.0,15.5,5.0,160.15,0.0,3.0,34.0,137.0,-0.2,An unauthorised direct debit of 160 euros was taken from my current account on the 13th. I have already called 3 times and nobody has called me back. I would like this to be checked and corrected.,Resolved at first contact,0.0
CMP-002785,2026-05-21,Current account,Phone,Retail,33.0,6.2,4.0,69.13,1.0,0.0,22.0,195.0,-0.02,"An unauthorised direct debit of 69 euros was taken from my current account on the 8th. I assume it is a mistake, but it needs to be resolved.",Resolved at first contact,0.0
CMP-002786,2026-05-21,Credit card,Email,Retail,32.0,6.9,3.0,193.77,2.0,0.0,17.0,158.0,-0.29,The cash-advance fee of 194 euros on my card is not the one stated in the terms. This is not the first time I have had to complain about this. This has caused me a lot of stress and wasted time.,Resolved at first contact,0.0
CMP-002787,2026-05-21,Current account,Social media,SME,47.0,9.4,5.0,532.57,1.0,3.0,26.0,143.0,-0.42,An unauthorised direct debit of 533 euros was taken from my current account on the 5th. This is my third attempt to get an answer from you. I am very disappointed with how this has been handled.,Escalated to ombudsman,385.2
CMP-002788,2026-05-21,Investments,Email,Retail,46.0,12.4,4.0,,1.0,3.0,32.0,129.0,-0.53,"The costs of the investment product were never explained to me and I have paid 1,238 euros in charges. After 3 contacts with the branch and the call centre, nothing has changed. This has caused me a lot of stress and wasted time.",Resolved at first contact,0.0
CMP-002789,2026-05-21,Credit card,Email,SME,36.0,3.3,3.0,883.83,2.0,4.0,32.0,192.0,-0.27,My card was blocked while I was abroad and I had to pay 884 euros in cash with no explanation. I have already called 4 times and nobody has called me back. This is not the first time I have had to complain about this. I expect a refund and a clear explanation.,Resolved after investigation,226.48
CMP-002790,2026-05-21,Current account,Web form,Private,68.0,12.9,6.0,950.02,1.0,1.0,37.0,176.0,-0.51,"My current account was blocked for three days without any notice, and a transfer of 950 euros bounced. I expect a refund and a clear explanation.",Resolved after investigation,338.76
CMP-002791,2026-05-21,Credit card,Social media,Affluent,56.0,6.0,3.0,308.05,2.0,4.0,19.0,241.0,-0.34,"My card was blocked while I was abroad and I had to pay 308 euros in cash with no explanation. After 4 contacts with the branch and the call centre, nothing has changed. This is not the first time I have had to complain about this. I am very disappointed with how this has been handled.",Resolved after investigation,103.2
CMP-002792,2026-05-21,Investments,Email,Retail,55.0,13.8,6.0,,1.0,2.0,24.0,144.0,-0.41,"The costs of the investment product were never explained to me and I have paid 2,022 euros in charges. I expect a refund and a clear explanation.",Resolved after investigation,737.32
CMP-002793,2026-05-21,Credit card,Web form,Retail,69.0,20.3,6.0,85.41,1.0,0.0,4.0,139.0,-0.21,My card was charged twice for the same purchase of 85 euros. I expect a refund and a clear explanation.,Resolved at first contact,0.0
CMP-002794,2026-05-22,Current account,Web form,Affluent,45.0,5.5,4.0,598.66,1.0,5.0,31.0,170.0,-0.46,I was charged 599 euros in fees that were never mentioned when I opened the account. I have already called 5 times and nobody has called me back. This has caused me a lot of stress and wasted time.,Resolved after investigation,147.8
CMP-002795,2026-05-22,Current account,Email,Retail,35.0,12.8,4.0,192.25,0.0,2.0,10.0,153.0,-0.23,I was charged 192 euros in fees that were never mentioned when I opened the account. I expect a refund and a clear explanation.,Resolved at first contact,0.0
CMP-002796,2026-05-22,Current account,Mobile app,Retail,35.0,3.5,2.0,65.58,0.0,1.0,0.0,70.0,0.37,"My current account was blocked for three days without any notice, and a transfer of 66 euros bounced. I have always been happy with the bank, so I am sure this can be sorted out quickly.",Resolved at first contact,0.0
CMP-002797,2026-05-22,Credit card,Email,Affluent,45.0,0.1,2.0,110.93,0.0,1.0,23.0,112.0,0.15,"The cash-advance fee of 111 euros on my card is not the one stated in the terms. I assume it is a mistake, but it needs to be resolved.",Resolved at first contact,0.0
CMP-002798,2026-05-23,Credit card,Email,Affluent,35.0,9.9,6.0,276.24,1.0,3.0,23.0,179.0,-0.4,My card was blocked while I was abroad and I had to pay 276 euros in cash with no explanation. I have already called 3 times and nobody has called me back. This has caused me a lot of stress and wasted time.,Resolved at first contact,0.0
CMP-002799,2026-05-23,Current account,Email,Private,62.0,9.4,6.0,745.52,0.0,2.0,14.0,126.0,0.06,"My current account was blocked for three days without any notice, and a transfer of 746 euros bounced. I would like this to be checked and corrected.",Resolved at first contact,0.0
CMP-002800,2026-05-23,Current account,Mobile app,Affluent,60.0,13.8,4.0,4385.16,2.0,5.0,30.0,266.0,-0.78,"A transfer of 4,385 euros I sent on the 15th never reached the beneficiary and nobody can tell me where it is. After 5 contacts with the branch and the call centre, nothing has changed. This is not the first time I have had to complain about this. This is unacceptable and I am furious.",Escalated to ombudsman,5345.1
CMP-002801,2026-05-24,Current account,Phone,Retail,60.0,12.8,5.0,193.91,2.0,2.0,30.0,,,,Resolved after investigation,35.29
CMP-002802,2026-05-25,Credit card,Mobile app,SME,66.0,19.2,7.0,895.39,0.0,1.0,24.0,137.0,-0.37,There is a transaction of 895 euros on my card statement that I never made. I am very disappointed with how this has been handled.,Resolved at first contact,0.0
CMP-002803,2026-05-25,Investments,Email,Affluent,56.0,10.4,6.0,1344.74,1.0,3.0,51.0,150.0,-0.59,"I asked to sell my fund units on the 6th; the order was executed days later at a loss of 1,345 euros. This is my third attempt to get an answer from you. The problem dates back more than a month and is still open. This is unacceptable and I am furious.",Escalated to ombudsman,661.91
CMP-002804,2026-05-25,Personal loan,Web form,Retail,67.0,13.9,5.0,254.32,0.0,2.0,6.0,154.0,-0.08,"My loan application was rejected after 11 days and the 254 euros I paid for the appraisal were not refunded. I assume it is a mistake, but it needs to be resolved.",Resolved at first contact,0.0
CMP-002805,2026-05-25,Current account,Email,Retail,73.0,4.7,1.0,1102.66,0.0,0.0,0.0,67.0,-0.78,"A transfer of 1,103 euros I sent on the 26th never reached the beneficiary and nobody can tell me where it is. This is unacceptable and I am furious.",Resolved at first contact,0.0
CMP-002806,2026-05-25,Insurance,Email,Retail,40.0,0.1,2.0,806.07,1.0,2.0,44.0,242.0,-0.45,The insurance policy was renewed and 806 euros charged although I had cancelled it in writing. This has caused me a lot of stress and wasted time.,Escalated to ombudsman,911.87
CMP-002807,2026-05-25,Insurance,Phone,Retail,69.0,16.1,6.0,496.19,1.0,2.0,38.0,,,,Resolved at first contact,0.0
CMP-002808,2026-05-25,Credit card,Phone,Affluent,61.0,13.1,6.0,217.8,0.0,1.0,15.0,90.0,0.04,"My card was blocked while I was abroad and I had to pay 218 euros in cash with no explanation. I assume it is a mistake, but it needs to be resolved.",Resolved at first contact,0.0
CMP-002809,2026-05-25,Investments,Branch,Affluent,48.0,8.6,5.0,,3.0,4.0,53.0,228.0,-0.96,"My advisor moved my savings into a fund I never approved and the position is now 6,031 euros below what I invested. This is my fourth attempt to get an answer from you. This is not the first time I have had to complain about this. The problem dates back more than a month and is still open. I have never been treated so badly by a bank.",Escalated to ombudsman,4769.61
CMP-002810,2026-05-25,Credit card,Branch,Retail,64.0,11.9,4.0,48.4,0.0,0.0,27.0,,,,Resolved at first contact,0.0
CMP-002811,2026-05-25,Mortgage,Phone,Retail,63.0,17.4,7.0,,1.0,3.0,58.0,231.0,-0.86,"The interest rate applied to my mortgage does not match the offer I signed, and I have overpaid 11,409 euros. I have already called 3 times and nobody has called me back. The problem dates back more than a month and is still open. This is unacceptable and I am furious.",Escalated to ombudsman,13041.49
CMP-002812,2026-05-25,Current account,Phone,Affluent,31.0,0.1,1.0,428.61,1.0,3.0,25.0,164.0,-0.28,I was charged 429 euros in fees that were never mentioned when I opened the account. This is my third attempt to get an answer from you. This has caused me a lot of stress and wasted time.,Resolved at first contact,0.0
CMP-002813,2026-05-25,Credit card,Email,Affluent,60.0,9.9,6.0,,2.0,1.0,22.0,113.0,-0.05,"My card was charged twice for the same purchase of 706 euros. This is not the first time I have had to complain about this. I assume it is a mistake, but it needs to be resolved.",Resolved after investigation,241.54
CMP-002814,2026-05-25,Credit card,Phone,Retail,60.0,12.2,5.0,114.18,0.0,2.0,22.0,71.0,0.03,My card was charged twice for the same purchase of 114 euros. Please let me know what happened and how it will be fixed.,Resolved at first contact,0.0
CMP-002815,2026-05-25,Mortgage,Web form,Retail,50.0,6.0,2.0,624.4,1.0,4.0,56.0,173.0,-0.39,An insurance premium of 624 euros was added to my mortgage instalment without my consent. I have already called 4 times and nobody has called me back. The problem dates back more than a month and is still open. I am very disappointed with how this has been handled.,Escalated to ombudsman,743.81
CMP-002816,2026-05-25,Current account,Branch,Retail,44.0,10.8,4.0,963.7,2.0,2.0,41.0,,,,Resolved at first contact,0.0
CMP-002817,2026-05-25,Investments,Email,Retail,35.0,5.3,2.0,936.98,1.0,2.0,36.0,257.0,0.16,I asked to sell my fund units on the 25th; the order was executed days later at a loss of 937 euros. I would like this to be checked and corrected.,Resolved after investigation,354.55
CMP-002818,2026-05-26,Credit card,Email,Retail,48.0,8.3,3.0,,2.0,3.0,32.0,193.0,-0.79,There is a transaction of 785 euros on my card statement that I never made. This is my third attempt to get an answer from you. This is not the first time I have had to complain about this. This is unacceptable and I am furious.,Resolved after investigation,310.91
CMP-002818,2026-05-26,Credit card,Email,Retail,48.0,8.3,3.0,,2.0,3.0,32.0,193.0,-0.79,There is a transaction of 785 euros on my card statement that I never made. This is my third attempt to get an answer from you. This is not the first time I have had to complain about this. This is unacceptable and I am furious.,Resolved after investigation,310.91
CMP-002819,2026-05-26,Current account,Phone,Affluent,60.0,11.7,5.0,,4.0,6.0,48.0,,,,Escalated to ombudsman,10997.74
CMP-002820,2026-05-26,Current account,Social media,Retail,34.0,4.1,3.0,264.31,0.0,4.0,25.0,207.0,-0.47,A transfer of 264 euros I sent on the 18th never reached the beneficiary and nobody can tell me where it is. This is my fourth attempt to get an answer from you. I expect a refund and a clear explanation.,Escalated to ombudsman,452.22
CMP-002821,2026-05-26,Credit card,Phone,SME,70.0,18.1,6.0,165.97,0.0,2.0,15.0,,,,Resolved at first contact,0.0
CMP-002822,2026-05-26,Mortgage,Phone,Retail,53.0,8.4,4.0,472.79,0.0,1.0,33.0,71.0,0.11,My request to renegotiate the mortgage has been pending for weeks and the delay has cost me 473 euros. I would like this to be checked and corrected.,Resolved at first contact,0.0
CMP-002823,2026-05-27,Credit card,Social media,Affluent,58.0,16.0,7.0,1079.4,2.0,4.0,46.0,234.0,-0.78,"My card was charged twice for the same purchase of 1,079 euros. After 4 contacts with the branch and the call centre, nothing has changed. This is not the first time I have had to complain about this. The problem dates back more than a month and is still open. I demand an immediate refund and a written apology.",Escalated to ombudsman,747.42
CMP-002824,2026-05-27,Personal loan,Phone,Retail,69.0,15.9,6.0,2612.29,2.0,5.0,35.0,,,,Escalated to ombudsman,1025.37
CMP-002825,2026-05-27,Credit card,Phone,Retail,36.0,10.4,5.0,57.28,1.0,2.0,20.0,128.0,-0.25,My card was blocked while I was abroad and I had to pay 57 euros in cash with no explanation. I am very disappointed with how this has been handled.,Resolved at first contact,0.0
CMP-002826,2026-05-28,Credit card,Phone,Retail,62.0,13.8,4.0,365.73,0.0,4.0,15.0,,,,Resolved after investigation,0.0
CMP-002827,2026-05-28,Personal loan,Email,Retail,56.0,0.1,1.0,503.02,0.0,3.0,13.0,97.0,0.14,"I asked to repay my loan early and the fee applied, 503 euros, is far above what the contract says. After 3 contacts with the branch and the call centre, nothing has changed. I assume it is a mistake, but it needs to be resolved.",Resolved at first contact,0.0
CMP-002828,2026-05-28,Mortgage,Mobile app,Retail,18.0,0.0,1.0,148.85,0.0,0.0,26.0,160.0,0.3,An insurance premium of 149 euros was added to my mortgage instalment without my consent. Your staff have been helpful so far; I just need this last point solved.,Resolved at first contact,0.0
CMP-002829,2026-05-29,Mortgage,Phone,Retail,40.0,9.1,3.0,,2.0,4.0,54.0,299.0,-0.74,"An insurance premium of 6,516 euros was added to my mortgage instalment without my consent. After 4 contacts with the branch and the call centre, nothing has changed. This is not the first time I have had to complain about this. The problem dates back more than a month and is still open. I demand an immediate refund and a written apology.",Escalated to ombudsman,3925.15
CMP-002830,2026-05-29,Investments,Web form,Retail,31.0,2.0,1.0,1207.54,2.0,5.0,43.0,219.0,-0.47,"My advisor moved my savings into a fund I never approved and the position is now 1,208 euros below what I invested. After 5 contacts with the branch and the call centre, nothing has changed. This is not the first time I have had to complain about this. This has caused me a lot of stress and wasted time.",Escalated to ombudsman,950.96
CMP-002831,2026-05-29,Current account,Phone,Retail,61.0,10.3,4.0,21.93,0.0,0.0,0.0,72.0,0.32,"My current account was blocked for three days without any notice, and a transfer of 22 euros bounced. Your staff have been helpful so far; I just need this last point solved.",Resolved at first contact,0.0
CMP-002832,2026-05-29,Personal loan,Web form,Retail,22.0,0.1,1.0,568.45,1.0,3.0,23.0,264.0,-0.35,"I asked to repay my loan early and the fee applied, 568 euros, is far above what the contract says. After 3 contacts with the branch and the call centre, nothing has changed. This has caused me a lot of stress and wasted time.",Resolved after investigation,257.86
CMP-002833,2026-05-29,Mortgage,Phone,Affluent,62.0,10.0,6.0,,0.0,2.0,13.0,110.0,0.22,"An insurance premium of 4,686 euros was added to my mortgage instalment without my consent. Your staff have been helpful so far; I just need this last point solved.",Resolved at first contact,0.0
CMP-002834,2026-05-29,Credit card,Branch,Retail,58.0,21.3,5.0,166.86,0.0,2.0,24.0,157.0,-0.22,My card was blocked while I was abroad and I had to pay 167 euros in cash with no explanation. I expect a refund and a clear explanation.,Resolved at first contact,0.0
CMP-002835,2026-05-29,Investments,Social media,Retail,39.0,0.1,1.0,551.4,1.0,4.0,37.0,181.0,-0.01,The costs of the investment product were never explained to me and I have paid 551 euros in charges. This is my fourth attempt to get an answer from you. Please let me know what happened and how it will be fixed.,Resolved after investigation,269.81
CMP-002836,2026-05-29,Credit card,Email,Retail,36.0,14.5,5.0,1548.92,2.0,4.0,28.0,273.0,-0.64,"The cash-advance fee of 1,549 euros on my card is not the one stated in the terms. After 4 contacts with the branch and the call centre, nothing has changed. This is not the first time I have had to complain about this. I have never been treated so badly by a bank.",Escalated to ombudsman,1008.51
CMP-002837,2026-05-30,Investments,Phone,unknown,50.0,11.5,5.0,350.42,0.0,0.0,16.0,,,,Resolved at first contact,0.0
CMP-002838,2026-05-30,Current account,Email,Affluent,44.0,6.6,3.0,304.41,1.0,1.0,23.0,153.0,-0.15,I was charged 304 euros in fees that were never mentioned when I opened the account. Please let me know what happened and how it will be fixed.,Resolved after investigation,42.28
CMP-002839,2026-05-31,Investments,Phone,Retail,47.0,4.8,3.0,1141.69,3.0,4.0,54.0,245.0,-0.88,"The costs of the investment product were never explained to me and I have paid 1,142 euros in charges. This is my fourth attempt to get an answer from you. This is not the first time I have had to complain about this. The problem dates back more than a month and is still open. I have never been treated so badly by a bank.",Escalated to ombudsman,1421.8
CMP-002840,2026-05-31,Personal loan,Phone,Retail,41.0,4.7,3.0,453.7,0.0,1.0,20.0,,,,Resolved at first contact,0.0
CMP-002841,2026-06-01,Mortgage,Phone,Retail,,7.2,3.0,,2.0,5.0,59.0,262.0,-0.62,"My request to renegotiate the mortgage has been pending for weeks and the delay has cost me 7,628 euros. After 5 contacts with the branch and the call centre, nothing has changed. This is not the first time I have had to complain about this. The problem dates back more than a month and is still open. If this is not resolved within a week I will take it to the ombudsman.",Escalated to ombudsman,9311.95
CMP-002842,2026-06-01,Current account,Email,Retail,46.0,4.0,2.0,359.03,1.0,3.0,29.0,199.0,-0.35,"I was charged 359 euros in fees that were never mentioned when I opened the account. After 3 contacts with the branch and the call centre, nothing has changed. I am very disappointed with how this has been handled.",Resolved at first contact,0.0
CMP-002843,2026-06-01,Current account,Web form,Retail,51.0,11.9,5.0,1424.69,2.0,5.0,42.0,267.0,-0.6,"I was charged 1,425 euros in fees that were never mentioned when I opened the account. This is my fifth attempt to get an answer from you. This is not the first time I have had to complain about this. If this is not resolved within a week I will take it to the ombudsman.",Escalated to ombudsman,1863.84
CMP-002844,2026-06-01,Insurance,Branch,Retail,69.0,18.1,6.0,941.04,1.0,4.0,33.0,168.0,-0.52,The insurance policy was renewed and 941 euros charged although I had cancelled it in writing. This is my fourth attempt to get an answer from you. I expect a refund and a clear explanation.,Resolved after investigation,114.18
CMP-002845,2026-06-01,Current account,Web form,Retail,37.0,4.9,3.0,123.74,0.0,2.0,18.0,159.0,-0.21,A transfer of 124 euros I sent on the 7th never reached the beneficiary and nobody can tell me where it is. This has caused me a lot of stress and wasted time.,Resolved at first contact,0.0
CMP-002846,2026-06-01,Credit card,Mobile app,Affluent,26.0,7.1,5.0,172.26,0.0,2.0,26.0,100.0,-0.05,There is a transaction of 172 euros on my card statement that I never made. Please let me know what happened and how it will be fixed.,Resolved after investigation,0.0
CMP-002847,2026-06-01,Credit card,Phone,Retail,54.0,13.1,4.0,50.11,0.0,1.0,9.0,,,,Resolved at first contact,0.0
CMP-002848,2026-06-01,Credit card,Phone,Private,,15.1,7.0,469.79,1.0,2.0,27.0,,,,Resolved at first contact,0.0
CMP-002849,2026-06-01,Current account,Email,SME,58.0,17.0,6.0,2103.77,2.0,3.0,50.0,298.0,-0.66,"I was charged 2,104 euros in fees that were never mentioned when I opened the account. I have already called 3 times and nobody has called me back. This is not the first time I have had to complain about this. The problem dates back more than a month and is still open. I have never been treated so badly by a bank.",Resolved after investigation,669.52
CMP-002850,2026-06-01,Investments,Web form,Retail,24.0,0.1,1.0,437.51,1.0,3.0,54.0,248.0,-0.53,I asked to sell my fund units on the 12th; the order was executed days later at a loss of 438 euros. I have already called 3 times and nobody has called me back. The problem dates back more than a month and is still open. I expect a refund and a clear explanation.,Resolved at first contact,0.0
CMP-002851,2026-06-01,Current account,Branch,Retail,31.0,1.3,1.0,153.12,1.0,1.0,15.0,,,,Resolved at first contact,0.0
CMP-002852,2026-06-01,Personal loan,Phone,Retail,53.0,6.5,2.0,111.55,1.0,2.0,3.0,70.0,0.02,"The instalment taken for my loan is 112 euros higher than the amount agreed in the contract. I assume it is a mistake, but it needs to be resolved.",Resolved at first contact,0.0
CMP-002853,2026-06-01,Current account,Phone,Retail,47.0,1.7,1.0,662.62,2.0,3.0,26.0,,,,Resolved after investigation,208.68
CMP-002854,2026-06-01,Current account,Phone,Retail,36.0,0.1,2.0,637.76,1.0,5.0,47.0,,,,Resolved after investigation,270.56
CMP-002855,2026-06-01,Current account,Email,Retail,52.0,7.0,3.0,332.58,2.0,4.0,31.0,195.0,-0.3,I was charged 333 euros in fees that were never mentioned when I opened the account. This is my fourth attempt to get an answer from you. This is not the first time I have had to complain about this. This has caused me a lot of stress and wasted time.,Resolved after investigation,53.74
CMP-002856,2026-06-02,Credit card,Phone,Retail,61.0,14.7,6.0,333.16,0.0,3.0,16.0,,,,Resolved after investigation,147.64
CMP-002857,2026-06-02,Credit card,Phone,Retail,49.0,3.6,1.0,164.99,0.0,2.0,0.0,74.0,-0.3,My card was charged twice for the same purchase of 165 euros. I am very disappointed with how this has been handled.,Resolved at first contact,0.0
CMP-002858,2026-06-02,Investments,Phone,Retail,45.0,2.6,1.0,856.59,1.0,5.0,44.0,,,,Resolved after investigation,204.7
CMP-002859,2026-06-02,Personal loan,Phone,SME,41.0,9.7,5.0,329.38,0.0,2.0,21.0,,,,Resolved after investigation,143.95
CMP-002860,2026-06-02,Insurance,Phone,Retail,27.0,5.6,3.0,77.22,0.0,2.0,13.0,,,,Resolved at first contact,0.0
CMP-002861,2026-06-02,Mortgage,Branch,Retail,69.0,19.6,7.0,,2.0,6.0,57.0,,,,Escalated to ombudsman,4472.02
CMP-002862,2026-06-02,Investments,Phone,SME,68.0,26.6,8.0,2330.98,1.0,3.0,37.0,200.0,-0.4,"The costs of the investment product were never explained to me and I have paid 2,331 euros in charges. I have already called 3 times and nobody has called me back. I am very disappointed with how this has been handled.",Resolved after investigation,715.71
CMP-002863,2026-06-02,Investments,Web form,Retail,22.0,0.1,1.0,1028.67,2.0,2.0,33.0,185.0,-0.4,"I asked to sell my fund units on the 5th; the order was executed days later at a loss of 1,029 euros. This is not the first time I have had to complain about this. This has caused me a lot of stress and wasted time.",Escalated to ombudsman,1192.27
CMP-002864,2026-06-03,Current account,Phone,Retail,56.0,10.1,3.0,,1.0,2.0,19.0,185.0,-0.22,"My current account was blocked for three days without any notice, and a transfer of 494 euros bounced. I expect a refund and a clear explanation.",Resolved after investigation,244.48
CMP-002865,2026-06-03,Current account,Email,Retail,61.0,16.4,5.0,308.39,1.0,2.0,35.0,120.0,-0.47,I was charged 308 euros in fees that were never mentioned when I opened the account. I expect a refund and a clear explanation.,Resolved after investigation,0.0
CMP-002866,2026-06-03,Mortgage,Web form,Retail,32.0,2.5,2.0,1121.98,1.0,3.0,35.0,226.0,-0.39,"The interest rate applied to my mortgage does not match the offer I signed, and I have overpaid 1,122 euros. I have already called 3 times and nobody has called me back. I expect a refund and a clear explanation.",Escalated to ombudsman,810.96
CMP-002867,2026-06-03,Current account,Branch,Affluent,35.0,3.4,4.0,531.72,2.0,4.0,32.0,,,,Escalated to ombudsman,672.98
CMP-002868,2026-06-04,Credit card,Web form,SME,44.0,7.5,3.0,549.54,1.0,2.0,17.0,160.0,-0.44,There is a transaction of 550 euros on my card statement that I never made. I am very disappointed with how this has been handled.,Resolved at first contact,0.0
CMP-002869,2026-06-04,Credit card,Mobile app,Retail,25.0,0.1,1.0,153.02,0.0,1.0,18.0,139.0,0.41,The cash-advance fee of 153 euros on my card is not the one stated in the terms. Thank you in advance for looking into it.,Resolved at first contact,0.0
CMP-002870,2026-06-04,Credit card,Web form,Retail,36.0,2.9,4.0,553.36,2.0,5.0,39.0,195.0,-0.71,There is a transaction of 553 euros on my card statement that I never made. This is my fifth attempt to get an answer from you. This is not the first time I have had to complain about this. If this is not resolved within a week I will take it to the ombudsman.,Resolved after investigation,163.19
CMP-002871,2026-06-05,Mortgage,Branch,Retail,48.0,13.9,4.0,2445.59,2.0,4.0,48.0,,,,Resolved after investigation,1013.47
CMP-002872,2026-06-05,Investments,Email,Retail,39.0,1.2,2.0,1235.42,0.0,3.0,19.0,175.0,-0.25,"My advisor moved my savings into a fund I never approved and the position is now 1,235 euros below what I invested. This is my third attempt to get an answer from you. I am very disappointed with how this has been handled.",Resolved at first contact,0.0
CMP-002873,2026-06-05,Credit card,Email,Affluent,46.0,0.1,2.0,208.67,1.0,1.0,19.0,143.0,-0.24,My card was charged twice for the same purchase of 209 euros. I expect a refund and a clear explanation.,Resolved at first contact,0.0
CMP-002874,2026-06-05,Insurance,Branch,Retail,43.0,8.5,3.0,741.37,1.0,1.0,15.0,119.0,0.16,"My claim of 741 euros on the policy linked to my account was rejected without any explanation. I assume it is a mistake, but it needs to be resolved.",Resolved at first contact,0.0
CMP-002875,2026-06-06,Mortgage,Phone,Retail,48.0,15.3,6.0,663.98,0.0,3.0,16.0,64.0,-0.32,My request to renegotiate the mortgage has been pending for weeks and the delay has cost me 664 euros. I have already called 3 times and nobody has called me back. I expect a refund and a clear explanation.,Resolved at first contact,0.0
CMP-002876,2026-06-07,Current account,Mobile app,Affluent,62.0,12.7,6.0,183.58,1.0,1.0,22.0,153.0,-0.4,I was charged 184 euros in fees that were never mentioned when I opened the account. I am very disappointed with how this has been handled.,Resolved at first contact,0.0
CMP-002877,2026-06-07,Mortgage,Social media,Retail,134.0,6.0,2.0,521.05,0.0,1.0,31.0,94.0,-0.47,An insurance premium of 521 euros was added to my mortgage instalment without my consent. I am very disappointed with how this has been handled.,Escalated to ombudsman,406.24
CMP-002878,2026-06-08,Personal loan,Phone,Retail,59.0,9.5,3.0,553.83,1.0,2.0,1.0,,,,Resolved at first contact,0.0
CMP-002879,2026-06-08,Investments,Mobile app,Private,45.0,8.2,6.0,10667.83,1.0,4.0,41.0,165.0,-0.76,"The costs of the investment product were never explained to me and I have paid 10,668 euros in charges. After 4 contacts with the branch and the call centre, nothing has changed. This is unacceptable and I am furious.",Resolved after investigation,0.0
CMP-002880,2026-06-08,Insurance,Web form,SME,79.0,16.5,7.0,384.76,0.0,1.0,12.0,102.0,0.13,"My claim of 385 euros on the policy linked to my account was rejected without any explanation. I assume it is a mistake, but it needs to be resolved.",Resolved at first contact,0.0
CMP-002881,2026-06-08,Personal loan,Branch,Retail,63.0,20.6,7.0,4571.87,2.0,4.0,26.0,,,,Resolved after investigation,617.71
CMP-002882,2026-06-08,Investments,Mobile app,Retail,28.0,2.5,1.0,440.58,0.0,1.0,31.0,156.0,-0.03,My advisor moved my savings into a fund I never approved and the position is now 441 euros below what I invested. I would like this to be checked and corrected.,Resolved after investigation,103.83
CMP-002883,2026-06-08,Investments,Phone,Retail,59.0,16.3,5.0,1349.72,2.0,2.0,58.0,,,,Escalated to ombudsman,1378.92
CMP-002884,2026-06-08,Credit card,Phone,SME,46.0,10.1,4.0,152.32,1.0,1.0,18.0,,,,Resolved at first contact,0.0
CMP-002885,2026-06-08,Insurance,Web form,Affluent,51.0,8.7,5.0,4276.13,1.0,3.0,24.0,169.0,-0.34,"My claim of 4,276 euros on the policy linked to my account was rejected without any explanation. After 3 contacts with the branch and the call centre, nothing has changed. I am very disappointed with how this has been handled.",Resolved after investigation,2120.63
CMP-002886,2026-06-08,Investments,Social media,Affluent,34.0,3.3,3.0,446.66,0.0,0.0,20.0,38.0,0.02,I asked to sell my fund units on the 19th; the order was executed days later at a loss of 447 euros. Please let me know what happened and how it will be fixed.,Resolved at first contact,0.0
CMP-002887,2026-06-08,Mortgage,Phone,Retail,44.0,7.0,3.0,661.85,0.0,1.0,29.0,73.0,-0.12,An insurance premium of 662 euros was added to my mortgage instalment without my consent. Please let me know what happened and how it will be fixed.,Resolved at first contact,0.0
CMP-002888,2026-06-08,Personal loan,Mobile app,Retail,57.0,17.4,6.0,1212.54,1.0,4.0,44.0,238.0,-0.73,"The instalment taken for my loan is 1,213 euros higher than the amount agreed in the contract. After 4 contacts with the branch and the call centre, nothing has changed. I have never been treated so badly by a bank.",Resolved after investigation,363.0
CMP-002889,2026-06-08,Mortgage,Branch,Retail,49.0,12.6,3.0,4680.43,1.0,4.0,43.0,212.0,-0.58,"My request to renegotiate the mortgage has been pending for weeks and the delay has cost me 4,680 euros. After 4 contacts with the branch and the call centre, nothing has changed. If this is not resolved within a week I will take it to the ombudsman.",Resolved after investigation,2303.89
CMP-002890,2026-06-08,Credit card,Phone,Retail,30.0,9.9,4.0,821.59,2.0,3.0,42.0,222.0,-0.72,"There is a transaction of 822 euros on my card statement that I never made. After 3 contacts with the branch and the call centre, nothing has changed. This is not the first time I have had to complain about this. I demand an immediate refund and a written apology.",Resolved after investigation,156.0
CMP-002891,2026-06-08,Credit card,Branch,SME,45.0,15.0,5.0,123.77,1.0,3.0,30.0,,,,Resolved at first contact,0.0
CMP-002891,2026-06-08,Credit card,Branch,SME,45.0,15.0,5.0,123.77,1.0,3.0,30.0,,,,Resolved at first contact,0.0
CMP-002892,2026-06-08,Insurance,Email,Affluent,48.0,9.2,4.0,404.54,1.0,2.0,17.0,188.0,-0.51,My claim of 405 euros on the policy linked to my account was rejected without any explanation. I expect a refund and a clear explanation.,Resolved after investigation,127.78
CMP-002893,2026-06-08,Mortgage,Web form,Retail,33.0,7.5,4.0,2527.93,2.0,2.0,43.0,243.0,-0.74,"My request to renegotiate the mortgage has been pending for weeks and the delay has cost me 2,528 euros. This is not the first time I have had to complain about this. If this is not resolved within a week I will take it to the ombudsman.",Resolved after investigation,1244.91
CMP-002894,2026-06-09,Mortgage,Phone,Private,69.0,12.1,7.0,,0.0,3.0,42.0,,,,Resolved after investigation,5308.5
CMP-002895,2026-06-09,Credit card,Email,Retail,48.0,0.1,1.0,349.74,0.0,4.0,34.0,225.0,-0.33,My card was blocked while I was abroad and I had to pay 350 euros in cash with no explanation. I have already called 4 times and nobody has called me back. I am very disappointed with how this has been handled.,Resolved after investigation,158.56
CMP-002896,2026-06-09,Investments,Email,Retail,56.0,7.6,3.0,140.88,0.0,1.0,27.0,119.0,0.2,I asked to sell my fund units on the 17th; the order was executed days later at a loss of 141 euros. Thank you in advance for looking into it.,Resolved at first contact,0.0
CMP-002897,2026-06-09,Credit card,Mobile app,Affluent,29.0,0.1,3.0,153.01,0.0,1.0,16.0,138.0,0.25,My card was charged twice for the same purchase of 153 euros. Thank you in advance for looking into it.,Resolved at first contact,0.0
CMP-002898,2026-06-10,Current account,Phone,Affluent,60.0,8.5,4.0,1007.23,1.0,3.0,14.0,213.0,-0.57,"A transfer of 1,007 euros I sent on the 18th never reached the beneficiary and nobody can tell me where it is. This is my third attempt to get an answer from you. This is unacceptable and I am furious.",Escalated to ombudsman,1106.18
CMP-002899,2026-06-10,Current account,Web form,SME,58.0,6.7,3.0,513.04,2.0,2.0,34.0,175.0,-0.66,A transfer of 513 euros I sent on the 11th never reached the beneficiary and nobody can tell me where it is. This is not the first time I have had to complain about this. I demand an immediate refund and a written apology.,Resolved after investigation,72.04
CMP-002900,2026-06-10,Current account,Email,Retail,38.0,2.1,2.0,343.19,1.0,3.0,34.0,202.0,-0.53,A transfer of 343 euros I sent on the 14th never reached the beneficiary and nobody can tell me where it is. I have already called 3 times and nobody has called me back. I am very disappointed with how this has been handled.,Resolved at first contact,0.0
CMP-002901,2026-06-10,Credit card,Mobile app,Affluent,127.0,15.3,6.0,256.05,2.0,3.0,29.0,155.0,-0.47,My card was blocked while I was abroad and I had to pay 256 euros in cash with no explanation. I have already called 3 times and nobody has called me back. This is not the first time I have had to complain about this. I expect a refund and a clear explanation.,Resolved after investigation,28.53
CMP-002902,2026-06-10,Credit card,Branch,Retail,59.0,15.8,5.0,152.69,0.0,1.0,10.0,117.0,-0.33,The cash-advance fee of 153 euros on my card is not the one stated in the terms. I am very disappointed with how this has been handled.,Resolved after investigation,48.52
CMP-002903,2026-06-11,Investments,Web form,Retail,79.0,11.6,4.0,1736.58,0.0,2.0,31.0,202.0,-0.45,"My advisor moved my savings into a fund I never approved and the position is now 1,737 euros below what I invested. I am very disappointed with how this has been handled.",Resolved after investigation,817.03
CMP-002904,2026-06-11,Mortgage,Mobile app,Retail,,3.3,2.0,2388.26,2.0,6.0,59.0,205.0,-0.46,"The interest rate applied to my mortgage does not match the offer I signed, and I have overpaid 2,388 euros. This is my sixth attempt to get an answer from you. This is not the first time I have had to complain about this. The problem dates back more than a month and is still open. This has caused me a lot of stress and wasted time.",Resolved after investigation,869.04
CMP-002905,2026-06-11,Credit card,Phone,Retail,52.0,9.1,3.0,2431.44,3.0,4.0,42.0,,,,Escalated to ombudsman,2267.28
CMP-002906,2026-06-11,Mortgage,Phone,SME,52.0,14.1,6.0,2243.85,0.0,1.0,41.0,136.0,-0.19,"An insurance premium of 2,244 euros was added to my mortgage instalment without my consent. I would like this to be checked and corrected.",Resolved after investigation,557.18
CMP-002907,2026-06-11,Current account,Web form,Retail,56.0,14.1,6.0,123.44,0.0,2.0,15.0,141.0,-0.04,"My current account was blocked for three days without any notice, and a transfer of 123 euros bounced. I assume it is a mistake, but it needs to be resolved.",Resolved at first contact,0.0
CMP-002908,2026-06-11,Mortgage,Mobile app,SME,49.0,9.1,4.0,716.73,1.0,1.0,41.0,158.0,-0.04,My request to renegotiate the mortgage has been pending for weeks and the delay has cost me 717 euros. Please let me know what happened and how it will be fixed.,Resolved at first contact,0.0
CMP-002909,2026-06-12,Investments,Phone,Affluent,56.0,9.7,6.0,619.51,0.0,2.0,26.0,,,,Resolved at first contact,0.0
CMP-002910,2026-06-12,Insurance,Email,Retail,65.0,20.7,8.0,2058.47,2.0,2.0,14.0,179.0,-0.51,"The insurance policy was renewed and 2,058 euros charged although I had cancelled it in writing. This is not the first time I have had to complain about this. I am very disappointed with how this has been handled.",Resolved after investigation,645.04
CMP-002911,2026-06-12,Personal loan,Phone,Retail,67.0,23.3,7.0,706.57,0.0,2.0,46.0,,,,Resolved after investigation,299.18
CMP-002912,2026-06-12,Personal loan,Mobile app,Retail,32.0,0.1,2.0,130.57,0.0,1.0,7.0,112.0,0.25,"The instalment taken for my loan is 131 euros higher than the amount agreed in the contract. I have always been happy with the bank, so I am sure this can be sorted out quickly.",Resolved at first contact,0.0
CMP-002913,2026-06-12,Personal loan,Phone,Retail,,13.6,5.0,1392.26,1.0,2.0,29.0,,,,Resolved after investigation,457.99
CMP-002914,2026-06-12,Credit card,Social media,Private,26.0,6.2,4.0,1148.32,3.0,3.0,46.0,214.0,-1.0,"My card was charged twice for the same purchase of 1,148 euros. After 3 contacts with the branch and the call centre, nothing has changed. This is not the first time I have had to complain about this. The problem dates back more than a month and is still open. If this is not resolved within a week I will take it to the ombudsman.",Escalated to ombudsman,1505.64
CMP-002915,2026-06-13,Current account,Mobile app,Affluent,60.0,20.0,8.0,495.16,1.0,1.0,19.0,124.0,-0.04,"My current account was blocked for three days without any notice, and a transfer of 495 euros bounced. I would like this to be checked and corrected.",Resolved at first contact,0.0
CMP-002916,2026-06-14,Personal loan,Phone,SME,45.0,15.2,6.0,1399.97,2.0,1.0,36.0,,,,Resolved after investigation,647.78
CMP-002917,2026-06-14,Investments,Web form,Affluent,42.0,9.9,4.0,180.98,0.0,0.0,18.0,53.0,0.26,I asked to sell my fund units on the 27th; the order was executed days later at a loss of 181 euros. Thank you in advance for looking into it.,Resolved at first contact,11.91
CMP-002918,2026-06-15,Mortgage,Web form,Affluent,58.0,12.7,5.0,1745.12,0.0,1.0,26.0,179.0,-0.07,"An insurance premium of 1,745 euros was added to my mortgage instalment without my consent. Please let me know what happened and how it will be fixed.",Resolved after investigation,673.55
CMP-002919,2026-06-15,Credit card,Branch,Retail,24.0,1.9,2.0,2383.81,2.0,5.0,37.0,,,,Escalated to ombudsman,1911.64
CMP-002920,2026-06-15,Personal loan,Branch,Retail,55.0,10.7,4.0,585.46,0.0,2.0,9.0,,,,Resolved at first contact,0.0
CMP-002921,2026-06-15,Investments,Social media,SME,43.0,6.5,2.0,3770.81,1.0,4.0,31.0,172.0,-0.2,"I asked to sell my fund units on the 8th; the order was executed days later at a loss of 3,771 euros. This is my fourth attempt to get an answer from you. I would like this to be checked and corrected.",Resolved after investigation,0.0
CMP-002922,2026-06-15,Current account,Email,Retail,31.0,1.6,2.0,161.03,0.0,1.0,0.0,152.0,-0.2,I was charged 161 euros in fees that were never mentioned when I opened the account. Please let me know what happened and how it will be fixed.,Resolved at first contact,0.0
CMP-002923,2026-06-15,Insurance,Phone,Retail,51.0,7.0,4.0,,2.0,3.0,11.0,,,,Resolved after investigation,154.26
CMP-002924,2026-06-15,Current account,Web form,Retail,,0.5,2.0,995.57,1.0,3.0,14.0,210.0,-0.13,I was charged 996 euros in fees that were never mentioned when I opened the account. This is my third attempt to get an answer from you. Please let me know what happened and how it will be fixed.,Resolved after investigation,128.14
CMP-002925,2026-06-16,Current account,Phone,Affluent,28.0,0.1,2.0,541.87,0.0,2.0,10.0,,,,Resolved at first contact,0.0
CMP-002926,2026-06-16,Mortgage,Phone,Retail,62.0,9.2,4.0,,1.0,4.0,41.0,,,,Escalated to ombudsman,1286.27
CMP-002927,2026-06-16,Credit card,Branch,Retail,52.0,8.5,3.0,190.66,1.0,3.0,25.0,,,,Resolved after investigation,61.85
CMP-002928,2026-06-16,Insurance,Phone,Affluent,40.0,3.0,3.0,628.82,1.0,2.0,22.0,,,,Resolved after investigation,107.82
CMP-002929,2026-06-16,Current account,Mobile app,Retail,23.0,0.1,1.0,233.78,1.0,4.0,15.0,166.0,-0.19,"An unauthorised direct debit of 234 euros was taken from my current account on the 27th. After 4 contacts with the branch and the call centre, nothing has changed. I would like this to be checked and corrected.",Resolved at first contact,44.08
CMP-002930,2026-06-16,Credit card,Email,Retail,45.0,1.2,2.0,39.41,0.0,1.0,18.0,162.0,-0.02,"My card was charged twice for the same purchase of 39 euros. I assume it is a mistake, but it needs to be resolved.",Resolved at first contact,0.0
CMP-002931,2026-06-17,Credit card,Email,Retail,37.0,7.2,3.0,156.22,1.0,3.0,29.0,210.0,-0.13,"There is a transaction of 156 euros on my card statement that I never made. This is my third attempt to get an answer from you. I assume it is a mistake, but it needs to be resolved.",Resolved at first contact,0.0
CMP-002932,2026-06-17,Credit card,Phone,Private,,8.8,5.0,1106.84,3.0,2.0,33.0,,,,Resolved after investigation,218.33
CMP-002933,2026-06-18,Personal loan,Phone,unknown,48.0,10.1,5.0,218.52,1.0,2.0,24.0,157.0,-0.28,My loan application was rejected after 8 days and the 219 euros I paid for the appraisal were not refunded. I expect a refund and a clear explanation.,Resolved after investigation,107.46
CMP-002934,2026-06-18,Current account,Phone,Retail,50.0,19.0,6.0,21.99,0.0,0.0,9.0,27.0,-0.08,An unauthorised direct debit of 22 euros was taken from my current account on the 4th. I would like this to be checked and corrected.,Resolved at first contact,0.0
CMP-002935,2026-06-18,Credit card,Branch,Retail,57.0,10.5,4.0,591.02,0.0,3.0,25.0,106.0,0.03,"My card was blocked while I was abroad and I had to pay 591 euros in cash with no explanation. After 3 contacts with the branch and the call centre, nothing has changed. I would like this to be checked and corrected.",Resolved at first contact,0.0
CMP-002936,2026-06-18,Current account,Email,Retail,58.0,18.1,6.0,159.79,0.0,0.0,12.0,132.0,-0.23,I was charged 160 euros in fees that were never mentioned when I opened the account. This has caused me a lot of stress and wasted time.,Resolved at first contact,0.0
CMP-002937,2026-06-18,Credit card,Phone,Private,57.0,2.7,4.0,410.71,3.0,5.0,34.0,224.0,-0.26,"My card was blocked while I was abroad and I had to pay 411 euros in cash with no explanation. After 5 contacts with the branch and the call centre, nothing has changed. This is not the first time I have had to complain about this. This has caused me a lot of stress and wasted time.",Resolved at first contact,0.0
CMP-002938,2026-06-18,Personal loan,Web form,Retail,33.0,4.2,2.0,784.94,1.0,4.0,27.0,226.0,-0.27,The instalment taken for my loan is 785 euros higher than the amount agreed in the contract. I have already called 4 times and nobody has called me back. I expect a refund and a clear explanation.,Resolved after investigation,298.69
CMP-002939,2026-06-19,Insurance,Phone,Retail,71.0,20.9,7.0,206.74,1.0,1.0,44.0,,,,Resolved at first contact,0.0
CMP-002940,2026-06-19,Insurance,Phone,Retail,,12.9,5.0,423.13,1.0,2.0,23.0,,,,Resolved at first contact,0.0
CMP-002941,2026-06-19,Current account,Phone,Retail,53.0,0.7,1.0,137.96,2.0,3.0,21.0,245.0,-1.0,A transfer of 138 euros I sent on the 15th never reached the beneficiary and nobody can tell me where it is. This is my third attempt to get an answer from you. This is not the first time I have had to complain about this. I demand an immediate refund and a written apology.,Resolved after investigation,46.11
CMP-002942,2026-06-19,Credit card,Phone,SME,45.0,4.0,2.0,245.69,0.0,1.0,22.0,137.0,-0.23,My card was blocked while I was abroad and I had to pay 246 euros in cash with no explanation. I expect a refund and a clear explanation.,Resolved at first contact,0.0
CMP-002943,2026-06-20,Credit card,Branch,Retail,35.0,0.1,1.0,795.61,2.0,3.0,32.0,,,,Resolved at first contact,0.0
CMP-002944,2026-06-20,Mortgage,Phone,Retail,69.0,17.3,7.0,3738.79,0.0,2.0,37.0,183.0,-0.17,"My request to renegotiate the mortgage has been pending for weeks and the delay has cost me 3,739 euros. I assume it is a mistake, but it needs to be resolved.",Resolved at first contact,0.0
CMP-002945,2026-06-21,Current account,Branch,Retail,56.0,19.1,6.0,243.71,0.0,4.0,36.0,,,,Resolved at first contact,0.0
CMP-002946,2026-06-22,Credit card,Phone,Affluent,58.0,12.7,6.0,430.46,1.0,3.0,33.0,,,,Resolved after investigation,142.37
CMP-002947,2026-06-22,Credit card,Phone,Retail,49.0,13.3,6.0,50.07,0.0,0.0,12.0,,,,Resolved at first contact,0.0
CMP-002948,2026-06-22,Credit card,Phone,Retail,54.0,9.6,5.0,1839.51,2.0,4.0,46.0,,,,Resolved after investigation,549.19
CMP-002949,2026-06-22,Credit card,Phone,Retail,28.0,8.1,4.0,243.9,0.0,3.0,20.0,122.0,-0.33,My card was charged twice for the same purchase of 244 euros. I have already called 3 times and nobody has called me back. I expect a refund and a clear explanation.,Resolved after investigation,43.19
CMP-002950,2026-06-22,Credit card,Web form,Retail,53.0,13.2,5.0,162.45,1.0,1.0,12.0,191.0,0.08,There is a transaction of 162 euros on my card statement that I never made. Please let me know what happened and how it will be fixed.,Resolved at first contact,0.0
CMP-002951,2026-06-22,Personal loan,Phone,SME,79.0,16.9,6.0,1269.94,2.0,3.0,26.0,217.0,0.0,"My loan application was rejected after 18 days and the 1,270 euros I paid for the appraisal were not refunded. I have already called 3 times and nobody has called me back. This is not the first time I have had to complain about this. I assume it is a mistake, but it needs to be resolved.",Escalated to ombudsman,815.55
CMP-002952,2026-06-22,Current account,Web form,SME,39.0,8.2,3.0,609.46,2.0,4.0,35.0,219.0,-0.65,"An unauthorised direct debit of 609 euros was taken from my current account on the 14th. After 4 contacts with the branch and the call centre, nothing has changed. This is not the first time I have had to complain about this. I have never been treated so badly by a bank.",Resolved after investigation,264.1
CMP-002953,2026-06-22,Investments,Web form,Retail,66.0,20.0,7.0,207.5,0.0,0.0,21.0,96.0,0.24,I asked to sell my fund units on the 15th; the order was executed days later at a loss of 208 euros. Your staff have been helpful so far; I just need this last point solved.,Resolved at first contact,0.0
CMP-002954,2026-06-22,Insurance,Phone,Private,32.0,7.3,6.0,1307.32,1.0,2.0,16.0,186.0,-0.88,"My claim of 1,307 euros on the policy linked to my account was rejected without any explanation. I have never been treated so badly by a bank.",Escalated to ombudsman,1150.24
CMP-002955,2026-06-22,Personal loan,Phone,Private,73.0,15.2,8.0,764.46,0.0,2.0,13.0,,,,Resolved at first contact,0.0
CMP-002956,2026-06-22,Credit card,Phone,Retail,70.0,8.7,3.0,337.45,0.0,3.0,14.0,109.0,-0.3,There is a transaction of 337 euros on my card statement that I never made. I have already called 3 times and nobody has called me back. I am very disappointed with how this has been handled.,Resolved at first contact,0.0
CMP-002957,2026-06-22,Current account,Phone,Private,41.0,4.3,4.0,148.72,0.0,0.0,0.0,92.0,0.07,An unauthorised direct debit of 149 euros was taken from my current account on the 13th. I would like this to be checked and corrected.,Resolved at first contact,0.0
CMP-002958,2026-06-22,Credit card,Branch,Private,56.0,8.6,7.0,856.76,1.0,0.0,26.0,,,,Resolved at first contact,0.0
CMP-002959,2026-06-23,Credit card,Mobile app,Retail,43.0,4.5,1.0,100.17,1.0,1.0,13.0,131.0,0.07,"My card was blocked while I was abroad and I had to pay 100 euros in cash with no explanation. I assume it is a mistake, but it needs to be resolved.",Resolved at first contact,0.0
CMP-002960,2026-06-23,Credit card,Phone,Affluent,50.0,12.9,5.0,613.85,1.0,2.0,27.0,,,,Resolved after investigation,215.2
CMP-002961,2026-06-23,Credit card,Branch,Affluent,83.0,17.5,7.0,550.37,2.0,0.0,9.0,,,,Resolved at first contact,0.0
CMP-002962,2026-06-23,Insurance,Phone,Retail,24.0,2.4,1.0,114.69,2.0,3.0,23.0,,,,Resolved after investigation,26.38
CMP-002963,2026-06-23,Mortgage,Web form,Retail,62.0,18.1,6.0,281.57,0.0,0.0,22.0,55.0,0.44,My request to renegotiate the mortgage has been pending for weeks and the delay has cost me 282 euros. Thank you in advance for looking into it.,Resolved at first contact,0.0
CMP-002964,2026-06-24,Credit card,Phone,Retail,41.0,4.7,2.0,155.99,0.0,2.0,3.0,,,,Resolved at first contact,0.0
CMP-002965,2026-06-24,Insurance,Mobile app,Retail,35.0,0.1,2.0,409.51,0.0,1.0,4.0,121.0,-0.02,The insurance policy was renewed and 410 euros charged although I had cancelled it in writing. Please let me know what happened and how it will be fixed.,Resolved at first contact,0.0
CMP-002966,2026-06-24,Personal loan,Branch,Retail,66.0,13.5,4.0,403.7,0.0,1.0,14.0,100.0,-0.28,"I asked to repay my loan early and the fee applied, 404 euros, is far above what the contract says. I expect a refund and a clear explanation.",Resolved at first contact,0.0
CMP-002967,2026-06-24,Current account,Phone,Retail,23.0,3.8,4.0,134.59,2.0,3.0,35.0,170.0,-0.82,"My current account was blocked for three days without any notice, and a transfer of 135 euros bounced. This is my third attempt to get an answer from you. This is not the first time I have had to complain about this. I have never been treated so badly by a bank.",Resolved at first contact,0.0
CMP-002968,2026-06-24,Credit card,Email,Affluent,67.0,23.9,8.0,12695.76,2.0,6.0,48.0,296.0,-0.83,"My card was blocked while I was abroad and I had to pay 12,696 euros in cash with no explanation. After 6 contacts with the branch and the call centre, nothing has changed. This is not the first time I have had to complain about this. The problem dates back more than a month and is still open. If this is not resolved within a week I will take it to the ombudsman.",Escalated to ombudsman,5385.85
CMP-002969,2026-06-24,Investments,Phone,Retail,50.0,13.0,5.0,585.76,1.0,3.0,37.0,,,,Resolved at first contact,0.0
CMP-002970,2026-06-25,Current account,Web form,Affluent,22.0,1.9,3.0,,2.0,4.0,21.0,172.0,-0.64,An unauthorised direct debit of 847 euros was taken from my current account on the 17th. This is my fourth attempt to get an answer from you. This is not the first time I have had to complain about this. I have never been treated so badly by a bank.,Escalated to ombudsman,1113.98
CMP-002971,2026-06-26,Investments,Web form,Retail,,29.6,8.0,1691.91,2.0,3.0,50.0,184.0,-0.33,"I asked to sell my fund units on the 14th; the order was executed days later at a loss of 1,692 euros. This is my third attempt to get an answer from you. This is not the first time I have had to complain about this. The problem dates back more than a month and is still open. This has caused me a lot of stress and wasted time.",Escalated to ombudsman,1037.87
CMP-002972,2026-06-26,Personal loan,Mobile app,Retail,43.0,0.1,1.0,79.49,0.0,0.0,0.0,111.0,0.13,The instalment taken for my loan is 79 euros higher than the amount agreed in the contract. Please let me know what happened and how it will be fixed.,Resolved at first contact,0.0
CMP-002973,2026-06-26,Current account,Branch,Affluent,52.0,14.5,7.0,972.22,1.0,6.0,35.0,,,,Resolved after investigation,221.71
CMP-002974,2026-06-26,Credit card,Phone,Affluent,46.0,2.7,3.0,2708.7,3.0,5.0,31.0,,,,Escalated to ombudsman,2465.47
CMP-002975,2026-06-26,Investments,Phone,Retail,37.0,6.6,4.0,173.78,0.0,1.0,24.0,109.0,-0.17,"My advisor moved my savings into a fund I never approved and the position is now 174 euros below what I invested. I assume it is a mistake, but it needs to be resolved.",Resolved at first contact,0.0
CMP-002976,2026-06-26,Personal loan,Web form,Affluent,44.0,5.0,3.0,232.26,0.0,2.0,13.0,22.0,0.02,"I asked to repay my loan early and the fee applied, 232 euros, is far above what the contract says. I assume it is a mistake, but it needs to be resolved.",Resolved after investigation,26.28
CMP-002977,2026-06-26,Current account,Phone,Retail,45.0,2.4,1.0,30.29,0.0,0.0,1.0,33.0,-0.03,I was charged 30 euros in fees that were never mentioned when I opened the account. Please let me know what happened and how it will be fixed.,Resolved at first contact,0.0
CMP-002978,2026-06-27,Current account,Phone,Retail,55.0,7.7,3.0,104.61,1.0,3.0,50.0,204.0,-0.56,An unauthorised direct debit of 105 euros was taken from my current account on the 19th. I have already called 3 times and nobody has called me back. The problem dates back more than a month and is still open. If this is not resolved within a week I will take it to the ombudsman.,Resolved at first contact,0.0
CMP-002979,2026-06-27,Investments,Phone,Retail,43.0,16.3,6.0,2270.23,2.0,4.0,46.0,,,,Resolved after investigation,835.08
CMP-002980,2026-06-27,Insurance,Email,Retail,55.0,8.5,3.0,76.82,0.0,1.0,5.0,125.0,-0.04,My claim of 77 euros on the policy linked to my account was rejected without any explanation. Please let me know what happened and how it will be fixed.,Resolved at first contact,0.0
CMP-002981,2026-06-27,Credit card,Phone,Retail,44.0,15.7,4.0,176.64,0.0,1.0,17.0,,,,Resolved at first contact,0.0
CMP-002982,2026-06-28,Credit card,Phone,SME,71.0,6.2,2.0,207.88,0.0,4.0,18.0,183.0,-0.3,"The cash-advance fee of 208 euros on my card is not the one stated in the terms. After 4 contacts with the branch and the call centre, nothing has changed. This has caused me a lot of stress and wasted time.",Resolved after investigation,34.93
CMP-002983,2026-06-28,Current account,Phone,SME,62.0,10.5,4.0,645.3,1.0,2.0,7.0,,,,Resolved at first contact,0.0
CMP-002984,2026-06-29,Current account,Branch,Retail,54.0,8.1,3.0,91.21,1.0,3.0,25.0,,,,Resolved at first contact,0.0
CMP-002985,2026-06-29,Personal loan,Email,Affluent,61.0,10.9,6.0,213.85,0.0,2.0,11.0,192.0,-0.29,"I asked to repay my loan early and the fee applied, 214 euros, is far above what the contract says. This has caused me a lot of stress and wasted time.",Resolved at first contact,0.0
CMP-002985,2026-06-29,Personal loan,Email,Affluent,61.0,10.9,6.0,213.85,0.0,2.0,11.0,192.0,-0.29,"I asked to repay my loan early and the fee applied, 214 euros, is far above what the contract says. This has caused me a lot of stress and wasted time.",Resolved at first contact,0.0
CMP-002986,2026-06-29,Current account,Phone,Retail,34.0,11.8,4.0,92.63,1.0,2.0,9.0,90.0,-0.35,I was charged 93 euros in fees that were never mentioned when I opened the account. I expect a refund and a clear explanation.,Resolved at first contact,0.0
CMP-002987,2026-06-29,Current account,Mobile app,Retail,32.0,10.2,4.0,190.49,1.0,3.0,11.0,155.0,-0.11,"An unauthorised direct debit of 190 euros was taken from my current account on the 18th. After 3 contacts with the branch and the call centre, nothing has changed. I assume it is a mistake, but it needs to be resolved.",Resolved at first contact,31.36
CMP-002988,2026-06-29,Insurance,Phone,Retail,34.0,10.4,4.0,814.82,3.0,4.0,33.0,,,,Escalated to ombudsman,866.24
CMP-002989,2026-06-29,Current account,Branch,Retail,59.0,0.4,1.0,488.89,2.0,4.0,41.0,284.0,-1.0,A transfer of 489 euros I sent on the 6th never reached the beneficiary and nobody can tell me where it is. I have already called 4 times and nobody has called me back. This is not the first time I have had to complain about this. If this is not resolved within a week I will take it to the ombudsman.,Resolved after investigation,55.85
CMP-002990,2026-06-30,Credit card,Phone,Retail,54.0,11.3,5.0,970.97,2.0,6.0,45.0,218.0,-0.04,"My card was charged twice for the same purchase of 971 euros. I have already called 6 times and nobody has called me back. This is not the first time I have had to complain about this. I assume it is a mistake, but it needs to be resolved.",Resolved after investigation,282.47
CMP-002991,2026-06-30,Personal loan,Email,Retail,44.0,4.9,4.0,1276.28,0.0,1.0,21.0,141.0,-0.29,"I asked to repay my loan early and the fee applied, 1,276 euros, is far above what the contract says. This has caused me a lot of stress and wasted time.",Resolved at first contact,0.0
CMP-002992,2026-06-30,Current account,Mobile app,Retail,24.0,0.1,2.0,247.5,1.0,3.0,26.0,225.0,-0.24,"A transfer of 248 euros I sent on the 27th never reached the beneficiary and nobody can tell me where it is. After 3 contacts with the branch and the call centre, nothing has changed. I am very disappointed with how this has been handled.",Resolved at first contact,0.0
CMP-002993,2026-06-30,Current account,Email,Affluent,56.0,15.6,6.0,224.99,1.0,1.0,30.0,198.0,0.06,"A transfer of 225 euros I sent on the 26th never reached the beneficiary and nobody can tell me where it is. I assume it is a mistake, but it needs to be resolved.",Resolved at first contact,0.0
CMP-002994,2026-06-30,Mortgage,Phone,Retail,68.0,14.4,4.0,2948.58,2.0,3.0,37.0,,,,Escalated to ombudsman,2306.59
CMP-002995,2026-06-30,Credit card,Email,SME,65.0,18.1,6.0,1819.89,1.0,4.0,36.0,190.0,-0.52,"My card was charged twice for the same purchase of 1,820 euros. This is my fourth attempt to get an answer from you. I am very disappointed with how this has been handled.",Resolved after investigation,636.33
CMP-002996,2026-06-30,Current account,Email,Retail,58.0,14.9,6.0,116.55,0.0,2.0,16.0,74.0,0.03,"My current account was blocked for three days without any notice, and a transfer of 117 euros bounced. I assume it is a mistake, but it needs to be resolved.",Resolved at first contact,0.0
CMP-002997,2026-06-30,Investments,Phone,Retail,60.0,16.0,6.0,315.76,0.0,1.0,41.0,,,,Resolved at first contact,0.0
CMP-002998,2026-06-30,Insurance,Email,Retail,38.0,2.3,2.0,704.21,1.0,4.0,32.0,176.0,-0.09,"My claim of 704 euros on the policy linked to my account was rejected without any explanation. After 4 contacts with the branch and the call centre, nothing has changed. I assume it is a mistake, but it needs to be resolved.",Resolved at first contact,0.0
CMP-002999,2026-06-30,Mortgage,Web form,Retail,37.0,4.7,3.0,,2.0,3.0,42.0,214.0,-0.45,An insurance premium of 647 euros was added to my mortgage instalment without my consent. I have already called 3 times and nobody has called me back. This is not the first time I have had to complain about this. I expect a refund and a clear explanation.,Escalated to ombudsman,440.85
CMP-003000,2026-06-30,Personal loan,Social media,Retail,26.0,0.1,1.0,125.07,0.0,2.0,12.0,144.0,-0.11,The instalment taken for my loan is 125 euros higher than the amount agreed in the contract. Please let me know what happened and how it will be fixed.,Resolved after investigation,37.09
